ISO-10303-21;
HEADER;
/* Generated by software containing ST-Developer
 * from STEP Tools, Inc. (www.steptools.com) 
 */

FILE_DESCRIPTION(
/* description */ (''),
/* implementation_level */ '2;1');

FILE_NAME(
/* name */ 
'C:/Users/idiadmin/Dropbox/The Rabbit Hole/reference/JST connector 1x2
0  P1.25mm thru hole wafer A2.step',
/* time_stamp */ '2020-02-09T21:24:22+11:00',
/* author */ (''),
/* organization */ (''),
/* preprocessor_version */ 'ST-DEVELOPER v18',
/* originating_system */ 'Autodesk Translation Framework v8.12.0.6',
/* authorisation */ '');

FILE_SCHEMA (('AUTOMOTIVE_DESIGN { 1 0 10303 214 3 1 1 }'));
ENDSEC;

DATA;
#10=MECHANICAL_DESIGN_GEOMETRIC_PRESENTATION_REPRESENTATION('',(#32,#33,
#34,#35,#36,#37,#38,#39,#40,#41,#42,#43,#44,#45,#46,#47,#48,#49,#50,#51,
#52),#11963);
#11=ITEM_DEFINED_TRANSFORMATION($,$,#7579,#7995);
#12=(
REPRESENTATION_RELATIONSHIP($,$,#11974,#11973)
REPRESENTATION_RELATIONSHIP_WITH_TRANSFORMATION(#11)
SHAPE_REPRESENTATION_RELATIONSHIP()
);
#13=CONTEXT_DEPENDENT_SHAPE_REPRESENTATION(#12,#11972);
#14=NEXT_ASSEMBLY_USAGE_OCCURRENCE('pins:1','pins:1','pins:1',#11976,#11977,
'pins:1');
#15=FACE_BOUND('',#864,.T.);
#16=FACE_BOUND('',#865,.T.);
#17=FACE_BOUND('',#869,.T.);
#18=FACE_BOUND('',#870,.T.);
#19=FACE_BOUND('',#908,.T.);
#20=FACE_BOUND('',#909,.T.);
#21=FACE_BOUND('',#910,.T.);
#22=FACE_BOUND('',#911,.T.);
#23=FACE_BOUND('',#912,.T.);
#24=FACE_BOUND('',#913,.T.);
#25=FACE_BOUND('',#914,.T.);
#26=FACE_BOUND('',#915,.T.);
#27=FACE_BOUND('',#916,.T.);
#28=SHAPE_REPRESENTATION_RELATIONSHIP('SRR','None',#11974,#30);
#29=SHAPE_REPRESENTATION_RELATIONSHIP('SRR','None',#11973,#31);
#30=ADVANCED_BREP_SHAPE_REPRESENTATION('',(#53,#54,#55,#56,#57,#58,#59,
#60,#61,#62,#63,#64,#65,#66,#67,#68,#69,#70,#71,#72),#11962);
#31=ADVANCED_BREP_SHAPE_REPRESENTATION('',(#73),#11961);
#32=STYLED_ITEM('',(#11989),#53);
#33=STYLED_ITEM('',(#11989),#54);
#34=STYLED_ITEM('',(#11989),#55);
#35=STYLED_ITEM('',(#11989),#56);
#36=STYLED_ITEM('',(#11989),#57);
#37=STYLED_ITEM('',(#11989),#58);
#38=STYLED_ITEM('',(#11989),#59);
#39=STYLED_ITEM('',(#11989),#60);
#40=STYLED_ITEM('',(#11989),#61);
#41=STYLED_ITEM('',(#11989),#62);
#42=STYLED_ITEM('',(#11989),#63);
#43=STYLED_ITEM('',(#11989),#64);
#44=STYLED_ITEM('',(#11989),#65);
#45=STYLED_ITEM('',(#11989),#66);
#46=STYLED_ITEM('',(#11989),#67);
#47=STYLED_ITEM('',(#11989),#68);
#48=STYLED_ITEM('',(#11989),#69);
#49=STYLED_ITEM('',(#11989),#70);
#50=STYLED_ITEM('',(#11989),#71);
#51=STYLED_ITEM('',(#11989),#72);
#52=STYLED_ITEM('',(#11988),#73);
#53=MANIFOLD_SOLID_BREP('Body2',#7545);
#54=MANIFOLD_SOLID_BREP('Body5',#7546);
#55=MANIFOLD_SOLID_BREP('Body6',#7547);
#56=MANIFOLD_SOLID_BREP('Body7',#7548);
#57=MANIFOLD_SOLID_BREP('Body8',#7549);
#58=MANIFOLD_SOLID_BREP('Body9',#7550);
#59=MANIFOLD_SOLID_BREP('Body10',#7551);
#60=MANIFOLD_SOLID_BREP('Body11',#7552);
#61=MANIFOLD_SOLID_BREP('Body12',#7553);
#62=MANIFOLD_SOLID_BREP('Body13',#7554);
#63=MANIFOLD_SOLID_BREP('Body14',#7555);
#64=MANIFOLD_SOLID_BREP('Body15',#7556);
#65=MANIFOLD_SOLID_BREP('Body16',#7557);
#66=MANIFOLD_SOLID_BREP('Body17',#7558);
#67=MANIFOLD_SOLID_BREP('Body18',#7559);
#68=MANIFOLD_SOLID_BREP('Body19',#7560);
#69=MANIFOLD_SOLID_BREP('Body20',#7561);
#70=MANIFOLD_SOLID_BREP('Body21',#7562);
#71=MANIFOLD_SOLID_BREP('Body22',#7563);
#72=MANIFOLD_SOLID_BREP('Body23',#7564);
#73=MANIFOLD_SOLID_BREP('Body1',#7565);
#74=FACE_OUTER_BOUND('',#489,.T.);
#75=FACE_OUTER_BOUND('',#490,.T.);
#76=FACE_OUTER_BOUND('',#491,.T.);
#77=FACE_OUTER_BOUND('',#492,.T.);
#78=FACE_OUTER_BOUND('',#493,.T.);
#79=FACE_OUTER_BOUND('',#494,.T.);
#80=FACE_OUTER_BOUND('',#495,.T.);
#81=FACE_OUTER_BOUND('',#496,.T.);
#82=FACE_OUTER_BOUND('',#497,.T.);
#83=FACE_OUTER_BOUND('',#498,.T.);
#84=FACE_OUTER_BOUND('',#499,.T.);
#85=FACE_OUTER_BOUND('',#500,.T.);
#86=FACE_OUTER_BOUND('',#501,.T.);
#87=FACE_OUTER_BOUND('',#502,.T.);
#88=FACE_OUTER_BOUND('',#503,.T.);
#89=FACE_OUTER_BOUND('',#504,.T.);
#90=FACE_OUTER_BOUND('',#505,.T.);
#91=FACE_OUTER_BOUND('',#506,.T.);
#92=FACE_OUTER_BOUND('',#507,.T.);
#93=FACE_OUTER_BOUND('',#508,.T.);
#94=FACE_OUTER_BOUND('',#509,.T.);
#95=FACE_OUTER_BOUND('',#510,.T.);
#96=FACE_OUTER_BOUND('',#511,.T.);
#97=FACE_OUTER_BOUND('',#512,.T.);
#98=FACE_OUTER_BOUND('',#513,.T.);
#99=FACE_OUTER_BOUND('',#514,.T.);
#100=FACE_OUTER_BOUND('',#515,.T.);
#101=FACE_OUTER_BOUND('',#516,.T.);
#102=FACE_OUTER_BOUND('',#517,.T.);
#103=FACE_OUTER_BOUND('',#518,.T.);
#104=FACE_OUTER_BOUND('',#519,.T.);
#105=FACE_OUTER_BOUND('',#520,.T.);
#106=FACE_OUTER_BOUND('',#521,.T.);
#107=FACE_OUTER_BOUND('',#522,.T.);
#108=FACE_OUTER_BOUND('',#523,.T.);
#109=FACE_OUTER_BOUND('',#524,.T.);
#110=FACE_OUTER_BOUND('',#525,.T.);
#111=FACE_OUTER_BOUND('',#526,.T.);
#112=FACE_OUTER_BOUND('',#527,.T.);
#113=FACE_OUTER_BOUND('',#528,.T.);
#114=FACE_OUTER_BOUND('',#529,.T.);
#115=FACE_OUTER_BOUND('',#530,.T.);
#116=FACE_OUTER_BOUND('',#531,.T.);
#117=FACE_OUTER_BOUND('',#532,.T.);
#118=FACE_OUTER_BOUND('',#533,.T.);
#119=FACE_OUTER_BOUND('',#534,.T.);
#120=FACE_OUTER_BOUND('',#535,.T.);
#121=FACE_OUTER_BOUND('',#536,.T.);
#122=FACE_OUTER_BOUND('',#537,.T.);
#123=FACE_OUTER_BOUND('',#538,.T.);
#124=FACE_OUTER_BOUND('',#539,.T.);
#125=FACE_OUTER_BOUND('',#540,.T.);
#126=FACE_OUTER_BOUND('',#541,.T.);
#127=FACE_OUTER_BOUND('',#542,.T.);
#128=FACE_OUTER_BOUND('',#543,.T.);
#129=FACE_OUTER_BOUND('',#544,.T.);
#130=FACE_OUTER_BOUND('',#545,.T.);
#131=FACE_OUTER_BOUND('',#546,.T.);
#132=FACE_OUTER_BOUND('',#547,.T.);
#133=FACE_OUTER_BOUND('',#548,.T.);
#134=FACE_OUTER_BOUND('',#549,.T.);
#135=FACE_OUTER_BOUND('',#550,.T.);
#136=FACE_OUTER_BOUND('',#551,.T.);
#137=FACE_OUTER_BOUND('',#552,.T.);
#138=FACE_OUTER_BOUND('',#553,.T.);
#139=FACE_OUTER_BOUND('',#554,.T.);
#140=FACE_OUTER_BOUND('',#555,.T.);
#141=FACE_OUTER_BOUND('',#556,.T.);
#142=FACE_OUTER_BOUND('',#557,.T.);
#143=FACE_OUTER_BOUND('',#558,.T.);
#144=FACE_OUTER_BOUND('',#559,.T.);
#145=FACE_OUTER_BOUND('',#560,.T.);
#146=FACE_OUTER_BOUND('',#561,.T.);
#147=FACE_OUTER_BOUND('',#562,.T.);
#148=FACE_OUTER_BOUND('',#563,.T.);
#149=FACE_OUTER_BOUND('',#564,.T.);
#150=FACE_OUTER_BOUND('',#565,.T.);
#151=FACE_OUTER_BOUND('',#566,.T.);
#152=FACE_OUTER_BOUND('',#567,.T.);
#153=FACE_OUTER_BOUND('',#568,.T.);
#154=FACE_OUTER_BOUND('',#569,.T.);
#155=FACE_OUTER_BOUND('',#570,.T.);
#156=FACE_OUTER_BOUND('',#571,.T.);
#157=FACE_OUTER_BOUND('',#572,.T.);
#158=FACE_OUTER_BOUND('',#573,.T.);
#159=FACE_OUTER_BOUND('',#574,.T.);
#160=FACE_OUTER_BOUND('',#575,.T.);
#161=FACE_OUTER_BOUND('',#576,.T.);
#162=FACE_OUTER_BOUND('',#577,.T.);
#163=FACE_OUTER_BOUND('',#578,.T.);
#164=FACE_OUTER_BOUND('',#579,.T.);
#165=FACE_OUTER_BOUND('',#580,.T.);
#166=FACE_OUTER_BOUND('',#581,.T.);
#167=FACE_OUTER_BOUND('',#582,.T.);
#168=FACE_OUTER_BOUND('',#583,.T.);
#169=FACE_OUTER_BOUND('',#584,.T.);
#170=FACE_OUTER_BOUND('',#585,.T.);
#171=FACE_OUTER_BOUND('',#586,.T.);
#172=FACE_OUTER_BOUND('',#587,.T.);
#173=FACE_OUTER_BOUND('',#588,.T.);
#174=FACE_OUTER_BOUND('',#589,.T.);
#175=FACE_OUTER_BOUND('',#590,.T.);
#176=FACE_OUTER_BOUND('',#591,.T.);
#177=FACE_OUTER_BOUND('',#592,.T.);
#178=FACE_OUTER_BOUND('',#593,.T.);
#179=FACE_OUTER_BOUND('',#594,.T.);
#180=FACE_OUTER_BOUND('',#595,.T.);
#181=FACE_OUTER_BOUND('',#596,.T.);
#182=FACE_OUTER_BOUND('',#597,.T.);
#183=FACE_OUTER_BOUND('',#598,.T.);
#184=FACE_OUTER_BOUND('',#599,.T.);
#185=FACE_OUTER_BOUND('',#600,.T.);
#186=FACE_OUTER_BOUND('',#601,.T.);
#187=FACE_OUTER_BOUND('',#602,.T.);
#188=FACE_OUTER_BOUND('',#603,.T.);
#189=FACE_OUTER_BOUND('',#604,.T.);
#190=FACE_OUTER_BOUND('',#605,.T.);
#191=FACE_OUTER_BOUND('',#606,.T.);
#192=FACE_OUTER_BOUND('',#607,.T.);
#193=FACE_OUTER_BOUND('',#608,.T.);
#194=FACE_OUTER_BOUND('',#609,.T.);
#195=FACE_OUTER_BOUND('',#610,.T.);
#196=FACE_OUTER_BOUND('',#611,.T.);
#197=FACE_OUTER_BOUND('',#612,.T.);
#198=FACE_OUTER_BOUND('',#613,.T.);
#199=FACE_OUTER_BOUND('',#614,.T.);
#200=FACE_OUTER_BOUND('',#615,.T.);
#201=FACE_OUTER_BOUND('',#616,.T.);
#202=FACE_OUTER_BOUND('',#617,.T.);
#203=FACE_OUTER_BOUND('',#618,.T.);
#204=FACE_OUTER_BOUND('',#619,.T.);
#205=FACE_OUTER_BOUND('',#620,.T.);
#206=FACE_OUTER_BOUND('',#621,.T.);
#207=FACE_OUTER_BOUND('',#622,.T.);
#208=FACE_OUTER_BOUND('',#623,.T.);
#209=FACE_OUTER_BOUND('',#624,.T.);
#210=FACE_OUTER_BOUND('',#625,.T.);
#211=FACE_OUTER_BOUND('',#626,.T.);
#212=FACE_OUTER_BOUND('',#627,.T.);
#213=FACE_OUTER_BOUND('',#628,.T.);
#214=FACE_OUTER_BOUND('',#629,.T.);
#215=FACE_OUTER_BOUND('',#630,.T.);
#216=FACE_OUTER_BOUND('',#631,.T.);
#217=FACE_OUTER_BOUND('',#632,.T.);
#218=FACE_OUTER_BOUND('',#633,.T.);
#219=FACE_OUTER_BOUND('',#634,.T.);
#220=FACE_OUTER_BOUND('',#635,.T.);
#221=FACE_OUTER_BOUND('',#636,.T.);
#222=FACE_OUTER_BOUND('',#637,.T.);
#223=FACE_OUTER_BOUND('',#638,.T.);
#224=FACE_OUTER_BOUND('',#639,.T.);
#225=FACE_OUTER_BOUND('',#640,.T.);
#226=FACE_OUTER_BOUND('',#641,.T.);
#227=FACE_OUTER_BOUND('',#642,.T.);
#228=FACE_OUTER_BOUND('',#643,.T.);
#229=FACE_OUTER_BOUND('',#644,.T.);
#230=FACE_OUTER_BOUND('',#645,.T.);
#231=FACE_OUTER_BOUND('',#646,.T.);
#232=FACE_OUTER_BOUND('',#647,.T.);
#233=FACE_OUTER_BOUND('',#648,.T.);
#234=FACE_OUTER_BOUND('',#649,.T.);
#235=FACE_OUTER_BOUND('',#650,.T.);
#236=FACE_OUTER_BOUND('',#651,.T.);
#237=FACE_OUTER_BOUND('',#652,.T.);
#238=FACE_OUTER_BOUND('',#653,.T.);
#239=FACE_OUTER_BOUND('',#654,.T.);
#240=FACE_OUTER_BOUND('',#655,.T.);
#241=FACE_OUTER_BOUND('',#656,.T.);
#242=FACE_OUTER_BOUND('',#657,.T.);
#243=FACE_OUTER_BOUND('',#658,.T.);
#244=FACE_OUTER_BOUND('',#659,.T.);
#245=FACE_OUTER_BOUND('',#660,.T.);
#246=FACE_OUTER_BOUND('',#661,.T.);
#247=FACE_OUTER_BOUND('',#662,.T.);
#248=FACE_OUTER_BOUND('',#663,.T.);
#249=FACE_OUTER_BOUND('',#664,.T.);
#250=FACE_OUTER_BOUND('',#665,.T.);
#251=FACE_OUTER_BOUND('',#666,.T.);
#252=FACE_OUTER_BOUND('',#667,.T.);
#253=FACE_OUTER_BOUND('',#668,.T.);
#254=FACE_OUTER_BOUND('',#669,.T.);
#255=FACE_OUTER_BOUND('',#670,.T.);
#256=FACE_OUTER_BOUND('',#671,.T.);
#257=FACE_OUTER_BOUND('',#672,.T.);
#258=FACE_OUTER_BOUND('',#673,.T.);
#259=FACE_OUTER_BOUND('',#674,.T.);
#260=FACE_OUTER_BOUND('',#675,.T.);
#261=FACE_OUTER_BOUND('',#676,.T.);
#262=FACE_OUTER_BOUND('',#677,.T.);
#263=FACE_OUTER_BOUND('',#678,.T.);
#264=FACE_OUTER_BOUND('',#679,.T.);
#265=FACE_OUTER_BOUND('',#680,.T.);
#266=FACE_OUTER_BOUND('',#681,.T.);
#267=FACE_OUTER_BOUND('',#682,.T.);
#268=FACE_OUTER_BOUND('',#683,.T.);
#269=FACE_OUTER_BOUND('',#684,.T.);
#270=FACE_OUTER_BOUND('',#685,.T.);
#271=FACE_OUTER_BOUND('',#686,.T.);
#272=FACE_OUTER_BOUND('',#687,.T.);
#273=FACE_OUTER_BOUND('',#688,.T.);
#274=FACE_OUTER_BOUND('',#689,.T.);
#275=FACE_OUTER_BOUND('',#690,.T.);
#276=FACE_OUTER_BOUND('',#691,.T.);
#277=FACE_OUTER_BOUND('',#692,.T.);
#278=FACE_OUTER_BOUND('',#693,.T.);
#279=FACE_OUTER_BOUND('',#694,.T.);
#280=FACE_OUTER_BOUND('',#695,.T.);
#281=FACE_OUTER_BOUND('',#696,.T.);
#282=FACE_OUTER_BOUND('',#697,.T.);
#283=FACE_OUTER_BOUND('',#698,.T.);
#284=FACE_OUTER_BOUND('',#699,.T.);
#285=FACE_OUTER_BOUND('',#700,.T.);
#286=FACE_OUTER_BOUND('',#701,.T.);
#287=FACE_OUTER_BOUND('',#702,.T.);
#288=FACE_OUTER_BOUND('',#703,.T.);
#289=FACE_OUTER_BOUND('',#704,.T.);
#290=FACE_OUTER_BOUND('',#705,.T.);
#291=FACE_OUTER_BOUND('',#706,.T.);
#292=FACE_OUTER_BOUND('',#707,.T.);
#293=FACE_OUTER_BOUND('',#708,.T.);
#294=FACE_OUTER_BOUND('',#709,.T.);
#295=FACE_OUTER_BOUND('',#710,.T.);
#296=FACE_OUTER_BOUND('',#711,.T.);
#297=FACE_OUTER_BOUND('',#712,.T.);
#298=FACE_OUTER_BOUND('',#713,.T.);
#299=FACE_OUTER_BOUND('',#714,.T.);
#300=FACE_OUTER_BOUND('',#715,.T.);
#301=FACE_OUTER_BOUND('',#716,.T.);
#302=FACE_OUTER_BOUND('',#717,.T.);
#303=FACE_OUTER_BOUND('',#718,.T.);
#304=FACE_OUTER_BOUND('',#719,.T.);
#305=FACE_OUTER_BOUND('',#720,.T.);
#306=FACE_OUTER_BOUND('',#721,.T.);
#307=FACE_OUTER_BOUND('',#722,.T.);
#308=FACE_OUTER_BOUND('',#723,.T.);
#309=FACE_OUTER_BOUND('',#724,.T.);
#310=FACE_OUTER_BOUND('',#725,.T.);
#311=FACE_OUTER_BOUND('',#726,.T.);
#312=FACE_OUTER_BOUND('',#727,.T.);
#313=FACE_OUTER_BOUND('',#728,.T.);
#314=FACE_OUTER_BOUND('',#729,.T.);
#315=FACE_OUTER_BOUND('',#730,.T.);
#316=FACE_OUTER_BOUND('',#731,.T.);
#317=FACE_OUTER_BOUND('',#732,.T.);
#318=FACE_OUTER_BOUND('',#733,.T.);
#319=FACE_OUTER_BOUND('',#734,.T.);
#320=FACE_OUTER_BOUND('',#735,.T.);
#321=FACE_OUTER_BOUND('',#736,.T.);
#322=FACE_OUTER_BOUND('',#737,.T.);
#323=FACE_OUTER_BOUND('',#738,.T.);
#324=FACE_OUTER_BOUND('',#739,.T.);
#325=FACE_OUTER_BOUND('',#740,.T.);
#326=FACE_OUTER_BOUND('',#741,.T.);
#327=FACE_OUTER_BOUND('',#742,.T.);
#328=FACE_OUTER_BOUND('',#743,.T.);
#329=FACE_OUTER_BOUND('',#744,.T.);
#330=FACE_OUTER_BOUND('',#745,.T.);
#331=FACE_OUTER_BOUND('',#746,.T.);
#332=FACE_OUTER_BOUND('',#747,.T.);
#333=FACE_OUTER_BOUND('',#748,.T.);
#334=FACE_OUTER_BOUND('',#749,.T.);
#335=FACE_OUTER_BOUND('',#750,.T.);
#336=FACE_OUTER_BOUND('',#751,.T.);
#337=FACE_OUTER_BOUND('',#752,.T.);
#338=FACE_OUTER_BOUND('',#753,.T.);
#339=FACE_OUTER_BOUND('',#754,.T.);
#340=FACE_OUTER_BOUND('',#755,.T.);
#341=FACE_OUTER_BOUND('',#756,.T.);
#342=FACE_OUTER_BOUND('',#757,.T.);
#343=FACE_OUTER_BOUND('',#758,.T.);
#344=FACE_OUTER_BOUND('',#759,.T.);
#345=FACE_OUTER_BOUND('',#760,.T.);
#346=FACE_OUTER_BOUND('',#761,.T.);
#347=FACE_OUTER_BOUND('',#762,.T.);
#348=FACE_OUTER_BOUND('',#763,.T.);
#349=FACE_OUTER_BOUND('',#764,.T.);
#350=FACE_OUTER_BOUND('',#765,.T.);
#351=FACE_OUTER_BOUND('',#766,.T.);
#352=FACE_OUTER_BOUND('',#767,.T.);
#353=FACE_OUTER_BOUND('',#768,.T.);
#354=FACE_OUTER_BOUND('',#769,.T.);
#355=FACE_OUTER_BOUND('',#770,.T.);
#356=FACE_OUTER_BOUND('',#771,.T.);
#357=FACE_OUTER_BOUND('',#772,.T.);
#358=FACE_OUTER_BOUND('',#773,.T.);
#359=FACE_OUTER_BOUND('',#774,.T.);
#360=FACE_OUTER_BOUND('',#775,.T.);
#361=FACE_OUTER_BOUND('',#776,.T.);
#362=FACE_OUTER_BOUND('',#777,.T.);
#363=FACE_OUTER_BOUND('',#778,.T.);
#364=FACE_OUTER_BOUND('',#779,.T.);
#365=FACE_OUTER_BOUND('',#780,.T.);
#366=FACE_OUTER_BOUND('',#781,.T.);
#367=FACE_OUTER_BOUND('',#782,.T.);
#368=FACE_OUTER_BOUND('',#783,.T.);
#369=FACE_OUTER_BOUND('',#784,.T.);
#370=FACE_OUTER_BOUND('',#785,.T.);
#371=FACE_OUTER_BOUND('',#786,.T.);
#372=FACE_OUTER_BOUND('',#787,.T.);
#373=FACE_OUTER_BOUND('',#788,.T.);
#374=FACE_OUTER_BOUND('',#789,.T.);
#375=FACE_OUTER_BOUND('',#790,.T.);
#376=FACE_OUTER_BOUND('',#791,.T.);
#377=FACE_OUTER_BOUND('',#792,.T.);
#378=FACE_OUTER_BOUND('',#793,.T.);
#379=FACE_OUTER_BOUND('',#794,.T.);
#380=FACE_OUTER_BOUND('',#795,.T.);
#381=FACE_OUTER_BOUND('',#796,.T.);
#382=FACE_OUTER_BOUND('',#797,.T.);
#383=FACE_OUTER_BOUND('',#798,.T.);
#384=FACE_OUTER_BOUND('',#799,.T.);
#385=FACE_OUTER_BOUND('',#800,.T.);
#386=FACE_OUTER_BOUND('',#801,.T.);
#387=FACE_OUTER_BOUND('',#802,.T.);
#388=FACE_OUTER_BOUND('',#803,.T.);
#389=FACE_OUTER_BOUND('',#804,.T.);
#390=FACE_OUTER_BOUND('',#805,.T.);
#391=FACE_OUTER_BOUND('',#806,.T.);
#392=FACE_OUTER_BOUND('',#807,.T.);
#393=FACE_OUTER_BOUND('',#808,.T.);
#394=FACE_OUTER_BOUND('',#809,.T.);
#395=FACE_OUTER_BOUND('',#810,.T.);
#396=FACE_OUTER_BOUND('',#811,.T.);
#397=FACE_OUTER_BOUND('',#812,.T.);
#398=FACE_OUTER_BOUND('',#813,.T.);
#399=FACE_OUTER_BOUND('',#814,.T.);
#400=FACE_OUTER_BOUND('',#815,.T.);
#401=FACE_OUTER_BOUND('',#816,.T.);
#402=FACE_OUTER_BOUND('',#817,.T.);
#403=FACE_OUTER_BOUND('',#818,.T.);
#404=FACE_OUTER_BOUND('',#819,.T.);
#405=FACE_OUTER_BOUND('',#820,.T.);
#406=FACE_OUTER_BOUND('',#821,.T.);
#407=FACE_OUTER_BOUND('',#822,.T.);
#408=FACE_OUTER_BOUND('',#823,.T.);
#409=FACE_OUTER_BOUND('',#824,.T.);
#410=FACE_OUTER_BOUND('',#825,.T.);
#411=FACE_OUTER_BOUND('',#826,.T.);
#412=FACE_OUTER_BOUND('',#827,.T.);
#413=FACE_OUTER_BOUND('',#828,.T.);
#414=FACE_OUTER_BOUND('',#829,.T.);
#415=FACE_OUTER_BOUND('',#830,.T.);
#416=FACE_OUTER_BOUND('',#831,.T.);
#417=FACE_OUTER_BOUND('',#832,.T.);
#418=FACE_OUTER_BOUND('',#833,.T.);
#419=FACE_OUTER_BOUND('',#834,.T.);
#420=FACE_OUTER_BOUND('',#835,.T.);
#421=FACE_OUTER_BOUND('',#836,.T.);
#422=FACE_OUTER_BOUND('',#837,.T.);
#423=FACE_OUTER_BOUND('',#838,.T.);
#424=FACE_OUTER_BOUND('',#839,.T.);
#425=FACE_OUTER_BOUND('',#840,.T.);
#426=FACE_OUTER_BOUND('',#841,.T.);
#427=FACE_OUTER_BOUND('',#842,.T.);
#428=FACE_OUTER_BOUND('',#843,.T.);
#429=FACE_OUTER_BOUND('',#844,.T.);
#430=FACE_OUTER_BOUND('',#845,.T.);
#431=FACE_OUTER_BOUND('',#846,.T.);
#432=FACE_OUTER_BOUND('',#847,.T.);
#433=FACE_OUTER_BOUND('',#848,.T.);
#434=FACE_OUTER_BOUND('',#849,.T.);
#435=FACE_OUTER_BOUND('',#850,.T.);
#436=FACE_OUTER_BOUND('',#851,.T.);
#437=FACE_OUTER_BOUND('',#852,.T.);
#438=FACE_OUTER_BOUND('',#853,.T.);
#439=FACE_OUTER_BOUND('',#854,.T.);
#440=FACE_OUTER_BOUND('',#855,.T.);
#441=FACE_OUTER_BOUND('',#856,.T.);
#442=FACE_OUTER_BOUND('',#857,.T.);
#443=FACE_OUTER_BOUND('',#858,.T.);
#444=FACE_OUTER_BOUND('',#859,.T.);
#445=FACE_OUTER_BOUND('',#860,.T.);
#446=FACE_OUTER_BOUND('',#861,.T.);
#447=FACE_OUTER_BOUND('',#862,.T.);
#448=FACE_OUTER_BOUND('',#863,.T.);
#449=FACE_OUTER_BOUND('',#866,.T.);
#450=FACE_OUTER_BOUND('',#867,.T.);
#451=FACE_OUTER_BOUND('',#868,.T.);
#452=FACE_OUTER_BOUND('',#871,.T.);
#453=FACE_OUTER_BOUND('',#872,.T.);
#454=FACE_OUTER_BOUND('',#873,.T.);
#455=FACE_OUTER_BOUND('',#874,.T.);
#456=FACE_OUTER_BOUND('',#875,.T.);
#457=FACE_OUTER_BOUND('',#876,.T.);
#458=FACE_OUTER_BOUND('',#877,.T.);
#459=FACE_OUTER_BOUND('',#878,.T.);
#460=FACE_OUTER_BOUND('',#879,.T.);
#461=FACE_OUTER_BOUND('',#880,.T.);
#462=FACE_OUTER_BOUND('',#881,.T.);
#463=FACE_OUTER_BOUND('',#882,.T.);
#464=FACE_OUTER_BOUND('',#883,.T.);
#465=FACE_OUTER_BOUND('',#884,.T.);
#466=FACE_OUTER_BOUND('',#885,.T.);
#467=FACE_OUTER_BOUND('',#886,.T.);
#468=FACE_OUTER_BOUND('',#887,.T.);
#469=FACE_OUTER_BOUND('',#888,.T.);
#470=FACE_OUTER_BOUND('',#889,.T.);
#471=FACE_OUTER_BOUND('',#890,.T.);
#472=FACE_OUTER_BOUND('',#891,.T.);
#473=FACE_OUTER_BOUND('',#892,.T.);
#474=FACE_OUTER_BOUND('',#893,.T.);
#475=FACE_OUTER_BOUND('',#894,.T.);
#476=FACE_OUTER_BOUND('',#895,.T.);
#477=FACE_OUTER_BOUND('',#896,.T.);
#478=FACE_OUTER_BOUND('',#897,.T.);
#479=FACE_OUTER_BOUND('',#898,.T.);
#480=FACE_OUTER_BOUND('',#899,.T.);
#481=FACE_OUTER_BOUND('',#900,.T.);
#482=FACE_OUTER_BOUND('',#901,.T.);
#483=FACE_OUTER_BOUND('',#902,.T.);
#484=FACE_OUTER_BOUND('',#903,.T.);
#485=FACE_OUTER_BOUND('',#904,.T.);
#486=FACE_OUTER_BOUND('',#905,.T.);
#487=FACE_OUTER_BOUND('',#906,.T.);
#488=FACE_OUTER_BOUND('',#907,.T.);
#489=EDGE_LOOP('',(#4655,#4656,#4657,#4658));
#490=EDGE_LOOP('',(#4659,#4660,#4661,#4662));
#491=EDGE_LOOP('',(#4663,#4664,#4665,#4666));
#492=EDGE_LOOP('',(#4667,#4668,#4669,#4670));
#493=EDGE_LOOP('',(#4671,#4672,#4673,#4674));
#494=EDGE_LOOP('',(#4675,#4676,#4677,#4678,#4679,#4680));
#495=EDGE_LOOP('',(#4681,#4682,#4683,#4684));
#496=EDGE_LOOP('',(#4685,#4686,#4687,#4688));
#497=EDGE_LOOP('',(#4689,#4690,#4691,#4692));
#498=EDGE_LOOP('',(#4693,#4694,#4695,#4696));
#499=EDGE_LOOP('',(#4697,#4698,#4699,#4700));
#500=EDGE_LOOP('',(#4701,#4702,#4703,#4704,#4705,#4706));
#501=EDGE_LOOP('',(#4707,#4708,#4709,#4710));
#502=EDGE_LOOP('',(#4711,#4712,#4713,#4714));
#503=EDGE_LOOP('',(#4715,#4716,#4717,#4718));
#504=EDGE_LOOP('',(#4719,#4720,#4721,#4722));
#505=EDGE_LOOP('',(#4723,#4724,#4725,#4726));
#506=EDGE_LOOP('',(#4727,#4728,#4729,#4730,#4731,#4732));
#507=EDGE_LOOP('',(#4733,#4734,#4735,#4736));
#508=EDGE_LOOP('',(#4737,#4738,#4739,#4740));
#509=EDGE_LOOP('',(#4741,#4742,#4743,#4744));
#510=EDGE_LOOP('',(#4745,#4746,#4747,#4748));
#511=EDGE_LOOP('',(#4749,#4750,#4751,#4752));
#512=EDGE_LOOP('',(#4753,#4754,#4755,#4756,#4757,#4758));
#513=EDGE_LOOP('',(#4759,#4760,#4761,#4762));
#514=EDGE_LOOP('',(#4763,#4764,#4765,#4766));
#515=EDGE_LOOP('',(#4767,#4768,#4769,#4770));
#516=EDGE_LOOP('',(#4771,#4772,#4773,#4774));
#517=EDGE_LOOP('',(#4775,#4776,#4777,#4778));
#518=EDGE_LOOP('',(#4779,#4780,#4781,#4782,#4783,#4784));
#519=EDGE_LOOP('',(#4785,#4786,#4787,#4788));
#520=EDGE_LOOP('',(#4789,#4790,#4791,#4792));
#521=EDGE_LOOP('',(#4793,#4794,#4795,#4796));
#522=EDGE_LOOP('',(#4797,#4798,#4799,#4800));
#523=EDGE_LOOP('',(#4801,#4802,#4803,#4804));
#524=EDGE_LOOP('',(#4805,#4806,#4807,#4808,#4809,#4810));
#525=EDGE_LOOP('',(#4811,#4812,#4813,#4814));
#526=EDGE_LOOP('',(#4815,#4816,#4817,#4818));
#527=EDGE_LOOP('',(#4819,#4820,#4821,#4822));
#528=EDGE_LOOP('',(#4823,#4824,#4825,#4826));
#529=EDGE_LOOP('',(#4827,#4828,#4829,#4830));
#530=EDGE_LOOP('',(#4831,#4832,#4833,#4834,#4835,#4836));
#531=EDGE_LOOP('',(#4837,#4838,#4839,#4840));
#532=EDGE_LOOP('',(#4841,#4842,#4843,#4844));
#533=EDGE_LOOP('',(#4845,#4846,#4847,#4848));
#534=EDGE_LOOP('',(#4849,#4850,#4851,#4852));
#535=EDGE_LOOP('',(#4853,#4854,#4855,#4856));
#536=EDGE_LOOP('',(#4857,#4858,#4859,#4860,#4861,#4862));
#537=EDGE_LOOP('',(#4863,#4864,#4865,#4866));
#538=EDGE_LOOP('',(#4867,#4868,#4869,#4870));
#539=EDGE_LOOP('',(#4871,#4872,#4873,#4874));
#540=EDGE_LOOP('',(#4875,#4876,#4877,#4878));
#541=EDGE_LOOP('',(#4879,#4880,#4881,#4882));
#542=EDGE_LOOP('',(#4883,#4884,#4885,#4886,#4887,#4888));
#543=EDGE_LOOP('',(#4889,#4890,#4891,#4892));
#544=EDGE_LOOP('',(#4893,#4894,#4895,#4896));
#545=EDGE_LOOP('',(#4897,#4898,#4899,#4900));
#546=EDGE_LOOP('',(#4901,#4902,#4903,#4904));
#547=EDGE_LOOP('',(#4905,#4906,#4907,#4908));
#548=EDGE_LOOP('',(#4909,#4910,#4911,#4912,#4913,#4914));
#549=EDGE_LOOP('',(#4915,#4916,#4917,#4918));
#550=EDGE_LOOP('',(#4919,#4920,#4921,#4922));
#551=EDGE_LOOP('',(#4923,#4924,#4925,#4926));
#552=EDGE_LOOP('',(#4927,#4928,#4929,#4930));
#553=EDGE_LOOP('',(#4931,#4932,#4933,#4934));
#554=EDGE_LOOP('',(#4935,#4936,#4937,#4938,#4939,#4940));
#555=EDGE_LOOP('',(#4941,#4942,#4943,#4944));
#556=EDGE_LOOP('',(#4945,#4946,#4947,#4948));
#557=EDGE_LOOP('',(#4949,#4950,#4951,#4952));
#558=EDGE_LOOP('',(#4953,#4954,#4955,#4956));
#559=EDGE_LOOP('',(#4957,#4958,#4959,#4960));
#560=EDGE_LOOP('',(#4961,#4962,#4963,#4964,#4965,#4966));
#561=EDGE_LOOP('',(#4967,#4968,#4969,#4970));
#562=EDGE_LOOP('',(#4971,#4972,#4973,#4974));
#563=EDGE_LOOP('',(#4975,#4976,#4977,#4978));
#564=EDGE_LOOP('',(#4979,#4980,#4981,#4982));
#565=EDGE_LOOP('',(#4983,#4984,#4985,#4986));
#566=EDGE_LOOP('',(#4987,#4988,#4989,#4990,#4991,#4992));
#567=EDGE_LOOP('',(#4993,#4994,#4995,#4996));
#568=EDGE_LOOP('',(#4997,#4998,#4999,#5000));
#569=EDGE_LOOP('',(#5001,#5002,#5003,#5004));
#570=EDGE_LOOP('',(#5005,#5006,#5007,#5008));
#571=EDGE_LOOP('',(#5009,#5010,#5011,#5012));
#572=EDGE_LOOP('',(#5013,#5014,#5015,#5016,#5017,#5018));
#573=EDGE_LOOP('',(#5019,#5020,#5021,#5022));
#574=EDGE_LOOP('',(#5023,#5024,#5025,#5026));
#575=EDGE_LOOP('',(#5027,#5028,#5029,#5030));
#576=EDGE_LOOP('',(#5031,#5032,#5033,#5034));
#577=EDGE_LOOP('',(#5035,#5036,#5037,#5038));
#578=EDGE_LOOP('',(#5039,#5040,#5041,#5042,#5043,#5044));
#579=EDGE_LOOP('',(#5045,#5046,#5047,#5048));
#580=EDGE_LOOP('',(#5049,#5050,#5051,#5052));
#581=EDGE_LOOP('',(#5053,#5054,#5055,#5056));
#582=EDGE_LOOP('',(#5057,#5058,#5059,#5060));
#583=EDGE_LOOP('',(#5061,#5062,#5063,#5064));
#584=EDGE_LOOP('',(#5065,#5066,#5067,#5068,#5069,#5070));
#585=EDGE_LOOP('',(#5071,#5072,#5073,#5074));
#586=EDGE_LOOP('',(#5075,#5076,#5077,#5078));
#587=EDGE_LOOP('',(#5079,#5080,#5081,#5082));
#588=EDGE_LOOP('',(#5083,#5084,#5085,#5086));
#589=EDGE_LOOP('',(#5087,#5088,#5089,#5090));
#590=EDGE_LOOP('',(#5091,#5092,#5093,#5094,#5095,#5096));
#591=EDGE_LOOP('',(#5097,#5098,#5099,#5100));
#592=EDGE_LOOP('',(#5101,#5102,#5103,#5104));
#593=EDGE_LOOP('',(#5105,#5106,#5107,#5108));
#594=EDGE_LOOP('',(#5109,#5110,#5111,#5112));
#595=EDGE_LOOP('',(#5113,#5114,#5115,#5116));
#596=EDGE_LOOP('',(#5117,#5118,#5119,#5120,#5121,#5122));
#597=EDGE_LOOP('',(#5123,#5124,#5125,#5126));
#598=EDGE_LOOP('',(#5127,#5128,#5129,#5130));
#599=EDGE_LOOP('',(#5131,#5132,#5133,#5134));
#600=EDGE_LOOP('',(#5135,#5136,#5137,#5138));
#601=EDGE_LOOP('',(#5139,#5140,#5141,#5142));
#602=EDGE_LOOP('',(#5143,#5144,#5145,#5146,#5147,#5148));
#603=EDGE_LOOP('',(#5149,#5150,#5151,#5152));
#604=EDGE_LOOP('',(#5153,#5154,#5155,#5156));
#605=EDGE_LOOP('',(#5157,#5158,#5159,#5160));
#606=EDGE_LOOP('',(#5161,#5162,#5163,#5164));
#607=EDGE_LOOP('',(#5165,#5166,#5167,#5168));
#608=EDGE_LOOP('',(#5169,#5170,#5171,#5172,#5173,#5174));
#609=EDGE_LOOP('',(#5175,#5176,#5177,#5178));
#610=EDGE_LOOP('',(#5179,#5180,#5181,#5182));
#611=EDGE_LOOP('',(#5183,#5184,#5185,#5186));
#612=EDGE_LOOP('',(#5187,#5188,#5189,#5190));
#613=EDGE_LOOP('',(#5191,#5192,#5193,#5194));
#614=EDGE_LOOP('',(#5195,#5196,#5197,#5198,#5199,#5200));
#615=EDGE_LOOP('',(#5201,#5202,#5203,#5204));
#616=EDGE_LOOP('',(#5205,#5206,#5207,#5208));
#617=EDGE_LOOP('',(#5209,#5210,#5211,#5212));
#618=EDGE_LOOP('',(#5213,#5214,#5215,#5216));
#619=EDGE_LOOP('',(#5217,#5218,#5219,#5220));
#620=EDGE_LOOP('',(#5221,#5222,#5223,#5224,#5225,#5226));
#621=EDGE_LOOP('',(#5227,#5228,#5229,#5230));
#622=EDGE_LOOP('',(#5231,#5232,#5233,#5234));
#623=EDGE_LOOP('',(#5235,#5236,#5237,#5238));
#624=EDGE_LOOP('',(#5239,#5240,#5241,#5242));
#625=EDGE_LOOP('',(#5243,#5244,#5245,#5246));
#626=EDGE_LOOP('',(#5247,#5248,#5249,#5250,#5251,#5252));
#627=EDGE_LOOP('',(#5253,#5254,#5255,#5256));
#628=EDGE_LOOP('',(#5257,#5258,#5259,#5260));
#629=EDGE_LOOP('',(#5261,#5262,#5263,#5264));
#630=EDGE_LOOP('',(#5265,#5266,#5267,#5268));
#631=EDGE_LOOP('',(#5269,#5270,#5271,#5272));
#632=EDGE_LOOP('',(#5273,#5274,#5275,#5276,#5277,#5278));
#633=EDGE_LOOP('',(#5279,#5280,#5281,#5282));
#634=EDGE_LOOP('',(#5283,#5284,#5285,#5286));
#635=EDGE_LOOP('',(#5287,#5288,#5289,#5290));
#636=EDGE_LOOP('',(#5291,#5292,#5293,#5294));
#637=EDGE_LOOP('',(#5295,#5296,#5297,#5298));
#638=EDGE_LOOP('',(#5299,#5300,#5301,#5302,#5303,#5304));
#639=EDGE_LOOP('',(#5305,#5306,#5307,#5308));
#640=EDGE_LOOP('',(#5309,#5310,#5311,#5312));
#641=EDGE_LOOP('',(#5313,#5314,#5315,#5316));
#642=EDGE_LOOP('',(#5317,#5318,#5319,#5320));
#643=EDGE_LOOP('',(#5321,#5322,#5323,#5324));
#644=EDGE_LOOP('',(#5325,#5326,#5327,#5328,#5329,#5330));
#645=EDGE_LOOP('',(#5331,#5332,#5333,#5334));
#646=EDGE_LOOP('',(#5335,#5336,#5337,#5338));
#647=EDGE_LOOP('',(#5339,#5340,#5341,#5342));
#648=EDGE_LOOP('',(#5343,#5344,#5345,#5346));
#649=EDGE_LOOP('',(#5347,#5348,#5349,#5350));
#650=EDGE_LOOP('',(#5351,#5352,#5353,#5354,#5355,#5356));
#651=EDGE_LOOP('',(#5357,#5358,#5359,#5360));
#652=EDGE_LOOP('',(#5361,#5362,#5363,#5364));
#653=EDGE_LOOP('',(#5365,#5366,#5367,#5368));
#654=EDGE_LOOP('',(#5369,#5370,#5371,#5372));
#655=EDGE_LOOP('',(#5373,#5374,#5375,#5376));
#656=EDGE_LOOP('',(#5377,#5378,#5379,#5380,#5381,#5382));
#657=EDGE_LOOP('',(#5383,#5384,#5385,#5386));
#658=EDGE_LOOP('',(#5387,#5388,#5389,#5390));
#659=EDGE_LOOP('',(#5391,#5392,#5393,#5394));
#660=EDGE_LOOP('',(#5395,#5396,#5397,#5398));
#661=EDGE_LOOP('',(#5399,#5400,#5401,#5402));
#662=EDGE_LOOP('',(#5403,#5404,#5405,#5406,#5407,#5408));
#663=EDGE_LOOP('',(#5409,#5410,#5411,#5412));
#664=EDGE_LOOP('',(#5413,#5414,#5415,#5416));
#665=EDGE_LOOP('',(#5417,#5418,#5419,#5420));
#666=EDGE_LOOP('',(#5421,#5422,#5423,#5424));
#667=EDGE_LOOP('',(#5425,#5426,#5427,#5428));
#668=EDGE_LOOP('',(#5429,#5430,#5431,#5432,#5433,#5434));
#669=EDGE_LOOP('',(#5435,#5436,#5437,#5438));
#670=EDGE_LOOP('',(#5439,#5440,#5441,#5442));
#671=EDGE_LOOP('',(#5443,#5444,#5445,#5446));
#672=EDGE_LOOP('',(#5447,#5448,#5449,#5450));
#673=EDGE_LOOP('',(#5451,#5452,#5453,#5454));
#674=EDGE_LOOP('',(#5455,#5456,#5457,#5458,#5459,#5460));
#675=EDGE_LOOP('',(#5461,#5462,#5463,#5464));
#676=EDGE_LOOP('',(#5465,#5466,#5467,#5468));
#677=EDGE_LOOP('',(#5469,#5470,#5471,#5472));
#678=EDGE_LOOP('',(#5473,#5474,#5475,#5476));
#679=EDGE_LOOP('',(#5477,#5478,#5479,#5480));
#680=EDGE_LOOP('',(#5481,#5482,#5483,#5484,#5485,#5486));
#681=EDGE_LOOP('',(#5487,#5488,#5489,#5490));
#682=EDGE_LOOP('',(#5491,#5492,#5493,#5494));
#683=EDGE_LOOP('',(#5495,#5496,#5497,#5498));
#684=EDGE_LOOP('',(#5499,#5500,#5501,#5502));
#685=EDGE_LOOP('',(#5503,#5504,#5505,#5506));
#686=EDGE_LOOP('',(#5507,#5508,#5509,#5510,#5511,#5512));
#687=EDGE_LOOP('',(#5513,#5514,#5515,#5516));
#688=EDGE_LOOP('',(#5517,#5518,#5519,#5520));
#689=EDGE_LOOP('',(#5521,#5522,#5523,#5524));
#690=EDGE_LOOP('',(#5525,#5526,#5527,#5528));
#691=EDGE_LOOP('',(#5529,#5530,#5531,#5532));
#692=EDGE_LOOP('',(#5533,#5534,#5535,#5536,#5537,#5538));
#693=EDGE_LOOP('',(#5539,#5540,#5541,#5542));
#694=EDGE_LOOP('',(#5543,#5544,#5545,#5546));
#695=EDGE_LOOP('',(#5547,#5548,#5549,#5550));
#696=EDGE_LOOP('',(#5551,#5552,#5553,#5554));
#697=EDGE_LOOP('',(#5555,#5556,#5557,#5558));
#698=EDGE_LOOP('',(#5559,#5560,#5561,#5562,#5563,#5564));
#699=EDGE_LOOP('',(#5565,#5566,#5567,#5568));
#700=EDGE_LOOP('',(#5569,#5570,#5571,#5572));
#701=EDGE_LOOP('',(#5573,#5574,#5575,#5576));
#702=EDGE_LOOP('',(#5577,#5578,#5579,#5580));
#703=EDGE_LOOP('',(#5581,#5582,#5583,#5584));
#704=EDGE_LOOP('',(#5585,#5586,#5587,#5588,#5589,#5590));
#705=EDGE_LOOP('',(#5591,#5592,#5593,#5594));
#706=EDGE_LOOP('',(#5595,#5596,#5597,#5598));
#707=EDGE_LOOP('',(#5599,#5600,#5601,#5602));
#708=EDGE_LOOP('',(#5603,#5604,#5605,#5606));
#709=EDGE_LOOP('',(#5607,#5608,#5609,#5610));
#710=EDGE_LOOP('',(#5611,#5612,#5613,#5614,#5615,#5616));
#711=EDGE_LOOP('',(#5617,#5618,#5619,#5620));
#712=EDGE_LOOP('',(#5621,#5622,#5623,#5624));
#713=EDGE_LOOP('',(#5625,#5626,#5627,#5628));
#714=EDGE_LOOP('',(#5629,#5630,#5631,#5632));
#715=EDGE_LOOP('',(#5633,#5634,#5635,#5636));
#716=EDGE_LOOP('',(#5637,#5638,#5639,#5640,#5641,#5642));
#717=EDGE_LOOP('',(#5643,#5644,#5645,#5646));
#718=EDGE_LOOP('',(#5647,#5648,#5649,#5650));
#719=EDGE_LOOP('',(#5651,#5652,#5653,#5654));
#720=EDGE_LOOP('',(#5655,#5656,#5657,#5658));
#721=EDGE_LOOP('',(#5659,#5660,#5661,#5662));
#722=EDGE_LOOP('',(#5663,#5664,#5665,#5666,#5667,#5668));
#723=EDGE_LOOP('',(#5669,#5670,#5671,#5672));
#724=EDGE_LOOP('',(#5673,#5674,#5675,#5676));
#725=EDGE_LOOP('',(#5677,#5678,#5679,#5680));
#726=EDGE_LOOP('',(#5681,#5682,#5683,#5684));
#727=EDGE_LOOP('',(#5685,#5686,#5687,#5688));
#728=EDGE_LOOP('',(#5689,#5690,#5691,#5692,#5693,#5694));
#729=EDGE_LOOP('',(#5695,#5696,#5697,#5698));
#730=EDGE_LOOP('',(#5699,#5700,#5701,#5702));
#731=EDGE_LOOP('',(#5703,#5704,#5705,#5706));
#732=EDGE_LOOP('',(#5707,#5708,#5709,#5710));
#733=EDGE_LOOP('',(#5711,#5712,#5713,#5714));
#734=EDGE_LOOP('',(#5715,#5716,#5717,#5718));
#735=EDGE_LOOP('',(#5719,#5720,#5721,#5722));
#736=EDGE_LOOP('',(#5723,#5724,#5725,#5726));
#737=EDGE_LOOP('',(#5727,#5728,#5729,#5730));
#738=EDGE_LOOP('',(#5731,#5732,#5733,#5734));
#739=EDGE_LOOP('',(#5735,#5736,#5737,#5738));
#740=EDGE_LOOP('',(#5739,#5740,#5741,#5742));
#741=EDGE_LOOP('',(#5743,#5744,#5745,#5746));
#742=EDGE_LOOP('',(#5747,#5748,#5749,#5750));
#743=EDGE_LOOP('',(#5751,#5752,#5753,#5754));
#744=EDGE_LOOP('',(#5755,#5756,#5757,#5758));
#745=EDGE_LOOP('',(#5759,#5760,#5761,#5762));
#746=EDGE_LOOP('',(#5763,#5764,#5765,#5766));
#747=EDGE_LOOP('',(#5767,#5768,#5769,#5770));
#748=EDGE_LOOP('',(#5771,#5772,#5773,#5774));
#749=EDGE_LOOP('',(#5775,#5776,#5777,#5778));
#750=EDGE_LOOP('',(#5779,#5780,#5781,#5782));
#751=EDGE_LOOP('',(#5783,#5784,#5785,#5786));
#752=EDGE_LOOP('',(#5787,#5788,#5789,#5790));
#753=EDGE_LOOP('',(#5791,#5792,#5793,#5794));
#754=EDGE_LOOP('',(#5795,#5796,#5797,#5798));
#755=EDGE_LOOP('',(#5799,#5800,#5801,#5802));
#756=EDGE_LOOP('',(#5803,#5804,#5805,#5806));
#757=EDGE_LOOP('',(#5807,#5808,#5809,#5810));
#758=EDGE_LOOP('',(#5811,#5812,#5813,#5814));
#759=EDGE_LOOP('',(#5815,#5816,#5817,#5818));
#760=EDGE_LOOP('',(#5819,#5820,#5821,#5822));
#761=EDGE_LOOP('',(#5823,#5824,#5825,#5826));
#762=EDGE_LOOP('',(#5827,#5828,#5829,#5830));
#763=EDGE_LOOP('',(#5831,#5832,#5833,#5834));
#764=EDGE_LOOP('',(#5835,#5836,#5837,#5838));
#765=EDGE_LOOP('',(#5839,#5840,#5841,#5842));
#766=EDGE_LOOP('',(#5843,#5844,#5845,#5846));
#767=EDGE_LOOP('',(#5847,#5848,#5849,#5850));
#768=EDGE_LOOP('',(#5851,#5852,#5853,#5854));
#769=EDGE_LOOP('',(#5855,#5856,#5857,#5858));
#770=EDGE_LOOP('',(#5859,#5860,#5861,#5862));
#771=EDGE_LOOP('',(#5863,#5864,#5865,#5866));
#772=EDGE_LOOP('',(#5867,#5868,#5869,#5870));
#773=EDGE_LOOP('',(#5871,#5872,#5873,#5874));
#774=EDGE_LOOP('',(#5875,#5876,#5877,#5878));
#775=EDGE_LOOP('',(#5879,#5880,#5881,#5882));
#776=EDGE_LOOP('',(#5883,#5884,#5885,#5886));
#777=EDGE_LOOP('',(#5887,#5888,#5889,#5890));
#778=EDGE_LOOP('',(#5891,#5892,#5893,#5894));
#779=EDGE_LOOP('',(#5895,#5896,#5897,#5898));
#780=EDGE_LOOP('',(#5899,#5900,#5901,#5902));
#781=EDGE_LOOP('',(#5903,#5904,#5905,#5906));
#782=EDGE_LOOP('',(#5907,#5908,#5909,#5910));
#783=EDGE_LOOP('',(#5911,#5912,#5913,#5914));
#784=EDGE_LOOP('',(#5915,#5916,#5917,#5918));
#785=EDGE_LOOP('',(#5919,#5920,#5921,#5922));
#786=EDGE_LOOP('',(#5923,#5924,#5925,#5926));
#787=EDGE_LOOP('',(#5927,#5928,#5929,#5930,#5931,#5932));
#788=EDGE_LOOP('',(#5933,#5934,#5935,#5936,#5937,#5938));
#789=EDGE_LOOP('',(#5939,#5940,#5941,#5942));
#790=EDGE_LOOP('',(#5943,#5944,#5945,#5946,#5947,#5948));
#791=EDGE_LOOP('',(#5949,#5950,#5951,#5952,#5953,#5954));
#792=EDGE_LOOP('',(#5955,#5956,#5957,#5958));
#793=EDGE_LOOP('',(#5959,#5960,#5961,#5962,#5963,#5964));
#794=EDGE_LOOP('',(#5965,#5966,#5967,#5968,#5969,#5970));
#795=EDGE_LOOP('',(#5971,#5972,#5973,#5974));
#796=EDGE_LOOP('',(#5975,#5976,#5977,#5978,#5979,#5980));
#797=EDGE_LOOP('',(#5981,#5982,#5983,#5984,#5985,#5986));
#798=EDGE_LOOP('',(#5987,#5988,#5989,#5990));
#799=EDGE_LOOP('',(#5991,#5992,#5993,#5994,#5995,#5996));
#800=EDGE_LOOP('',(#5997,#5998,#5999,#6000,#6001,#6002));
#801=EDGE_LOOP('',(#6003,#6004,#6005,#6006));
#802=EDGE_LOOP('',(#6007,#6008,#6009,#6010,#6011,#6012));
#803=EDGE_LOOP('',(#6013,#6014,#6015,#6016,#6017,#6018));
#804=EDGE_LOOP('',(#6019,#6020,#6021,#6022));
#805=EDGE_LOOP('',(#6023,#6024,#6025,#6026,#6027,#6028));
#806=EDGE_LOOP('',(#6029,#6030,#6031,#6032,#6033,#6034));
#807=EDGE_LOOP('',(#6035,#6036,#6037,#6038));
#808=EDGE_LOOP('',(#6039,#6040,#6041,#6042,#6043,#6044));
#809=EDGE_LOOP('',(#6045,#6046,#6047,#6048,#6049,#6050));
#810=EDGE_LOOP('',(#6051,#6052,#6053,#6054));
#811=EDGE_LOOP('',(#6055,#6056,#6057,#6058,#6059,#6060));
#812=EDGE_LOOP('',(#6061,#6062,#6063,#6064,#6065,#6066));
#813=EDGE_LOOP('',(#6067,#6068,#6069,#6070));
#814=EDGE_LOOP('',(#6071,#6072,#6073,#6074));
#815=EDGE_LOOP('',(#6075,#6076,#6077,#6078));
#816=EDGE_LOOP('',(#6079,#6080,#6081,#6082));
#817=EDGE_LOOP('',(#6083,#6084,#6085,#6086));
#818=EDGE_LOOP('',(#6087,#6088,#6089,#6090));
#819=EDGE_LOOP('',(#6091,#6092,#6093,#6094));
#820=EDGE_LOOP('',(#6095,#6096,#6097,#6098));
#821=EDGE_LOOP('',(#6099,#6100,#6101,#6102));
#822=EDGE_LOOP('',(#6103,#6104,#6105,#6106));
#823=EDGE_LOOP('',(#6107,#6108,#6109,#6110));
#824=EDGE_LOOP('',(#6111,#6112,#6113,#6114));
#825=EDGE_LOOP('',(#6115,#6116,#6117,#6118));
#826=EDGE_LOOP('',(#6119,#6120,#6121,#6122));
#827=EDGE_LOOP('',(#6123,#6124,#6125,#6126));
#828=EDGE_LOOP('',(#6127,#6128,#6129,#6130));
#829=EDGE_LOOP('',(#6131,#6132,#6133,#6134));
#830=EDGE_LOOP('',(#6135,#6136,#6137,#6138));
#831=EDGE_LOOP('',(#6139,#6140,#6141,#6142));
#832=EDGE_LOOP('',(#6143,#6144,#6145,#6146));
#833=EDGE_LOOP('',(#6147,#6148,#6149,#6150));
#834=EDGE_LOOP('',(#6151,#6152,#6153,#6154));
#835=EDGE_LOOP('',(#6155,#6156,#6157,#6158));
#836=EDGE_LOOP('',(#6159,#6160,#6161,#6162));
#837=EDGE_LOOP('',(#6163,#6164,#6165,#6166));
#838=EDGE_LOOP('',(#6167,#6168,#6169,#6170));
#839=EDGE_LOOP('',(#6171,#6172,#6173,#6174));
#840=EDGE_LOOP('',(#6175,#6176,#6177,#6178));
#841=EDGE_LOOP('',(#6179,#6180,#6181,#6182));
#842=EDGE_LOOP('',(#6183,#6184,#6185,#6186));
#843=EDGE_LOOP('',(#6187,#6188,#6189,#6190));
#844=EDGE_LOOP('',(#6191,#6192,#6193,#6194));
#845=EDGE_LOOP('',(#6195,#6196,#6197,#6198));
#846=EDGE_LOOP('',(#6199,#6200,#6201,#6202));
#847=EDGE_LOOP('',(#6203,#6204,#6205,#6206));
#848=EDGE_LOOP('',(#6207,#6208,#6209,#6210));
#849=EDGE_LOOP('',(#6211,#6212,#6213,#6214));
#850=EDGE_LOOP('',(#6215,#6216,#6217,#6218));
#851=EDGE_LOOP('',(#6219,#6220,#6221,#6222));
#852=EDGE_LOOP('',(#6223,#6224,#6225,#6226));
#853=EDGE_LOOP('',(#6227,#6228,#6229,#6230));
#854=EDGE_LOOP('',(#6231,#6232,#6233,#6234));
#855=EDGE_LOOP('',(#6235,#6236,#6237,#6238));
#856=EDGE_LOOP('',(#6239,#6240,#6241,#6242));
#857=EDGE_LOOP('',(#6243,#6244,#6245,#6246));
#858=EDGE_LOOP('',(#6247,#6248,#6249,#6250));
#859=EDGE_LOOP('',(#6251,#6252,#6253,#6254,#6255,#6256,#6257,#6258,#6259,
#6260,#6261,#6262,#6263,#6264,#6265,#6266,#6267,#6268,#6269,#6270,#6271,
#6272,#6273,#6274,#6275,#6276,#6277,#6278,#6279,#6280,#6281,#6282,#6283,
#6284,#6285,#6286,#6287,#6288,#6289,#6290,#6291,#6292,#6293,#6294,#6295,
#6296,#6297,#6298,#6299,#6300,#6301,#6302,#6303,#6304,#6305,#6306,#6307,
#6308,#6309,#6310,#6311,#6312,#6313,#6314,#6315,#6316,#6317,#6318,#6319,
#6320,#6321,#6322,#6323,#6324,#6325,#6326,#6327,#6328,#6329,#6330,#6331,
#6332,#6333,#6334,#6335,#6336,#6337,#6338,#6339,#6340,#6341,#6342,#6343,
#6344,#6345,#6346,#6347,#6348,#6349,#6350,#6351,#6352,#6353,#6354));
#860=EDGE_LOOP('',(#6355,#6356,#6357,#6358,#6359,#6360,#6361,#6362));
#861=EDGE_LOOP('',(#6363,#6364,#6365,#6366));
#862=EDGE_LOOP('',(#6367,#6368,#6369,#6370));
#863=EDGE_LOOP('',(#6371,#6372,#6373,#6374));
#864=EDGE_LOOP('',(#6375,#6376,#6377,#6378));
#865=EDGE_LOOP('',(#6379,#6380,#6381,#6382));
#866=EDGE_LOOP('',(#6383,#6384,#6385,#6386,#6387,#6388));
#867=EDGE_LOOP('',(#6389,#6390,#6391,#6392,#6393,#6394,#6395,#6396,#6397,
#6398));
#868=EDGE_LOOP('',(#6399,#6400,#6401,#6402,#6403,#6404,#6405,#6406,#6407,
#6408,#6409,#6410,#6411,#6412,#6413,#6414,#6415,#6416,#6417,#6418,#6419,
#6420,#6421,#6422,#6423,#6424,#6425,#6426,#6427,#6428,#6429,#6430,#6431,
#6432,#6433,#6434,#6435,#6436,#6437,#6438,#6439,#6440,#6441,#6442,#6443,
#6444,#6445,#6446,#6447,#6448,#6449,#6450,#6451,#6452,#6453,#6454,#6455,
#6456,#6457,#6458,#6459,#6460,#6461,#6462,#6463,#6464,#6465,#6466,#6467,
#6468,#6469,#6470,#6471,#6472,#6473,#6474,#6475,#6476,#6477,#6478,#6479,
#6480,#6481,#6482,#6483,#6484,#6485,#6486));
#869=EDGE_LOOP('',(#6487,#6488,#6489,#6490));
#870=EDGE_LOOP('',(#6491,#6492,#6493,#6494));
#871=EDGE_LOOP('',(#6495,#6496,#6497,#6498));
#872=EDGE_LOOP('',(#6499,#6500,#6501,#6502));
#873=EDGE_LOOP('',(#6503,#6504,#6505,#6506));
#874=EDGE_LOOP('',(#6507,#6508,#6509,#6510));
#875=EDGE_LOOP('',(#6511,#6512,#6513,#6514));
#876=EDGE_LOOP('',(#6515,#6516,#6517,#6518));
#877=EDGE_LOOP('',(#6519,#6520,#6521,#6522,#6523,#6524,#6525,#6526,#6527,
#6528));
#878=EDGE_LOOP('',(#6529,#6530,#6531,#6532));
#879=EDGE_LOOP('',(#6533,#6534,#6535,#6536));
#880=EDGE_LOOP('',(#6537,#6538,#6539,#6540));
#881=EDGE_LOOP('',(#6541,#6542,#6543,#6544));
#882=EDGE_LOOP('',(#6545,#6546,#6547,#6548));
#883=EDGE_LOOP('',(#6549,#6550,#6551,#6552));
#884=EDGE_LOOP('',(#6553,#6554,#6555,#6556));
#885=EDGE_LOOP('',(#6557,#6558,#6559,#6560));
#886=EDGE_LOOP('',(#6561,#6562,#6563,#6564));
#887=EDGE_LOOP('',(#6565,#6566,#6567,#6568));
#888=EDGE_LOOP('',(#6569,#6570,#6571,#6572));
#889=EDGE_LOOP('',(#6573,#6574,#6575,#6576));
#890=EDGE_LOOP('',(#6577,#6578,#6579,#6580));
#891=EDGE_LOOP('',(#6581,#6582,#6583,#6584));
#892=EDGE_LOOP('',(#6585,#6586,#6587,#6588));
#893=EDGE_LOOP('',(#6589,#6590,#6591,#6592));
#894=EDGE_LOOP('',(#6593,#6594,#6595,#6596));
#895=EDGE_LOOP('',(#6597,#6598,#6599,#6600));
#896=EDGE_LOOP('',(#6601,#6602,#6603,#6604));
#897=EDGE_LOOP('',(#6605,#6606,#6607,#6608));
#898=EDGE_LOOP('',(#6609,#6610,#6611,#6612));
#899=EDGE_LOOP('',(#6613,#6614,#6615,#6616,#6617,#6618,#6619,#6620,#6621,
#6622,#6623,#6624,#6625,#6626,#6627,#6628,#6629,#6630,#6631,#6632));
#900=EDGE_LOOP('',(#6633,#6634,#6635,#6636));
#901=EDGE_LOOP('',(#6637,#6638,#6639,#6640));
#902=EDGE_LOOP('',(#6641,#6642,#6643,#6644));
#903=EDGE_LOOP('',(#6645,#6646,#6647,#6648));
#904=EDGE_LOOP('',(#6649,#6650,#6651,#6652,#6653,#6654));
#905=EDGE_LOOP('',(#6655,#6656,#6657,#6658,#6659,#6660));
#906=EDGE_LOOP('',(#6661,#6662,#6663,#6664,#6665,#6666));
#907=EDGE_LOOP('',(#6667,#6668,#6669,#6670,#6671,#6672,#6673,#6674,#6675,
#6676,#6677,#6678));
#908=EDGE_LOOP('',(#6679,#6680,#6681,#6682));
#909=EDGE_LOOP('',(#6683,#6684,#6685,#6686));
#910=EDGE_LOOP('',(#6687,#6688,#6689,#6690));
#911=EDGE_LOOP('',(#6691,#6692,#6693,#6694));
#912=EDGE_LOOP('',(#6695,#6696,#6697,#6698));
#913=EDGE_LOOP('',(#6699,#6700,#6701,#6702));
#914=EDGE_LOOP('',(#6703,#6704,#6705,#6706));
#915=EDGE_LOOP('',(#6707,#6708,#6709,#6710));
#916=EDGE_LOOP('',(#6711,#6712,#6713,#6714));
#917=LINE('',#9867,#1947);
#918=LINE('',#9869,#1948);
#919=LINE('',#9871,#1949);
#920=LINE('',#9872,#1950);
#921=LINE('',#9875,#1951);
#922=LINE('',#9877,#1952);
#923=LINE('',#9878,#1953);
#924=LINE('',#9881,#1954);
#925=LINE('',#9883,#1955);
#926=LINE('',#9884,#1956);
#927=LINE('',#9886,#1957);
#928=LINE('',#9887,#1958);
#929=LINE('',#9890,#1959);
#930=LINE('',#9892,#1960);
#931=LINE('',#9893,#1961);
#932=LINE('',#9896,#1962);
#933=LINE('',#9898,#1963);
#934=LINE('',#9900,#1964);
#935=LINE('',#9901,#1965);
#936=LINE('',#9905,#1966);
#937=LINE('',#9907,#1967);
#938=LINE('',#9908,#1968);
#939=LINE('',#9911,#1969);
#940=LINE('',#9912,#1970);
#941=LINE('',#9914,#1971);
#942=LINE('',#9916,#1972);
#943=LINE('',#9921,#1973);
#944=LINE('',#9923,#1974);
#945=LINE('',#9925,#1975);
#946=LINE('',#9926,#1976);
#947=LINE('',#9929,#1977);
#948=LINE('',#9931,#1978);
#949=LINE('',#9932,#1979);
#950=LINE('',#9935,#1980);
#951=LINE('',#9937,#1981);
#952=LINE('',#9938,#1982);
#953=LINE('',#9940,#1983);
#954=LINE('',#9941,#1984);
#955=LINE('',#9944,#1985);
#956=LINE('',#9946,#1986);
#957=LINE('',#9947,#1987);
#958=LINE('',#9950,#1988);
#959=LINE('',#9952,#1989);
#960=LINE('',#9954,#1990);
#961=LINE('',#9955,#1991);
#962=LINE('',#9959,#1992);
#963=LINE('',#9961,#1993);
#964=LINE('',#9962,#1994);
#965=LINE('',#9965,#1995);
#966=LINE('',#9966,#1996);
#967=LINE('',#9968,#1997);
#968=LINE('',#9970,#1998);
#969=LINE('',#9975,#1999);
#970=LINE('',#9977,#2000);
#971=LINE('',#9979,#2001);
#972=LINE('',#9980,#2002);
#973=LINE('',#9983,#2003);
#974=LINE('',#9985,#2004);
#975=LINE('',#9986,#2005);
#976=LINE('',#9989,#2006);
#977=LINE('',#9991,#2007);
#978=LINE('',#9992,#2008);
#979=LINE('',#9994,#2009);
#980=LINE('',#9995,#2010);
#981=LINE('',#9998,#2011);
#982=LINE('',#10000,#2012);
#983=LINE('',#10001,#2013);
#984=LINE('',#10004,#2014);
#985=LINE('',#10006,#2015);
#986=LINE('',#10008,#2016);
#987=LINE('',#10009,#2017);
#988=LINE('',#10013,#2018);
#989=LINE('',#10015,#2019);
#990=LINE('',#10016,#2020);
#991=LINE('',#10019,#2021);
#992=LINE('',#10020,#2022);
#993=LINE('',#10022,#2023);
#994=LINE('',#10024,#2024);
#995=LINE('',#10029,#2025);
#996=LINE('',#10031,#2026);
#997=LINE('',#10033,#2027);
#998=LINE('',#10034,#2028);
#999=LINE('',#10037,#2029);
#1000=LINE('',#10039,#2030);
#1001=LINE('',#10040,#2031);
#1002=LINE('',#10043,#2032);
#1003=LINE('',#10045,#2033);
#1004=LINE('',#10046,#2034);
#1005=LINE('',#10048,#2035);
#1006=LINE('',#10049,#2036);
#1007=LINE('',#10052,#2037);
#1008=LINE('',#10054,#2038);
#1009=LINE('',#10055,#2039);
#1010=LINE('',#10058,#2040);
#1011=LINE('',#10060,#2041);
#1012=LINE('',#10062,#2042);
#1013=LINE('',#10063,#2043);
#1014=LINE('',#10067,#2044);
#1015=LINE('',#10069,#2045);
#1016=LINE('',#10070,#2046);
#1017=LINE('',#10073,#2047);
#1018=LINE('',#10074,#2048);
#1019=LINE('',#10076,#2049);
#1020=LINE('',#10078,#2050);
#1021=LINE('',#10083,#2051);
#1022=LINE('',#10085,#2052);
#1023=LINE('',#10087,#2053);
#1024=LINE('',#10088,#2054);
#1025=LINE('',#10091,#2055);
#1026=LINE('',#10093,#2056);
#1027=LINE('',#10094,#2057);
#1028=LINE('',#10097,#2058);
#1029=LINE('',#10099,#2059);
#1030=LINE('',#10100,#2060);
#1031=LINE('',#10102,#2061);
#1032=LINE('',#10103,#2062);
#1033=LINE('',#10106,#2063);
#1034=LINE('',#10108,#2064);
#1035=LINE('',#10109,#2065);
#1036=LINE('',#10112,#2066);
#1037=LINE('',#10114,#2067);
#1038=LINE('',#10116,#2068);
#1039=LINE('',#10117,#2069);
#1040=LINE('',#10121,#2070);
#1041=LINE('',#10123,#2071);
#1042=LINE('',#10124,#2072);
#1043=LINE('',#10127,#2073);
#1044=LINE('',#10128,#2074);
#1045=LINE('',#10130,#2075);
#1046=LINE('',#10132,#2076);
#1047=LINE('',#10137,#2077);
#1048=LINE('',#10139,#2078);
#1049=LINE('',#10141,#2079);
#1050=LINE('',#10142,#2080);
#1051=LINE('',#10145,#2081);
#1052=LINE('',#10147,#2082);
#1053=LINE('',#10148,#2083);
#1054=LINE('',#10151,#2084);
#1055=LINE('',#10153,#2085);
#1056=LINE('',#10154,#2086);
#1057=LINE('',#10156,#2087);
#1058=LINE('',#10157,#2088);
#1059=LINE('',#10160,#2089);
#1060=LINE('',#10162,#2090);
#1061=LINE('',#10163,#2091);
#1062=LINE('',#10166,#2092);
#1063=LINE('',#10168,#2093);
#1064=LINE('',#10170,#2094);
#1065=LINE('',#10171,#2095);
#1066=LINE('',#10175,#2096);
#1067=LINE('',#10177,#2097);
#1068=LINE('',#10178,#2098);
#1069=LINE('',#10181,#2099);
#1070=LINE('',#10182,#2100);
#1071=LINE('',#10184,#2101);
#1072=LINE('',#10186,#2102);
#1073=LINE('',#10191,#2103);
#1074=LINE('',#10193,#2104);
#1075=LINE('',#10195,#2105);
#1076=LINE('',#10196,#2106);
#1077=LINE('',#10199,#2107);
#1078=LINE('',#10201,#2108);
#1079=LINE('',#10202,#2109);
#1080=LINE('',#10205,#2110);
#1081=LINE('',#10207,#2111);
#1082=LINE('',#10208,#2112);
#1083=LINE('',#10210,#2113);
#1084=LINE('',#10211,#2114);
#1085=LINE('',#10214,#2115);
#1086=LINE('',#10216,#2116);
#1087=LINE('',#10217,#2117);
#1088=LINE('',#10220,#2118);
#1089=LINE('',#10222,#2119);
#1090=LINE('',#10224,#2120);
#1091=LINE('',#10225,#2121);
#1092=LINE('',#10229,#2122);
#1093=LINE('',#10231,#2123);
#1094=LINE('',#10232,#2124);
#1095=LINE('',#10235,#2125);
#1096=LINE('',#10236,#2126);
#1097=LINE('',#10238,#2127);
#1098=LINE('',#10240,#2128);
#1099=LINE('',#10245,#2129);
#1100=LINE('',#10247,#2130);
#1101=LINE('',#10249,#2131);
#1102=LINE('',#10250,#2132);
#1103=LINE('',#10253,#2133);
#1104=LINE('',#10255,#2134);
#1105=LINE('',#10256,#2135);
#1106=LINE('',#10259,#2136);
#1107=LINE('',#10261,#2137);
#1108=LINE('',#10262,#2138);
#1109=LINE('',#10264,#2139);
#1110=LINE('',#10265,#2140);
#1111=LINE('',#10268,#2141);
#1112=LINE('',#10270,#2142);
#1113=LINE('',#10271,#2143);
#1114=LINE('',#10274,#2144);
#1115=LINE('',#10276,#2145);
#1116=LINE('',#10278,#2146);
#1117=LINE('',#10279,#2147);
#1118=LINE('',#10283,#2148);
#1119=LINE('',#10285,#2149);
#1120=LINE('',#10286,#2150);
#1121=LINE('',#10289,#2151);
#1122=LINE('',#10290,#2152);
#1123=LINE('',#10292,#2153);
#1124=LINE('',#10294,#2154);
#1125=LINE('',#10299,#2155);
#1126=LINE('',#10301,#2156);
#1127=LINE('',#10303,#2157);
#1128=LINE('',#10304,#2158);
#1129=LINE('',#10307,#2159);
#1130=LINE('',#10309,#2160);
#1131=LINE('',#10310,#2161);
#1132=LINE('',#10313,#2162);
#1133=LINE('',#10315,#2163);
#1134=LINE('',#10316,#2164);
#1135=LINE('',#10318,#2165);
#1136=LINE('',#10319,#2166);
#1137=LINE('',#10322,#2167);
#1138=LINE('',#10324,#2168);
#1139=LINE('',#10325,#2169);
#1140=LINE('',#10328,#2170);
#1141=LINE('',#10330,#2171);
#1142=LINE('',#10332,#2172);
#1143=LINE('',#10333,#2173);
#1144=LINE('',#10337,#2174);
#1145=LINE('',#10339,#2175);
#1146=LINE('',#10340,#2176);
#1147=LINE('',#10343,#2177);
#1148=LINE('',#10344,#2178);
#1149=LINE('',#10346,#2179);
#1150=LINE('',#10348,#2180);
#1151=LINE('',#10353,#2181);
#1152=LINE('',#10355,#2182);
#1153=LINE('',#10357,#2183);
#1154=LINE('',#10358,#2184);
#1155=LINE('',#10361,#2185);
#1156=LINE('',#10363,#2186);
#1157=LINE('',#10364,#2187);
#1158=LINE('',#10367,#2188);
#1159=LINE('',#10369,#2189);
#1160=LINE('',#10370,#2190);
#1161=LINE('',#10372,#2191);
#1162=LINE('',#10373,#2192);
#1163=LINE('',#10376,#2193);
#1164=LINE('',#10378,#2194);
#1165=LINE('',#10379,#2195);
#1166=LINE('',#10382,#2196);
#1167=LINE('',#10384,#2197);
#1168=LINE('',#10386,#2198);
#1169=LINE('',#10387,#2199);
#1170=LINE('',#10391,#2200);
#1171=LINE('',#10393,#2201);
#1172=LINE('',#10394,#2202);
#1173=LINE('',#10397,#2203);
#1174=LINE('',#10398,#2204);
#1175=LINE('',#10400,#2205);
#1176=LINE('',#10402,#2206);
#1177=LINE('',#10407,#2207);
#1178=LINE('',#10409,#2208);
#1179=LINE('',#10411,#2209);
#1180=LINE('',#10412,#2210);
#1181=LINE('',#10415,#2211);
#1182=LINE('',#10417,#2212);
#1183=LINE('',#10418,#2213);
#1184=LINE('',#10421,#2214);
#1185=LINE('',#10423,#2215);
#1186=LINE('',#10424,#2216);
#1187=LINE('',#10426,#2217);
#1188=LINE('',#10427,#2218);
#1189=LINE('',#10430,#2219);
#1190=LINE('',#10432,#2220);
#1191=LINE('',#10433,#2221);
#1192=LINE('',#10436,#2222);
#1193=LINE('',#10438,#2223);
#1194=LINE('',#10440,#2224);
#1195=LINE('',#10441,#2225);
#1196=LINE('',#10445,#2226);
#1197=LINE('',#10447,#2227);
#1198=LINE('',#10448,#2228);
#1199=LINE('',#10451,#2229);
#1200=LINE('',#10452,#2230);
#1201=LINE('',#10454,#2231);
#1202=LINE('',#10456,#2232);
#1203=LINE('',#10461,#2233);
#1204=LINE('',#10463,#2234);
#1205=LINE('',#10465,#2235);
#1206=LINE('',#10466,#2236);
#1207=LINE('',#10469,#2237);
#1208=LINE('',#10471,#2238);
#1209=LINE('',#10472,#2239);
#1210=LINE('',#10475,#2240);
#1211=LINE('',#10477,#2241);
#1212=LINE('',#10478,#2242);
#1213=LINE('',#10480,#2243);
#1214=LINE('',#10481,#2244);
#1215=LINE('',#10484,#2245);
#1216=LINE('',#10486,#2246);
#1217=LINE('',#10487,#2247);
#1218=LINE('',#10490,#2248);
#1219=LINE('',#10492,#2249);
#1220=LINE('',#10494,#2250);
#1221=LINE('',#10495,#2251);
#1222=LINE('',#10499,#2252);
#1223=LINE('',#10501,#2253);
#1224=LINE('',#10502,#2254);
#1225=LINE('',#10505,#2255);
#1226=LINE('',#10506,#2256);
#1227=LINE('',#10508,#2257);
#1228=LINE('',#10510,#2258);
#1229=LINE('',#10515,#2259);
#1230=LINE('',#10517,#2260);
#1231=LINE('',#10519,#2261);
#1232=LINE('',#10520,#2262);
#1233=LINE('',#10523,#2263);
#1234=LINE('',#10525,#2264);
#1235=LINE('',#10526,#2265);
#1236=LINE('',#10529,#2266);
#1237=LINE('',#10531,#2267);
#1238=LINE('',#10532,#2268);
#1239=LINE('',#10534,#2269);
#1240=LINE('',#10535,#2270);
#1241=LINE('',#10538,#2271);
#1242=LINE('',#10540,#2272);
#1243=LINE('',#10541,#2273);
#1244=LINE('',#10544,#2274);
#1245=LINE('',#10546,#2275);
#1246=LINE('',#10548,#2276);
#1247=LINE('',#10549,#2277);
#1248=LINE('',#10553,#2278);
#1249=LINE('',#10555,#2279);
#1250=LINE('',#10556,#2280);
#1251=LINE('',#10559,#2281);
#1252=LINE('',#10560,#2282);
#1253=LINE('',#10562,#2283);
#1254=LINE('',#10564,#2284);
#1255=LINE('',#10569,#2285);
#1256=LINE('',#10571,#2286);
#1257=LINE('',#10573,#2287);
#1258=LINE('',#10574,#2288);
#1259=LINE('',#10577,#2289);
#1260=LINE('',#10579,#2290);
#1261=LINE('',#10580,#2291);
#1262=LINE('',#10583,#2292);
#1263=LINE('',#10585,#2293);
#1264=LINE('',#10586,#2294);
#1265=LINE('',#10588,#2295);
#1266=LINE('',#10589,#2296);
#1267=LINE('',#10592,#2297);
#1268=LINE('',#10594,#2298);
#1269=LINE('',#10595,#2299);
#1270=LINE('',#10598,#2300);
#1271=LINE('',#10600,#2301);
#1272=LINE('',#10602,#2302);
#1273=LINE('',#10603,#2303);
#1274=LINE('',#10607,#2304);
#1275=LINE('',#10609,#2305);
#1276=LINE('',#10610,#2306);
#1277=LINE('',#10613,#2307);
#1278=LINE('',#10614,#2308);
#1279=LINE('',#10616,#2309);
#1280=LINE('',#10618,#2310);
#1281=LINE('',#10623,#2311);
#1282=LINE('',#10625,#2312);
#1283=LINE('',#10627,#2313);
#1284=LINE('',#10628,#2314);
#1285=LINE('',#10631,#2315);
#1286=LINE('',#10633,#2316);
#1287=LINE('',#10634,#2317);
#1288=LINE('',#10637,#2318);
#1289=LINE('',#10639,#2319);
#1290=LINE('',#10640,#2320);
#1291=LINE('',#10642,#2321);
#1292=LINE('',#10643,#2322);
#1293=LINE('',#10646,#2323);
#1294=LINE('',#10648,#2324);
#1295=LINE('',#10649,#2325);
#1296=LINE('',#10652,#2326);
#1297=LINE('',#10654,#2327);
#1298=LINE('',#10656,#2328);
#1299=LINE('',#10657,#2329);
#1300=LINE('',#10661,#2330);
#1301=LINE('',#10663,#2331);
#1302=LINE('',#10664,#2332);
#1303=LINE('',#10667,#2333);
#1304=LINE('',#10668,#2334);
#1305=LINE('',#10670,#2335);
#1306=LINE('',#10672,#2336);
#1307=LINE('',#10677,#2337);
#1308=LINE('',#10679,#2338);
#1309=LINE('',#10681,#2339);
#1310=LINE('',#10682,#2340);
#1311=LINE('',#10685,#2341);
#1312=LINE('',#10687,#2342);
#1313=LINE('',#10688,#2343);
#1314=LINE('',#10691,#2344);
#1315=LINE('',#10693,#2345);
#1316=LINE('',#10694,#2346);
#1317=LINE('',#10696,#2347);
#1318=LINE('',#10697,#2348);
#1319=LINE('',#10700,#2349);
#1320=LINE('',#10702,#2350);
#1321=LINE('',#10703,#2351);
#1322=LINE('',#10706,#2352);
#1323=LINE('',#10708,#2353);
#1324=LINE('',#10710,#2354);
#1325=LINE('',#10711,#2355);
#1326=LINE('',#10715,#2356);
#1327=LINE('',#10717,#2357);
#1328=LINE('',#10718,#2358);
#1329=LINE('',#10721,#2359);
#1330=LINE('',#10722,#2360);
#1331=LINE('',#10724,#2361);
#1332=LINE('',#10726,#2362);
#1333=LINE('',#10731,#2363);
#1334=LINE('',#10733,#2364);
#1335=LINE('',#10735,#2365);
#1336=LINE('',#10736,#2366);
#1337=LINE('',#10739,#2367);
#1338=LINE('',#10741,#2368);
#1339=LINE('',#10742,#2369);
#1340=LINE('',#10745,#2370);
#1341=LINE('',#10747,#2371);
#1342=LINE('',#10748,#2372);
#1343=LINE('',#10750,#2373);
#1344=LINE('',#10751,#2374);
#1345=LINE('',#10754,#2375);
#1346=LINE('',#10756,#2376);
#1347=LINE('',#10757,#2377);
#1348=LINE('',#10760,#2378);
#1349=LINE('',#10762,#2379);
#1350=LINE('',#10764,#2380);
#1351=LINE('',#10765,#2381);
#1352=LINE('',#10769,#2382);
#1353=LINE('',#10771,#2383);
#1354=LINE('',#10772,#2384);
#1355=LINE('',#10775,#2385);
#1356=LINE('',#10776,#2386);
#1357=LINE('',#10778,#2387);
#1358=LINE('',#10780,#2388);
#1359=LINE('',#10785,#2389);
#1360=LINE('',#10787,#2390);
#1361=LINE('',#10789,#2391);
#1362=LINE('',#10790,#2392);
#1363=LINE('',#10793,#2393);
#1364=LINE('',#10795,#2394);
#1365=LINE('',#10796,#2395);
#1366=LINE('',#10799,#2396);
#1367=LINE('',#10801,#2397);
#1368=LINE('',#10802,#2398);
#1369=LINE('',#10804,#2399);
#1370=LINE('',#10805,#2400);
#1371=LINE('',#10808,#2401);
#1372=LINE('',#10810,#2402);
#1373=LINE('',#10811,#2403);
#1374=LINE('',#10814,#2404);
#1375=LINE('',#10816,#2405);
#1376=LINE('',#10818,#2406);
#1377=LINE('',#10819,#2407);
#1378=LINE('',#10823,#2408);
#1379=LINE('',#10825,#2409);
#1380=LINE('',#10826,#2410);
#1381=LINE('',#10829,#2411);
#1382=LINE('',#10830,#2412);
#1383=LINE('',#10832,#2413);
#1384=LINE('',#10834,#2414);
#1385=LINE('',#10839,#2415);
#1386=LINE('',#10841,#2416);
#1387=LINE('',#10843,#2417);
#1388=LINE('',#10844,#2418);
#1389=LINE('',#10847,#2419);
#1390=LINE('',#10849,#2420);
#1391=LINE('',#10850,#2421);
#1392=LINE('',#10853,#2422);
#1393=LINE('',#10855,#2423);
#1394=LINE('',#10856,#2424);
#1395=LINE('',#10858,#2425);
#1396=LINE('',#10859,#2426);
#1397=LINE('',#10862,#2427);
#1398=LINE('',#10864,#2428);
#1399=LINE('',#10865,#2429);
#1400=LINE('',#10868,#2430);
#1401=LINE('',#10870,#2431);
#1402=LINE('',#10872,#2432);
#1403=LINE('',#10873,#2433);
#1404=LINE('',#10877,#2434);
#1405=LINE('',#10879,#2435);
#1406=LINE('',#10880,#2436);
#1407=LINE('',#10883,#2437);
#1408=LINE('',#10884,#2438);
#1409=LINE('',#10886,#2439);
#1410=LINE('',#10888,#2440);
#1411=LINE('',#10893,#2441);
#1412=LINE('',#10895,#2442);
#1413=LINE('',#10897,#2443);
#1414=LINE('',#10898,#2444);
#1415=LINE('',#10901,#2445);
#1416=LINE('',#10903,#2446);
#1417=LINE('',#10904,#2447);
#1418=LINE('',#10907,#2448);
#1419=LINE('',#10909,#2449);
#1420=LINE('',#10910,#2450);
#1421=LINE('',#10912,#2451);
#1422=LINE('',#10913,#2452);
#1423=LINE('',#10916,#2453);
#1424=LINE('',#10918,#2454);
#1425=LINE('',#10919,#2455);
#1426=LINE('',#10922,#2456);
#1427=LINE('',#10924,#2457);
#1428=LINE('',#10926,#2458);
#1429=LINE('',#10927,#2459);
#1430=LINE('',#10931,#2460);
#1431=LINE('',#10933,#2461);
#1432=LINE('',#10934,#2462);
#1433=LINE('',#10937,#2463);
#1434=LINE('',#10938,#2464);
#1435=LINE('',#10940,#2465);
#1436=LINE('',#10942,#2466);
#1437=LINE('',#10947,#2467);
#1438=LINE('',#10949,#2468);
#1439=LINE('',#10951,#2469);
#1440=LINE('',#10952,#2470);
#1441=LINE('',#10955,#2471);
#1442=LINE('',#10957,#2472);
#1443=LINE('',#10958,#2473);
#1444=LINE('',#10961,#2474);
#1445=LINE('',#10963,#2475);
#1446=LINE('',#10964,#2476);
#1447=LINE('',#10966,#2477);
#1448=LINE('',#10967,#2478);
#1449=LINE('',#10971,#2479);
#1450=LINE('',#10973,#2480);
#1451=LINE('',#10975,#2481);
#1452=LINE('',#10976,#2482);
#1453=LINE('',#10979,#2483);
#1454=LINE('',#10981,#2484);
#1455=LINE('',#10982,#2485);
#1456=LINE('',#10985,#2486);
#1457=LINE('',#10987,#2487);
#1458=LINE('',#10988,#2488);
#1459=LINE('',#10990,#2489);
#1460=LINE('',#10991,#2490);
#1461=LINE('',#10995,#2491);
#1462=LINE('',#10997,#2492);
#1463=LINE('',#10999,#2493);
#1464=LINE('',#11000,#2494);
#1465=LINE('',#11003,#2495);
#1466=LINE('',#11005,#2496);
#1467=LINE('',#11006,#2497);
#1468=LINE('',#11009,#2498);
#1469=LINE('',#11011,#2499);
#1470=LINE('',#11012,#2500);
#1471=LINE('',#11014,#2501);
#1472=LINE('',#11015,#2502);
#1473=LINE('',#11019,#2503);
#1474=LINE('',#11021,#2504);
#1475=LINE('',#11023,#2505);
#1476=LINE('',#11024,#2506);
#1477=LINE('',#11027,#2507);
#1478=LINE('',#11029,#2508);
#1479=LINE('',#11030,#2509);
#1480=LINE('',#11033,#2510);
#1481=LINE('',#11035,#2511);
#1482=LINE('',#11036,#2512);
#1483=LINE('',#11038,#2513);
#1484=LINE('',#11039,#2514);
#1485=LINE('',#11043,#2515);
#1486=LINE('',#11045,#2516);
#1487=LINE('',#11047,#2517);
#1488=LINE('',#11048,#2518);
#1489=LINE('',#11051,#2519);
#1490=LINE('',#11053,#2520);
#1491=LINE('',#11054,#2521);
#1492=LINE('',#11057,#2522);
#1493=LINE('',#11059,#2523);
#1494=LINE('',#11060,#2524);
#1495=LINE('',#11062,#2525);
#1496=LINE('',#11063,#2526);
#1497=LINE('',#11067,#2527);
#1498=LINE('',#11069,#2528);
#1499=LINE('',#11071,#2529);
#1500=LINE('',#11072,#2530);
#1501=LINE('',#11075,#2531);
#1502=LINE('',#11077,#2532);
#1503=LINE('',#11078,#2533);
#1504=LINE('',#11081,#2534);
#1505=LINE('',#11083,#2535);
#1506=LINE('',#11084,#2536);
#1507=LINE('',#11086,#2537);
#1508=LINE('',#11087,#2538);
#1509=LINE('',#11091,#2539);
#1510=LINE('',#11093,#2540);
#1511=LINE('',#11095,#2541);
#1512=LINE('',#11096,#2542);
#1513=LINE('',#11099,#2543);
#1514=LINE('',#11101,#2544);
#1515=LINE('',#11102,#2545);
#1516=LINE('',#11105,#2546);
#1517=LINE('',#11107,#2547);
#1518=LINE('',#11108,#2548);
#1519=LINE('',#11110,#2549);
#1520=LINE('',#11111,#2550);
#1521=LINE('',#11115,#2551);
#1522=LINE('',#11117,#2552);
#1523=LINE('',#11119,#2553);
#1524=LINE('',#11120,#2554);
#1525=LINE('',#11123,#2555);
#1526=LINE('',#11125,#2556);
#1527=LINE('',#11126,#2557);
#1528=LINE('',#11129,#2558);
#1529=LINE('',#11131,#2559);
#1530=LINE('',#11132,#2560);
#1531=LINE('',#11134,#2561);
#1532=LINE('',#11135,#2562);
#1533=LINE('',#11139,#2563);
#1534=LINE('',#11141,#2564);
#1535=LINE('',#11143,#2565);
#1536=LINE('',#11144,#2566);
#1537=LINE('',#11147,#2567);
#1538=LINE('',#11149,#2568);
#1539=LINE('',#11150,#2569);
#1540=LINE('',#11153,#2570);
#1541=LINE('',#11155,#2571);
#1542=LINE('',#11156,#2572);
#1543=LINE('',#11158,#2573);
#1544=LINE('',#11159,#2574);
#1545=LINE('',#11162,#2575);
#1546=LINE('',#11164,#2576);
#1547=LINE('',#11165,#2577);
#1548=LINE('',#11168,#2578);
#1549=LINE('',#11170,#2579);
#1550=LINE('',#11171,#2580);
#1551=LINE('',#11174,#2581);
#1552=LINE('',#11176,#2582);
#1553=LINE('',#11177,#2583);
#1554=LINE('',#11180,#2584);
#1555=LINE('',#11182,#2585);
#1556=LINE('',#11183,#2586);
#1557=LINE('',#11186,#2587);
#1558=LINE('',#11188,#2588);
#1559=LINE('',#11189,#2589);
#1560=LINE('',#11192,#2590);
#1561=LINE('',#11194,#2591);
#1562=LINE('',#11195,#2592);
#1563=LINE('',#11198,#2593);
#1564=LINE('',#11200,#2594);
#1565=LINE('',#11201,#2595);
#1566=LINE('',#11204,#2596);
#1567=LINE('',#11206,#2597);
#1568=LINE('',#11207,#2598);
#1569=LINE('',#11210,#2599);
#1570=LINE('',#11212,#2600);
#1571=LINE('',#11213,#2601);
#1572=LINE('',#11216,#2602);
#1573=LINE('',#11218,#2603);
#1574=LINE('',#11219,#2604);
#1575=LINE('',#11222,#2605);
#1576=LINE('',#11224,#2606);
#1577=LINE('',#11225,#2607);
#1578=LINE('',#11228,#2608);
#1579=LINE('',#11230,#2609);
#1580=LINE('',#11231,#2610);
#1581=LINE('',#11234,#2611);
#1582=LINE('',#11236,#2612);
#1583=LINE('',#11237,#2613);
#1584=LINE('',#11240,#2614);
#1585=LINE('',#11242,#2615);
#1586=LINE('',#11243,#2616);
#1587=LINE('',#11246,#2617);
#1588=LINE('',#11248,#2618);
#1589=LINE('',#11249,#2619);
#1590=LINE('',#11252,#2620);
#1591=LINE('',#11254,#2621);
#1592=LINE('',#11255,#2622);
#1593=LINE('',#11258,#2623);
#1594=LINE('',#11260,#2624);
#1595=LINE('',#11261,#2625);
#1596=LINE('',#11264,#2626);
#1597=LINE('',#11266,#2627);
#1598=LINE('',#11267,#2628);
#1599=LINE('',#11271,#2629);
#1600=LINE('',#11273,#2630);
#1601=LINE('',#11275,#2631);
#1602=LINE('',#11276,#2632);
#1603=LINE('',#11279,#2633);
#1604=LINE('',#11281,#2634);
#1605=LINE('',#11282,#2635);
#1606=LINE('',#11285,#2636);
#1607=LINE('',#11287,#2637);
#1608=LINE('',#11288,#2638);
#1609=LINE('',#11291,#2639);
#1610=LINE('',#11293,#2640);
#1611=LINE('',#11294,#2641);
#1612=LINE('',#11296,#2642);
#1613=LINE('',#11297,#2643);
#1614=LINE('',#11300,#2644);
#1615=LINE('',#11302,#2645);
#1616=LINE('',#11303,#2646);
#1617=LINE('',#11306,#2647);
#1618=LINE('',#11308,#2648);
#1619=LINE('',#11309,#2649);
#1620=LINE('',#11311,#2650);
#1621=LINE('',#11312,#2651);
#1622=LINE('',#11315,#2652);
#1623=LINE('',#11317,#2653);
#1624=LINE('',#11318,#2654);
#1625=LINE('',#11321,#2655);
#1626=LINE('',#11323,#2656);
#1627=LINE('',#11324,#2657);
#1628=LINE('',#11326,#2658);
#1629=LINE('',#11327,#2659);
#1630=LINE('',#11330,#2660);
#1631=LINE('',#11332,#2661);
#1632=LINE('',#11333,#2662);
#1633=LINE('',#11336,#2663);
#1634=LINE('',#11338,#2664);
#1635=LINE('',#11339,#2665);
#1636=LINE('',#11341,#2666);
#1637=LINE('',#11342,#2667);
#1638=LINE('',#11345,#2668);
#1639=LINE('',#11347,#2669);
#1640=LINE('',#11348,#2670);
#1641=LINE('',#11351,#2671);
#1642=LINE('',#11353,#2672);
#1643=LINE('',#11354,#2673);
#1644=LINE('',#11356,#2674);
#1645=LINE('',#11357,#2675);
#1646=LINE('',#11360,#2676);
#1647=LINE('',#11362,#2677);
#1648=LINE('',#11363,#2678);
#1649=LINE('',#11366,#2679);
#1650=LINE('',#11368,#2680);
#1651=LINE('',#11369,#2681);
#1652=LINE('',#11371,#2682);
#1653=LINE('',#11372,#2683);
#1654=LINE('',#11375,#2684);
#1655=LINE('',#11377,#2685);
#1656=LINE('',#11378,#2686);
#1657=LINE('',#11381,#2687);
#1658=LINE('',#11383,#2688);
#1659=LINE('',#11384,#2689);
#1660=LINE('',#11386,#2690);
#1661=LINE('',#11387,#2691);
#1662=LINE('',#11390,#2692);
#1663=LINE('',#11392,#2693);
#1664=LINE('',#11393,#2694);
#1665=LINE('',#11396,#2695);
#1666=LINE('',#11398,#2696);
#1667=LINE('',#11399,#2697);
#1668=LINE('',#11401,#2698);
#1669=LINE('',#11402,#2699);
#1670=LINE('',#11405,#2700);
#1671=LINE('',#11407,#2701);
#1672=LINE('',#11408,#2702);
#1673=LINE('',#11411,#2703);
#1674=LINE('',#11413,#2704);
#1675=LINE('',#11414,#2705);
#1676=LINE('',#11416,#2706);
#1677=LINE('',#11417,#2707);
#1678=LINE('',#11420,#2708);
#1679=LINE('',#11422,#2709);
#1680=LINE('',#11423,#2710);
#1681=LINE('',#11426,#2711);
#1682=LINE('',#11428,#2712);
#1683=LINE('',#11429,#2713);
#1684=LINE('',#11432,#2714);
#1685=LINE('',#11434,#2715);
#1686=LINE('',#11435,#2716);
#1687=LINE('',#11439,#2717);
#1688=LINE('',#11441,#2718);
#1689=LINE('',#11443,#2719);
#1690=LINE('',#11444,#2720);
#1691=LINE('',#11447,#2721);
#1692=LINE('',#11449,#2722);
#1693=LINE('',#11450,#2723);
#1694=LINE('',#11453,#2724);
#1695=LINE('',#11455,#2725);
#1696=LINE('',#11456,#2726);
#1697=LINE('',#11459,#2727);
#1698=LINE('',#11461,#2728);
#1699=LINE('',#11462,#2729);
#1700=LINE('',#11465,#2730);
#1701=LINE('',#11467,#2731);
#1702=LINE('',#11468,#2732);
#1703=LINE('',#11471,#2733);
#1704=LINE('',#11473,#2734);
#1705=LINE('',#11474,#2735);
#1706=LINE('',#11477,#2736);
#1707=LINE('',#11479,#2737);
#1708=LINE('',#11480,#2738);
#1709=LINE('',#11483,#2739);
#1710=LINE('',#11485,#2740);
#1711=LINE('',#11486,#2741);
#1712=LINE('',#11489,#2742);
#1713=LINE('',#11491,#2743);
#1714=LINE('',#11492,#2744);
#1715=LINE('',#11495,#2745);
#1716=LINE('',#11497,#2746);
#1717=LINE('',#11498,#2747);
#1718=LINE('',#11501,#2748);
#1719=LINE('',#11503,#2749);
#1720=LINE('',#11504,#2750);
#1721=LINE('',#11507,#2751);
#1722=LINE('',#11509,#2752);
#1723=LINE('',#11510,#2753);
#1724=LINE('',#11513,#2754);
#1725=LINE('',#11515,#2755);
#1726=LINE('',#11516,#2756);
#1727=LINE('',#11519,#2757);
#1728=LINE('',#11521,#2758);
#1729=LINE('',#11522,#2759);
#1730=LINE('',#11525,#2760);
#1731=LINE('',#11527,#2761);
#1732=LINE('',#11528,#2762);
#1733=LINE('',#11531,#2763);
#1734=LINE('',#11533,#2764);
#1735=LINE('',#11534,#2765);
#1736=LINE('',#11537,#2766);
#1737=LINE('',#11539,#2767);
#1738=LINE('',#11540,#2768);
#1739=LINE('',#11543,#2769);
#1740=LINE('',#11545,#2770);
#1741=LINE('',#11546,#2771);
#1742=LINE('',#11549,#2772);
#1743=LINE('',#11551,#2773);
#1744=LINE('',#11552,#2774);
#1745=LINE('',#11555,#2775);
#1746=LINE('',#11557,#2776);
#1747=LINE('',#11558,#2777);
#1748=LINE('',#11561,#2778);
#1749=LINE('',#11563,#2779);
#1750=LINE('',#11564,#2780);
#1751=LINE('',#11567,#2781);
#1752=LINE('',#11569,#2782);
#1753=LINE('',#11570,#2783);
#1754=LINE('',#11573,#2784);
#1755=LINE('',#11575,#2785);
#1756=LINE('',#11576,#2786);
#1757=LINE('',#11578,#2787);
#1758=LINE('',#11579,#2788);
#1759=LINE('',#11583,#2789);
#1760=LINE('',#11585,#2790);
#1761=LINE('',#11587,#2791);
#1762=LINE('',#11588,#2792);
#1763=LINE('',#11591,#2793);
#1764=LINE('',#11593,#2794);
#1765=LINE('',#11594,#2795);
#1766=LINE('',#11597,#2796);
#1767=LINE('',#11599,#2797);
#1768=LINE('',#11600,#2798);
#1769=LINE('',#11603,#2799);
#1770=LINE('',#11605,#2800);
#1771=LINE('',#11606,#2801);
#1772=LINE('',#11609,#2802);
#1773=LINE('',#11611,#2803);
#1774=LINE('',#11612,#2804);
#1775=LINE('',#11615,#2805);
#1776=LINE('',#11617,#2806);
#1777=LINE('',#11618,#2807);
#1778=LINE('',#11621,#2808);
#1779=LINE('',#11623,#2809);
#1780=LINE('',#11624,#2810);
#1781=LINE('',#11627,#2811);
#1782=LINE('',#11629,#2812);
#1783=LINE('',#11630,#2813);
#1784=LINE('',#11633,#2814);
#1785=LINE('',#11635,#2815);
#1786=LINE('',#11636,#2816);
#1787=LINE('',#11639,#2817);
#1788=LINE('',#11641,#2818);
#1789=LINE('',#11642,#2819);
#1790=LINE('',#11645,#2820);
#1791=LINE('',#11647,#2821);
#1792=LINE('',#11648,#2822);
#1793=LINE('',#11651,#2823);
#1794=LINE('',#11653,#2824);
#1795=LINE('',#11654,#2825);
#1796=LINE('',#11657,#2826);
#1797=LINE('',#11659,#2827);
#1798=LINE('',#11660,#2828);
#1799=LINE('',#11663,#2829);
#1800=LINE('',#11665,#2830);
#1801=LINE('',#11666,#2831);
#1802=LINE('',#11669,#2832);
#1803=LINE('',#11671,#2833);
#1804=LINE('',#11672,#2834);
#1805=LINE('',#11675,#2835);
#1806=LINE('',#11677,#2836);
#1807=LINE('',#11678,#2837);
#1808=LINE('',#11681,#2838);
#1809=LINE('',#11683,#2839);
#1810=LINE('',#11684,#2840);
#1811=LINE('',#11686,#2841);
#1812=LINE('',#11687,#2842);
#1813=LINE('',#11690,#2843);
#1814=LINE('',#11692,#2844);
#1815=LINE('',#11693,#2845);
#1816=LINE('',#11696,#2846);
#1817=LINE('',#11698,#2847);
#1818=LINE('',#11699,#2848);
#1819=LINE('',#11702,#2849);
#1820=LINE('',#11704,#2850);
#1821=LINE('',#11706,#2851);
#1822=LINE('',#11708,#2852);
#1823=LINE('',#11710,#2853);
#1824=LINE('',#11712,#2854);
#1825=LINE('',#11714,#2855);
#1826=LINE('',#11716,#2856);
#1827=LINE('',#11718,#2857);
#1828=LINE('',#11720,#2858);
#1829=LINE('',#11722,#2859);
#1830=LINE('',#11724,#2860);
#1831=LINE('',#11726,#2861);
#1832=LINE('',#11728,#2862);
#1833=LINE('',#11730,#2863);
#1834=LINE('',#11732,#2864);
#1835=LINE('',#11734,#2865);
#1836=LINE('',#11736,#2866);
#1837=LINE('',#11737,#2867);
#1838=LINE('',#11741,#2868);
#1839=LINE('',#11743,#2869);
#1840=LINE('',#11745,#2870);
#1841=LINE('',#11747,#2871);
#1842=LINE('',#11749,#2872);
#1843=LINE('',#11751,#2873);
#1844=LINE('',#11753,#2874);
#1845=LINE('',#11754,#2875);
#1846=LINE('',#11757,#2876);
#1847=LINE('',#11759,#2877);
#1848=LINE('',#11760,#2878);
#1849=LINE('',#11763,#2879);
#1850=LINE('',#11765,#2880);
#1851=LINE('',#11766,#2881);
#1852=LINE('',#11769,#2882);
#1853=LINE('',#11771,#2883);
#1854=LINE('',#11772,#2884);
#1855=LINE('',#11775,#2885);
#1856=LINE('',#11777,#2886);
#1857=LINE('',#11779,#2887);
#1858=LINE('',#11780,#2888);
#1859=LINE('',#11783,#2889);
#1860=LINE('',#11785,#2890);
#1861=LINE('',#11787,#2891);
#1862=LINE('',#11788,#2892);
#1863=LINE('',#11791,#2893);
#1864=LINE('',#11793,#2894);
#1865=LINE('',#11794,#2895);
#1866=LINE('',#11796,#2896);
#1867=LINE('',#11798,#2897);
#1868=LINE('',#11800,#2898);
#1869=LINE('',#11802,#2899);
#1870=LINE('',#11804,#2900);
#1871=LINE('',#11806,#2901);
#1872=LINE('',#11807,#2902);
#1873=LINE('',#11809,#2903);
#1874=LINE('',#11810,#2904);
#1875=LINE('',#11813,#2905);
#1876=LINE('',#11815,#2906);
#1877=LINE('',#11817,#2907);
#1878=LINE('',#11818,#2908);
#1879=LINE('',#11821,#2909);
#1880=LINE('',#11823,#2910);
#1881=LINE('',#11825,#2911);
#1882=LINE('',#11826,#2912);
#1883=LINE('',#11829,#2913);
#1884=LINE('',#11831,#2914);
#1885=LINE('',#11832,#2915);
#1886=LINE('',#11835,#2916);
#1887=LINE('',#11837,#2917);
#1888=LINE('',#11838,#2918);
#1889=LINE('',#11841,#2919);
#1890=LINE('',#11842,#2920);
#1891=LINE('',#11845,#2921);
#1892=LINE('',#11847,#2922);
#1893=LINE('',#11848,#2923);
#1894=LINE('',#11851,#2924);
#1895=LINE('',#11852,#2925);
#1896=LINE('',#11854,#2926);
#1897=LINE('',#11857,#2927);
#1898=LINE('',#11859,#2928);
#1899=LINE('',#11861,#2929);
#1900=LINE('',#11863,#2930);
#1901=LINE('',#11865,#2931);
#1902=LINE('',#11866,#2932);
#1903=LINE('',#11867,#2933);
#1904=LINE('',#11870,#2934);
#1905=LINE('',#11871,#2935);
#1906=LINE('',#11875,#2936);
#1907=LINE('',#11876,#2937);
#1908=LINE('',#11877,#2938);
#1909=LINE('',#11879,#2939);
#1910=LINE('',#11880,#2940);
#1911=LINE('',#11883,#2941);
#1912=LINE('',#11884,#2942);
#1913=LINE('',#11886,#2943);
#1914=LINE('',#11888,#2944);
#1915=LINE('',#11890,#2945);
#1916=LINE('',#11892,#2946);
#1917=LINE('',#11897,#2947);
#1918=LINE('',#11898,#2948);
#1919=LINE('',#11899,#2949);
#1920=LINE('',#11901,#2950);
#1921=LINE('',#11902,#2951);
#1922=LINE('',#11905,#2952);
#1923=LINE('',#11906,#2953);
#1924=LINE('',#11908,#2954);
#1925=LINE('',#11910,#2955);
#1926=LINE('',#11912,#2956);
#1927=LINE('',#11914,#2957);
#1928=LINE('',#11919,#2958);
#1929=LINE('',#11920,#2959);
#1930=LINE('',#11921,#2960);
#1931=LINE('',#11924,#2961);
#1932=LINE('',#11925,#2962);
#1933=LINE('',#11928,#2963);
#1934=LINE('',#11929,#2964);
#1935=LINE('',#11931,#2965);
#1936=LINE('',#11934,#2966);
#1937=LINE('',#11935,#2967);
#1938=LINE('',#11938,#2968);
#1939=LINE('',#11939,#2969);
#1940=LINE('',#11942,#2970);
#1941=LINE('',#11943,#2971);
#1942=LINE('',#11946,#2972);
#1943=LINE('',#11947,#2973);
#1944=LINE('',#11950,#2974);
#1945=LINE('',#11951,#2975);
#1946=LINE('',#11953,#2976);
#1947=VECTOR('',#8002,10.);
#1948=VECTOR('',#8003,10.);
#1949=VECTOR('',#8004,10.);
#1950=VECTOR('',#8005,10.);
#1951=VECTOR('',#8008,10.);
#1952=VECTOR('',#8009,10.);
#1953=VECTOR('',#8010,10.);
#1954=VECTOR('',#8013,10.);
#1955=VECTOR('',#8014,10.);
#1956=VECTOR('',#8015,10.);
#1957=VECTOR('',#8018,10.);
#1958=VECTOR('',#8019,10.);
#1959=VECTOR('',#8022,10.);
#1960=VECTOR('',#8023,10.);
#1961=VECTOR('',#8024,10.);
#1962=VECTOR('',#8027,10.);
#1963=VECTOR('',#8028,10.);
#1964=VECTOR('',#8029,10.);
#1965=VECTOR('',#8030,10.);
#1966=VECTOR('',#8035,10.);
#1967=VECTOR('',#8036,10.);
#1968=VECTOR('',#8037,10.);
#1969=VECTOR('',#8040,10.);
#1970=VECTOR('',#8041,10.);
#1971=VECTOR('',#8044,10.);
#1972=VECTOR('',#8047,10.);
#1973=VECTOR('',#8052,10.);
#1974=VECTOR('',#8053,10.);
#1975=VECTOR('',#8054,10.);
#1976=VECTOR('',#8055,10.);
#1977=VECTOR('',#8058,10.);
#1978=VECTOR('',#8059,10.);
#1979=VECTOR('',#8060,10.);
#1980=VECTOR('',#8063,10.);
#1981=VECTOR('',#8064,10.);
#1982=VECTOR('',#8065,10.);
#1983=VECTOR('',#8068,10.);
#1984=VECTOR('',#8069,10.);
#1985=VECTOR('',#8072,10.);
#1986=VECTOR('',#8073,10.);
#1987=VECTOR('',#8074,10.);
#1988=VECTOR('',#8077,10.);
#1989=VECTOR('',#8078,10.);
#1990=VECTOR('',#8079,10.);
#1991=VECTOR('',#8080,10.);
#1992=VECTOR('',#8085,10.);
#1993=VECTOR('',#8086,10.);
#1994=VECTOR('',#8087,10.);
#1995=VECTOR('',#8090,10.);
#1996=VECTOR('',#8091,10.);
#1997=VECTOR('',#8094,10.);
#1998=VECTOR('',#8097,10.);
#1999=VECTOR('',#8102,10.);
#2000=VECTOR('',#8103,10.);
#2001=VECTOR('',#8104,10.);
#2002=VECTOR('',#8105,10.);
#2003=VECTOR('',#8108,10.);
#2004=VECTOR('',#8109,10.);
#2005=VECTOR('',#8110,10.);
#2006=VECTOR('',#8113,10.);
#2007=VECTOR('',#8114,10.);
#2008=VECTOR('',#8115,10.);
#2009=VECTOR('',#8118,10.);
#2010=VECTOR('',#8119,10.);
#2011=VECTOR('',#8122,10.);
#2012=VECTOR('',#8123,10.);
#2013=VECTOR('',#8124,10.);
#2014=VECTOR('',#8127,10.);
#2015=VECTOR('',#8128,10.);
#2016=VECTOR('',#8129,10.);
#2017=VECTOR('',#8130,10.);
#2018=VECTOR('',#8135,10.);
#2019=VECTOR('',#8136,10.);
#2020=VECTOR('',#8137,10.);
#2021=VECTOR('',#8140,10.);
#2022=VECTOR('',#8141,10.);
#2023=VECTOR('',#8144,10.);
#2024=VECTOR('',#8147,10.);
#2025=VECTOR('',#8152,10.);
#2026=VECTOR('',#8153,10.);
#2027=VECTOR('',#8154,10.);
#2028=VECTOR('',#8155,10.);
#2029=VECTOR('',#8158,10.);
#2030=VECTOR('',#8159,10.);
#2031=VECTOR('',#8160,10.);
#2032=VECTOR('',#8163,10.);
#2033=VECTOR('',#8164,10.);
#2034=VECTOR('',#8165,10.);
#2035=VECTOR('',#8168,10.);
#2036=VECTOR('',#8169,10.);
#2037=VECTOR('',#8172,10.);
#2038=VECTOR('',#8173,10.);
#2039=VECTOR('',#8174,10.);
#2040=VECTOR('',#8177,10.);
#2041=VECTOR('',#8178,10.);
#2042=VECTOR('',#8179,10.);
#2043=VECTOR('',#8180,10.);
#2044=VECTOR('',#8185,10.);
#2045=VECTOR('',#8186,10.);
#2046=VECTOR('',#8187,10.);
#2047=VECTOR('',#8190,10.);
#2048=VECTOR('',#8191,10.);
#2049=VECTOR('',#8194,10.);
#2050=VECTOR('',#8197,10.);
#2051=VECTOR('',#8202,10.);
#2052=VECTOR('',#8203,10.);
#2053=VECTOR('',#8204,10.);
#2054=VECTOR('',#8205,10.);
#2055=VECTOR('',#8208,10.);
#2056=VECTOR('',#8209,10.);
#2057=VECTOR('',#8210,10.);
#2058=VECTOR('',#8213,10.);
#2059=VECTOR('',#8214,10.);
#2060=VECTOR('',#8215,10.);
#2061=VECTOR('',#8218,10.);
#2062=VECTOR('',#8219,10.);
#2063=VECTOR('',#8222,10.);
#2064=VECTOR('',#8223,10.);
#2065=VECTOR('',#8224,10.);
#2066=VECTOR('',#8227,10.);
#2067=VECTOR('',#8228,10.);
#2068=VECTOR('',#8229,10.);
#2069=VECTOR('',#8230,10.);
#2070=VECTOR('',#8235,10.);
#2071=VECTOR('',#8236,10.);
#2072=VECTOR('',#8237,10.);
#2073=VECTOR('',#8240,10.);
#2074=VECTOR('',#8241,10.);
#2075=VECTOR('',#8244,10.);
#2076=VECTOR('',#8247,10.);
#2077=VECTOR('',#8252,10.);
#2078=VECTOR('',#8253,10.);
#2079=VECTOR('',#8254,10.);
#2080=VECTOR('',#8255,10.);
#2081=VECTOR('',#8258,10.);
#2082=VECTOR('',#8259,10.);
#2083=VECTOR('',#8260,10.);
#2084=VECTOR('',#8263,10.);
#2085=VECTOR('',#8264,10.);
#2086=VECTOR('',#8265,10.);
#2087=VECTOR('',#8268,10.);
#2088=VECTOR('',#8269,10.);
#2089=VECTOR('',#8272,10.);
#2090=VECTOR('',#8273,10.);
#2091=VECTOR('',#8274,10.);
#2092=VECTOR('',#8277,10.);
#2093=VECTOR('',#8278,10.);
#2094=VECTOR('',#8279,10.);
#2095=VECTOR('',#8280,10.);
#2096=VECTOR('',#8285,10.);
#2097=VECTOR('',#8286,10.);
#2098=VECTOR('',#8287,10.);
#2099=VECTOR('',#8290,10.);
#2100=VECTOR('',#8291,10.);
#2101=VECTOR('',#8294,10.);
#2102=VECTOR('',#8297,10.);
#2103=VECTOR('',#8302,10.);
#2104=VECTOR('',#8303,10.);
#2105=VECTOR('',#8304,10.);
#2106=VECTOR('',#8305,10.);
#2107=VECTOR('',#8308,10.);
#2108=VECTOR('',#8309,10.);
#2109=VECTOR('',#8310,10.);
#2110=VECTOR('',#8313,10.);
#2111=VECTOR('',#8314,10.);
#2112=VECTOR('',#8315,10.);
#2113=VECTOR('',#8318,10.);
#2114=VECTOR('',#8319,10.);
#2115=VECTOR('',#8322,10.);
#2116=VECTOR('',#8323,10.);
#2117=VECTOR('',#8324,10.);
#2118=VECTOR('',#8327,10.);
#2119=VECTOR('',#8328,10.);
#2120=VECTOR('',#8329,10.);
#2121=VECTOR('',#8330,10.);
#2122=VECTOR('',#8335,10.);
#2123=VECTOR('',#8336,10.);
#2124=VECTOR('',#8337,10.);
#2125=VECTOR('',#8340,10.);
#2126=VECTOR('',#8341,10.);
#2127=VECTOR('',#8344,10.);
#2128=VECTOR('',#8347,10.);
#2129=VECTOR('',#8352,10.);
#2130=VECTOR('',#8353,10.);
#2131=VECTOR('',#8354,10.);
#2132=VECTOR('',#8355,10.);
#2133=VECTOR('',#8358,10.);
#2134=VECTOR('',#8359,10.);
#2135=VECTOR('',#8360,10.);
#2136=VECTOR('',#8363,10.);
#2137=VECTOR('',#8364,10.);
#2138=VECTOR('',#8365,10.);
#2139=VECTOR('',#8368,10.);
#2140=VECTOR('',#8369,10.);
#2141=VECTOR('',#8372,10.);
#2142=VECTOR('',#8373,10.);
#2143=VECTOR('',#8374,10.);
#2144=VECTOR('',#8377,10.);
#2145=VECTOR('',#8378,10.);
#2146=VECTOR('',#8379,10.);
#2147=VECTOR('',#8380,10.);
#2148=VECTOR('',#8385,10.);
#2149=VECTOR('',#8386,10.);
#2150=VECTOR('',#8387,10.);
#2151=VECTOR('',#8390,10.);
#2152=VECTOR('',#8391,10.);
#2153=VECTOR('',#8394,10.);
#2154=VECTOR('',#8397,10.);
#2155=VECTOR('',#8402,10.);
#2156=VECTOR('',#8403,10.);
#2157=VECTOR('',#8404,10.);
#2158=VECTOR('',#8405,10.);
#2159=VECTOR('',#8408,10.);
#2160=VECTOR('',#8409,10.);
#2161=VECTOR('',#8410,10.);
#2162=VECTOR('',#8413,10.);
#2163=VECTOR('',#8414,10.);
#2164=VECTOR('',#8415,10.);
#2165=VECTOR('',#8418,10.);
#2166=VECTOR('',#8419,10.);
#2167=VECTOR('',#8422,10.);
#2168=VECTOR('',#8423,10.);
#2169=VECTOR('',#8424,10.);
#2170=VECTOR('',#8427,10.);
#2171=VECTOR('',#8428,10.);
#2172=VECTOR('',#8429,10.);
#2173=VECTOR('',#8430,10.);
#2174=VECTOR('',#8435,10.);
#2175=VECTOR('',#8436,10.);
#2176=VECTOR('',#8437,10.);
#2177=VECTOR('',#8440,10.);
#2178=VECTOR('',#8441,10.);
#2179=VECTOR('',#8444,10.);
#2180=VECTOR('',#8447,10.);
#2181=VECTOR('',#8452,10.);
#2182=VECTOR('',#8453,10.);
#2183=VECTOR('',#8454,10.);
#2184=VECTOR('',#8455,10.);
#2185=VECTOR('',#8458,10.);
#2186=VECTOR('',#8459,10.);
#2187=VECTOR('',#8460,10.);
#2188=VECTOR('',#8463,10.);
#2189=VECTOR('',#8464,10.);
#2190=VECTOR('',#8465,10.);
#2191=VECTOR('',#8468,10.);
#2192=VECTOR('',#8469,10.);
#2193=VECTOR('',#8472,10.);
#2194=VECTOR('',#8473,10.);
#2195=VECTOR('',#8474,10.);
#2196=VECTOR('',#8477,10.);
#2197=VECTOR('',#8478,10.);
#2198=VECTOR('',#8479,10.);
#2199=VECTOR('',#8480,10.);
#2200=VECTOR('',#8485,10.);
#2201=VECTOR('',#8486,10.);
#2202=VECTOR('',#8487,10.);
#2203=VECTOR('',#8490,10.);
#2204=VECTOR('',#8491,10.);
#2205=VECTOR('',#8494,10.);
#2206=VECTOR('',#8497,10.);
#2207=VECTOR('',#8502,10.);
#2208=VECTOR('',#8503,10.);
#2209=VECTOR('',#8504,10.);
#2210=VECTOR('',#8505,10.);
#2211=VECTOR('',#8508,10.);
#2212=VECTOR('',#8509,10.);
#2213=VECTOR('',#8510,10.);
#2214=VECTOR('',#8513,10.);
#2215=VECTOR('',#8514,10.);
#2216=VECTOR('',#8515,10.);
#2217=VECTOR('',#8518,10.);
#2218=VECTOR('',#8519,10.);
#2219=VECTOR('',#8522,10.);
#2220=VECTOR('',#8523,10.);
#2221=VECTOR('',#8524,10.);
#2222=VECTOR('',#8527,10.);
#2223=VECTOR('',#8528,10.);
#2224=VECTOR('',#8529,10.);
#2225=VECTOR('',#8530,10.);
#2226=VECTOR('',#8535,10.);
#2227=VECTOR('',#8536,10.);
#2228=VECTOR('',#8537,10.);
#2229=VECTOR('',#8540,10.);
#2230=VECTOR('',#8541,10.);
#2231=VECTOR('',#8544,10.);
#2232=VECTOR('',#8547,10.);
#2233=VECTOR('',#8552,10.);
#2234=VECTOR('',#8553,10.);
#2235=VECTOR('',#8554,10.);
#2236=VECTOR('',#8555,10.);
#2237=VECTOR('',#8558,10.);
#2238=VECTOR('',#8559,10.);
#2239=VECTOR('',#8560,10.);
#2240=VECTOR('',#8563,10.);
#2241=VECTOR('',#8564,10.);
#2242=VECTOR('',#8565,10.);
#2243=VECTOR('',#8568,10.);
#2244=VECTOR('',#8569,10.);
#2245=VECTOR('',#8572,10.);
#2246=VECTOR('',#8573,10.);
#2247=VECTOR('',#8574,10.);
#2248=VECTOR('',#8577,10.);
#2249=VECTOR('',#8578,10.);
#2250=VECTOR('',#8579,10.);
#2251=VECTOR('',#8580,10.);
#2252=VECTOR('',#8585,10.);
#2253=VECTOR('',#8586,10.);
#2254=VECTOR('',#8587,10.);
#2255=VECTOR('',#8590,10.);
#2256=VECTOR('',#8591,10.);
#2257=VECTOR('',#8594,10.);
#2258=VECTOR('',#8597,10.);
#2259=VECTOR('',#8602,10.);
#2260=VECTOR('',#8603,10.);
#2261=VECTOR('',#8604,10.);
#2262=VECTOR('',#8605,10.);
#2263=VECTOR('',#8608,10.);
#2264=VECTOR('',#8609,10.);
#2265=VECTOR('',#8610,10.);
#2266=VECTOR('',#8613,10.);
#2267=VECTOR('',#8614,10.);
#2268=VECTOR('',#8615,10.);
#2269=VECTOR('',#8618,10.);
#2270=VECTOR('',#8619,10.);
#2271=VECTOR('',#8622,10.);
#2272=VECTOR('',#8623,10.);
#2273=VECTOR('',#8624,10.);
#2274=VECTOR('',#8627,10.);
#2275=VECTOR('',#8628,10.);
#2276=VECTOR('',#8629,10.);
#2277=VECTOR('',#8630,10.);
#2278=VECTOR('',#8635,10.);
#2279=VECTOR('',#8636,10.);
#2280=VECTOR('',#8637,10.);
#2281=VECTOR('',#8640,10.);
#2282=VECTOR('',#8641,10.);
#2283=VECTOR('',#8644,10.);
#2284=VECTOR('',#8647,10.);
#2285=VECTOR('',#8652,10.);
#2286=VECTOR('',#8653,10.);
#2287=VECTOR('',#8654,10.);
#2288=VECTOR('',#8655,10.);
#2289=VECTOR('',#8658,10.);
#2290=VECTOR('',#8659,10.);
#2291=VECTOR('',#8660,10.);
#2292=VECTOR('',#8663,10.);
#2293=VECTOR('',#8664,10.);
#2294=VECTOR('',#8665,10.);
#2295=VECTOR('',#8668,10.);
#2296=VECTOR('',#8669,10.);
#2297=VECTOR('',#8672,10.);
#2298=VECTOR('',#8673,10.);
#2299=VECTOR('',#8674,10.);
#2300=VECTOR('',#8677,10.);
#2301=VECTOR('',#8678,10.);
#2302=VECTOR('',#8679,10.);
#2303=VECTOR('',#8680,10.);
#2304=VECTOR('',#8685,10.);
#2305=VECTOR('',#8686,10.);
#2306=VECTOR('',#8687,10.);
#2307=VECTOR('',#8690,10.);
#2308=VECTOR('',#8691,10.);
#2309=VECTOR('',#8694,10.);
#2310=VECTOR('',#8697,10.);
#2311=VECTOR('',#8702,10.);
#2312=VECTOR('',#8703,10.);
#2313=VECTOR('',#8704,10.);
#2314=VECTOR('',#8705,10.);
#2315=VECTOR('',#8708,10.);
#2316=VECTOR('',#8709,10.);
#2317=VECTOR('',#8710,10.);
#2318=VECTOR('',#8713,10.);
#2319=VECTOR('',#8714,10.);
#2320=VECTOR('',#8715,10.);
#2321=VECTOR('',#8718,10.);
#2322=VECTOR('',#8719,10.);
#2323=VECTOR('',#8722,10.);
#2324=VECTOR('',#8723,10.);
#2325=VECTOR('',#8724,10.);
#2326=VECTOR('',#8727,10.);
#2327=VECTOR('',#8728,10.);
#2328=VECTOR('',#8729,10.);
#2329=VECTOR('',#8730,10.);
#2330=VECTOR('',#8735,10.);
#2331=VECTOR('',#8736,10.);
#2332=VECTOR('',#8737,10.);
#2333=VECTOR('',#8740,10.);
#2334=VECTOR('',#8741,10.);
#2335=VECTOR('',#8744,10.);
#2336=VECTOR('',#8747,10.);
#2337=VECTOR('',#8752,10.);
#2338=VECTOR('',#8753,10.);
#2339=VECTOR('',#8754,10.);
#2340=VECTOR('',#8755,10.);
#2341=VECTOR('',#8758,10.);
#2342=VECTOR('',#8759,10.);
#2343=VECTOR('',#8760,10.);
#2344=VECTOR('',#8763,10.);
#2345=VECTOR('',#8764,10.);
#2346=VECTOR('',#8765,10.);
#2347=VECTOR('',#8768,10.);
#2348=VECTOR('',#8769,10.);
#2349=VECTOR('',#8772,10.);
#2350=VECTOR('',#8773,10.);
#2351=VECTOR('',#8774,10.);
#2352=VECTOR('',#8777,10.);
#2353=VECTOR('',#8778,10.);
#2354=VECTOR('',#8779,10.);
#2355=VECTOR('',#8780,10.);
#2356=VECTOR('',#8785,10.);
#2357=VECTOR('',#8786,10.);
#2358=VECTOR('',#8787,10.);
#2359=VECTOR('',#8790,10.);
#2360=VECTOR('',#8791,10.);
#2361=VECTOR('',#8794,10.);
#2362=VECTOR('',#8797,10.);
#2363=VECTOR('',#8802,10.);
#2364=VECTOR('',#8803,10.);
#2365=VECTOR('',#8804,10.);
#2366=VECTOR('',#8805,10.);
#2367=VECTOR('',#8808,10.);
#2368=VECTOR('',#8809,10.);
#2369=VECTOR('',#8810,10.);
#2370=VECTOR('',#8813,10.);
#2371=VECTOR('',#8814,10.);
#2372=VECTOR('',#8815,10.);
#2373=VECTOR('',#8818,10.);
#2374=VECTOR('',#8819,10.);
#2375=VECTOR('',#8822,10.);
#2376=VECTOR('',#8823,10.);
#2377=VECTOR('',#8824,10.);
#2378=VECTOR('',#8827,10.);
#2379=VECTOR('',#8828,10.);
#2380=VECTOR('',#8829,10.);
#2381=VECTOR('',#8830,10.);
#2382=VECTOR('',#8835,10.);
#2383=VECTOR('',#8836,10.);
#2384=VECTOR('',#8837,10.);
#2385=VECTOR('',#8840,10.);
#2386=VECTOR('',#8841,10.);
#2387=VECTOR('',#8844,10.);
#2388=VECTOR('',#8847,10.);
#2389=VECTOR('',#8852,10.);
#2390=VECTOR('',#8853,10.);
#2391=VECTOR('',#8854,10.);
#2392=VECTOR('',#8855,10.);
#2393=VECTOR('',#8858,10.);
#2394=VECTOR('',#8859,10.);
#2395=VECTOR('',#8860,10.);
#2396=VECTOR('',#8863,10.);
#2397=VECTOR('',#8864,10.);
#2398=VECTOR('',#8865,10.);
#2399=VECTOR('',#8868,10.);
#2400=VECTOR('',#8869,10.);
#2401=VECTOR('',#8872,10.);
#2402=VECTOR('',#8873,10.);
#2403=VECTOR('',#8874,10.);
#2404=VECTOR('',#8877,10.);
#2405=VECTOR('',#8878,10.);
#2406=VECTOR('',#8879,10.);
#2407=VECTOR('',#8880,10.);
#2408=VECTOR('',#8885,10.);
#2409=VECTOR('',#8886,10.);
#2410=VECTOR('',#8887,10.);
#2411=VECTOR('',#8890,10.);
#2412=VECTOR('',#8891,10.);
#2413=VECTOR('',#8894,10.);
#2414=VECTOR('',#8897,10.);
#2415=VECTOR('',#8902,10.);
#2416=VECTOR('',#8903,10.);
#2417=VECTOR('',#8904,10.);
#2418=VECTOR('',#8905,10.);
#2419=VECTOR('',#8908,10.);
#2420=VECTOR('',#8909,10.);
#2421=VECTOR('',#8910,10.);
#2422=VECTOR('',#8913,10.);
#2423=VECTOR('',#8914,10.);
#2424=VECTOR('',#8915,10.);
#2425=VECTOR('',#8918,10.);
#2426=VECTOR('',#8919,10.);
#2427=VECTOR('',#8922,10.);
#2428=VECTOR('',#8923,10.);
#2429=VECTOR('',#8924,10.);
#2430=VECTOR('',#8927,10.);
#2431=VECTOR('',#8928,10.);
#2432=VECTOR('',#8929,10.);
#2433=VECTOR('',#8930,10.);
#2434=VECTOR('',#8935,10.);
#2435=VECTOR('',#8936,10.);
#2436=VECTOR('',#8937,10.);
#2437=VECTOR('',#8940,10.);
#2438=VECTOR('',#8941,10.);
#2439=VECTOR('',#8944,10.);
#2440=VECTOR('',#8947,10.);
#2441=VECTOR('',#8952,10.);
#2442=VECTOR('',#8953,10.);
#2443=VECTOR('',#8954,10.);
#2444=VECTOR('',#8955,10.);
#2445=VECTOR('',#8958,10.);
#2446=VECTOR('',#8959,10.);
#2447=VECTOR('',#8960,10.);
#2448=VECTOR('',#8963,10.);
#2449=VECTOR('',#8964,10.);
#2450=VECTOR('',#8965,10.);
#2451=VECTOR('',#8968,10.);
#2452=VECTOR('',#8969,10.);
#2453=VECTOR('',#8972,10.);
#2454=VECTOR('',#8973,10.);
#2455=VECTOR('',#8974,10.);
#2456=VECTOR('',#8977,10.);
#2457=VECTOR('',#8978,10.);
#2458=VECTOR('',#8979,10.);
#2459=VECTOR('',#8980,10.);
#2460=VECTOR('',#8985,10.);
#2461=VECTOR('',#8986,10.);
#2462=VECTOR('',#8987,10.);
#2463=VECTOR('',#8990,10.);
#2464=VECTOR('',#8991,10.);
#2465=VECTOR('',#8994,10.);
#2466=VECTOR('',#8997,10.);
#2467=VECTOR('',#9002,10.);
#2468=VECTOR('',#9003,10.);
#2469=VECTOR('',#9004,10.);
#2470=VECTOR('',#9005,10.);
#2471=VECTOR('',#9008,10.);
#2472=VECTOR('',#9009,10.);
#2473=VECTOR('',#9010,10.);
#2474=VECTOR('',#9013,10.);
#2475=VECTOR('',#9014,10.);
#2476=VECTOR('',#9015,10.);
#2477=VECTOR('',#9018,10.);
#2478=VECTOR('',#9019,10.);
#2479=VECTOR('',#9022,10.);
#2480=VECTOR('',#9023,10.);
#2481=VECTOR('',#9024,10.);
#2482=VECTOR('',#9025,10.);
#2483=VECTOR('',#9028,10.);
#2484=VECTOR('',#9029,10.);
#2485=VECTOR('',#9030,10.);
#2486=VECTOR('',#9033,10.);
#2487=VECTOR('',#9034,10.);
#2488=VECTOR('',#9035,10.);
#2489=VECTOR('',#9038,10.);
#2490=VECTOR('',#9039,10.);
#2491=VECTOR('',#9042,10.);
#2492=VECTOR('',#9043,10.);
#2493=VECTOR('',#9044,10.);
#2494=VECTOR('',#9045,10.);
#2495=VECTOR('',#9048,10.);
#2496=VECTOR('',#9049,10.);
#2497=VECTOR('',#9050,10.);
#2498=VECTOR('',#9053,10.);
#2499=VECTOR('',#9054,10.);
#2500=VECTOR('',#9055,10.);
#2501=VECTOR('',#9058,10.);
#2502=VECTOR('',#9059,10.);
#2503=VECTOR('',#9062,10.);
#2504=VECTOR('',#9063,10.);
#2505=VECTOR('',#9064,10.);
#2506=VECTOR('',#9065,10.);
#2507=VECTOR('',#9068,10.);
#2508=VECTOR('',#9069,10.);
#2509=VECTOR('',#9070,10.);
#2510=VECTOR('',#9073,10.);
#2511=VECTOR('',#9074,10.);
#2512=VECTOR('',#9075,10.);
#2513=VECTOR('',#9078,10.);
#2514=VECTOR('',#9079,10.);
#2515=VECTOR('',#9082,10.);
#2516=VECTOR('',#9083,10.);
#2517=VECTOR('',#9084,10.);
#2518=VECTOR('',#9085,10.);
#2519=VECTOR('',#9088,10.);
#2520=VECTOR('',#9089,10.);
#2521=VECTOR('',#9090,10.);
#2522=VECTOR('',#9093,10.);
#2523=VECTOR('',#9094,10.);
#2524=VECTOR('',#9095,10.);
#2525=VECTOR('',#9098,10.);
#2526=VECTOR('',#9099,10.);
#2527=VECTOR('',#9102,10.);
#2528=VECTOR('',#9103,10.);
#2529=VECTOR('',#9104,10.);
#2530=VECTOR('',#9105,10.);
#2531=VECTOR('',#9108,10.);
#2532=VECTOR('',#9109,10.);
#2533=VECTOR('',#9110,10.);
#2534=VECTOR('',#9113,10.);
#2535=VECTOR('',#9114,10.);
#2536=VECTOR('',#9115,10.);
#2537=VECTOR('',#9118,10.);
#2538=VECTOR('',#9119,10.);
#2539=VECTOR('',#9122,10.);
#2540=VECTOR('',#9123,10.);
#2541=VECTOR('',#9124,10.);
#2542=VECTOR('',#9125,10.);
#2543=VECTOR('',#9128,10.);
#2544=VECTOR('',#9129,10.);
#2545=VECTOR('',#9130,10.);
#2546=VECTOR('',#9133,10.);
#2547=VECTOR('',#9134,10.);
#2548=VECTOR('',#9135,10.);
#2549=VECTOR('',#9138,10.);
#2550=VECTOR('',#9139,10.);
#2551=VECTOR('',#9142,10.);
#2552=VECTOR('',#9143,10.);
#2553=VECTOR('',#9144,10.);
#2554=VECTOR('',#9145,10.);
#2555=VECTOR('',#9148,10.);
#2556=VECTOR('',#9149,10.);
#2557=VECTOR('',#9150,10.);
#2558=VECTOR('',#9153,10.);
#2559=VECTOR('',#9154,10.);
#2560=VECTOR('',#9155,10.);
#2561=VECTOR('',#9158,10.);
#2562=VECTOR('',#9159,10.);
#2563=VECTOR('',#9162,10.);
#2564=VECTOR('',#9163,10.);
#2565=VECTOR('',#9164,10.);
#2566=VECTOR('',#9165,10.);
#2567=VECTOR('',#9168,10.);
#2568=VECTOR('',#9169,10.);
#2569=VECTOR('',#9170,10.);
#2570=VECTOR('',#9173,10.);
#2571=VECTOR('',#9174,10.);
#2572=VECTOR('',#9175,10.);
#2573=VECTOR('',#9178,10.);
#2574=VECTOR('',#9179,10.);
#2575=VECTOR('',#9182,10.);
#2576=VECTOR('',#9183,10.);
#2577=VECTOR('',#9184,10.);
#2578=VECTOR('',#9187,10.);
#2579=VECTOR('',#9188,10.);
#2580=VECTOR('',#9189,10.);
#2581=VECTOR('',#9192,10.);
#2582=VECTOR('',#9193,10.);
#2583=VECTOR('',#9194,10.);
#2584=VECTOR('',#9197,10.);
#2585=VECTOR('',#9198,10.);
#2586=VECTOR('',#9199,10.);
#2587=VECTOR('',#9202,10.);
#2588=VECTOR('',#9203,10.);
#2589=VECTOR('',#9204,10.);
#2590=VECTOR('',#9207,10.);
#2591=VECTOR('',#9208,10.);
#2592=VECTOR('',#9209,10.);
#2593=VECTOR('',#9212,10.);
#2594=VECTOR('',#9213,10.);
#2595=VECTOR('',#9214,10.);
#2596=VECTOR('',#9217,10.);
#2597=VECTOR('',#9218,10.);
#2598=VECTOR('',#9219,10.);
#2599=VECTOR('',#9222,10.);
#2600=VECTOR('',#9223,10.);
#2601=VECTOR('',#9224,10.);
#2602=VECTOR('',#9227,10.);
#2603=VECTOR('',#9228,10.);
#2604=VECTOR('',#9229,10.);
#2605=VECTOR('',#9232,10.);
#2606=VECTOR('',#9233,10.);
#2607=VECTOR('',#9234,10.);
#2608=VECTOR('',#9237,10.);
#2609=VECTOR('',#9238,10.);
#2610=VECTOR('',#9239,10.);
#2611=VECTOR('',#9242,10.);
#2612=VECTOR('',#9243,10.);
#2613=VECTOR('',#9244,10.);
#2614=VECTOR('',#9247,10.);
#2615=VECTOR('',#9248,10.);
#2616=VECTOR('',#9249,10.);
#2617=VECTOR('',#9252,10.);
#2618=VECTOR('',#9253,10.);
#2619=VECTOR('',#9254,10.);
#2620=VECTOR('',#9257,10.);
#2621=VECTOR('',#9258,10.);
#2622=VECTOR('',#9259,10.);
#2623=VECTOR('',#9262,10.);
#2624=VECTOR('',#9263,10.);
#2625=VECTOR('',#9264,10.);
#2626=VECTOR('',#9267,10.);
#2627=VECTOR('',#9268,10.);
#2628=VECTOR('',#9269,10.);
#2629=VECTOR('',#9272,10.);
#2630=VECTOR('',#9273,10.);
#2631=VECTOR('',#9274,10.);
#2632=VECTOR('',#9275,10.);
#2633=VECTOR('',#9278,10.);
#2634=VECTOR('',#9279,10.);
#2635=VECTOR('',#9280,10.);
#2636=VECTOR('',#9283,10.);
#2637=VECTOR('',#9284,10.);
#2638=VECTOR('',#9285,10.);
#2639=VECTOR('',#9288,10.);
#2640=VECTOR('',#9289,10.);
#2641=VECTOR('',#9290,10.);
#2642=VECTOR('',#9293,10.);
#2643=VECTOR('',#9294,10.);
#2644=VECTOR('',#9297,10.);
#2645=VECTOR('',#9298,10.);
#2646=VECTOR('',#9299,10.);
#2647=VECTOR('',#9302,10.);
#2648=VECTOR('',#9303,10.);
#2649=VECTOR('',#9304,10.);
#2650=VECTOR('',#9307,10.);
#2651=VECTOR('',#9308,10.);
#2652=VECTOR('',#9311,10.);
#2653=VECTOR('',#9312,10.);
#2654=VECTOR('',#9313,10.);
#2655=VECTOR('',#9316,10.);
#2656=VECTOR('',#9317,10.);
#2657=VECTOR('',#9318,10.);
#2658=VECTOR('',#9321,10.);
#2659=VECTOR('',#9322,10.);
#2660=VECTOR('',#9325,10.);
#2661=VECTOR('',#9326,10.);
#2662=VECTOR('',#9327,10.);
#2663=VECTOR('',#9330,10.);
#2664=VECTOR('',#9331,10.);
#2665=VECTOR('',#9332,10.);
#2666=VECTOR('',#9335,10.);
#2667=VECTOR('',#9336,10.);
#2668=VECTOR('',#9339,10.);
#2669=VECTOR('',#9340,10.);
#2670=VECTOR('',#9341,10.);
#2671=VECTOR('',#9344,10.);
#2672=VECTOR('',#9345,10.);
#2673=VECTOR('',#9346,10.);
#2674=VECTOR('',#9349,10.);
#2675=VECTOR('',#9350,10.);
#2676=VECTOR('',#9353,10.);
#2677=VECTOR('',#9354,10.);
#2678=VECTOR('',#9355,10.);
#2679=VECTOR('',#9358,10.);
#2680=VECTOR('',#9359,10.);
#2681=VECTOR('',#9360,10.);
#2682=VECTOR('',#9363,10.);
#2683=VECTOR('',#9364,10.);
#2684=VECTOR('',#9367,10.);
#2685=VECTOR('',#9368,10.);
#2686=VECTOR('',#9369,10.);
#2687=VECTOR('',#9372,10.);
#2688=VECTOR('',#9373,10.);
#2689=VECTOR('',#9374,10.);
#2690=VECTOR('',#9377,10.);
#2691=VECTOR('',#9378,10.);
#2692=VECTOR('',#9381,10.);
#2693=VECTOR('',#9382,10.);
#2694=VECTOR('',#9383,10.);
#2695=VECTOR('',#9386,10.);
#2696=VECTOR('',#9387,10.);
#2697=VECTOR('',#9388,10.);
#2698=VECTOR('',#9391,10.);
#2699=VECTOR('',#9392,10.);
#2700=VECTOR('',#9395,10.);
#2701=VECTOR('',#9396,10.);
#2702=VECTOR('',#9397,10.);
#2703=VECTOR('',#9400,10.);
#2704=VECTOR('',#9401,10.);
#2705=VECTOR('',#9402,10.);
#2706=VECTOR('',#9405,10.);
#2707=VECTOR('',#9406,10.);
#2708=VECTOR('',#9409,10.);
#2709=VECTOR('',#9410,10.);
#2710=VECTOR('',#9411,10.);
#2711=VECTOR('',#9414,10.);
#2712=VECTOR('',#9415,10.);
#2713=VECTOR('',#9416,10.);
#2714=VECTOR('',#9419,10.);
#2715=VECTOR('',#9420,10.);
#2716=VECTOR('',#9421,10.);
#2717=VECTOR('',#9424,10.);
#2718=VECTOR('',#9425,10.);
#2719=VECTOR('',#9426,10.);
#2720=VECTOR('',#9427,10.);
#2721=VECTOR('',#9430,10.);
#2722=VECTOR('',#9431,10.);
#2723=VECTOR('',#9432,10.);
#2724=VECTOR('',#9435,10.);
#2725=VECTOR('',#9436,10.);
#2726=VECTOR('',#9437,10.);
#2727=VECTOR('',#9440,10.);
#2728=VECTOR('',#9441,10.);
#2729=VECTOR('',#9442,10.);
#2730=VECTOR('',#9445,10.);
#2731=VECTOR('',#9446,10.);
#2732=VECTOR('',#9447,10.);
#2733=VECTOR('',#9450,10.);
#2734=VECTOR('',#9451,10.);
#2735=VECTOR('',#9452,10.);
#2736=VECTOR('',#9455,10.);
#2737=VECTOR('',#9456,10.);
#2738=VECTOR('',#9457,10.);
#2739=VECTOR('',#9460,10.);
#2740=VECTOR('',#9461,10.);
#2741=VECTOR('',#9462,10.);
#2742=VECTOR('',#9465,10.);
#2743=VECTOR('',#9466,10.);
#2744=VECTOR('',#9467,10.);
#2745=VECTOR('',#9470,10.);
#2746=VECTOR('',#9471,10.);
#2747=VECTOR('',#9472,10.);
#2748=VECTOR('',#9475,10.);
#2749=VECTOR('',#9476,10.);
#2750=VECTOR('',#9477,10.);
#2751=VECTOR('',#9480,10.);
#2752=VECTOR('',#9481,10.);
#2753=VECTOR('',#9482,10.);
#2754=VECTOR('',#9485,10.);
#2755=VECTOR('',#9486,10.);
#2756=VECTOR('',#9487,10.);
#2757=VECTOR('',#9490,10.);
#2758=VECTOR('',#9491,10.);
#2759=VECTOR('',#9492,10.);
#2760=VECTOR('',#9495,10.);
#2761=VECTOR('',#9496,10.);
#2762=VECTOR('',#9497,10.);
#2763=VECTOR('',#9500,10.);
#2764=VECTOR('',#9501,10.);
#2765=VECTOR('',#9502,10.);
#2766=VECTOR('',#9505,10.);
#2767=VECTOR('',#9506,10.);
#2768=VECTOR('',#9507,10.);
#2769=VECTOR('',#9510,10.);
#2770=VECTOR('',#9511,10.);
#2771=VECTOR('',#9512,10.);
#2772=VECTOR('',#9515,10.);
#2773=VECTOR('',#9516,10.);
#2774=VECTOR('',#9517,10.);
#2775=VECTOR('',#9520,10.);
#2776=VECTOR('',#9521,10.);
#2777=VECTOR('',#9522,10.);
#2778=VECTOR('',#9525,10.);
#2779=VECTOR('',#9526,10.);
#2780=VECTOR('',#9527,10.);
#2781=VECTOR('',#9530,10.);
#2782=VECTOR('',#9531,10.);
#2783=VECTOR('',#9532,10.);
#2784=VECTOR('',#9535,10.);
#2785=VECTOR('',#9536,10.);
#2786=VECTOR('',#9537,10.);
#2787=VECTOR('',#9540,10.);
#2788=VECTOR('',#9541,10.);
#2789=VECTOR('',#9544,10.);
#2790=VECTOR('',#9545,10.);
#2791=VECTOR('',#9546,10.);
#2792=VECTOR('',#9547,10.);
#2793=VECTOR('',#9550,10.);
#2794=VECTOR('',#9551,10.);
#2795=VECTOR('',#9552,10.);
#2796=VECTOR('',#9555,10.);
#2797=VECTOR('',#9556,10.);
#2798=VECTOR('',#9557,10.);
#2799=VECTOR('',#9560,10.);
#2800=VECTOR('',#9561,10.);
#2801=VECTOR('',#9562,10.);
#2802=VECTOR('',#9565,10.);
#2803=VECTOR('',#9566,10.);
#2804=VECTOR('',#9567,10.);
#2805=VECTOR('',#9570,10.);
#2806=VECTOR('',#9571,10.);
#2807=VECTOR('',#9572,10.);
#2808=VECTOR('',#9575,10.);
#2809=VECTOR('',#9576,10.);
#2810=VECTOR('',#9577,10.);
#2811=VECTOR('',#9580,10.);
#2812=VECTOR('',#9581,10.);
#2813=VECTOR('',#9582,10.);
#2814=VECTOR('',#9585,10.);
#2815=VECTOR('',#9586,10.);
#2816=VECTOR('',#9587,10.);
#2817=VECTOR('',#9590,10.);
#2818=VECTOR('',#9591,10.);
#2819=VECTOR('',#9592,10.);
#2820=VECTOR('',#9595,10.);
#2821=VECTOR('',#9596,10.);
#2822=VECTOR('',#9597,10.);
#2823=VECTOR('',#9600,10.);
#2824=VECTOR('',#9601,10.);
#2825=VECTOR('',#9602,10.);
#2826=VECTOR('',#9605,10.);
#2827=VECTOR('',#9606,10.);
#2828=VECTOR('',#9607,10.);
#2829=VECTOR('',#9610,10.);
#2830=VECTOR('',#9611,10.);
#2831=VECTOR('',#9612,10.);
#2832=VECTOR('',#9615,10.);
#2833=VECTOR('',#9616,10.);
#2834=VECTOR('',#9617,10.);
#2835=VECTOR('',#9620,10.);
#2836=VECTOR('',#9621,10.);
#2837=VECTOR('',#9622,10.);
#2838=VECTOR('',#9625,10.);
#2839=VECTOR('',#9626,10.);
#2840=VECTOR('',#9627,10.);
#2841=VECTOR('',#9630,10.);
#2842=VECTOR('',#9631,10.);
#2843=VECTOR('',#9634,10.);
#2844=VECTOR('',#9635,10.);
#2845=VECTOR('',#9636,10.);
#2846=VECTOR('',#9639,10.);
#2847=VECTOR('',#9640,10.);
#2848=VECTOR('',#9641,10.);
#2849=VECTOR('',#9644,10.);
#2850=VECTOR('',#9645,10.);
#2851=VECTOR('',#9646,10.);
#2852=VECTOR('',#9647,10.);
#2853=VECTOR('',#9648,10.);
#2854=VECTOR('',#9649,10.);
#2855=VECTOR('',#9650,10.);
#2856=VECTOR('',#9651,10.);
#2857=VECTOR('',#9652,10.);
#2858=VECTOR('',#9653,10.);
#2859=VECTOR('',#9654,10.);
#2860=VECTOR('',#9655,10.);
#2861=VECTOR('',#9656,10.);
#2862=VECTOR('',#9657,10.);
#2863=VECTOR('',#9658,10.);
#2864=VECTOR('',#9659,10.);
#2865=VECTOR('',#9660,10.);
#2866=VECTOR('',#9661,10.);
#2867=VECTOR('',#9662,10.);
#2868=VECTOR('',#9665,10.);
#2869=VECTOR('',#9666,10.);
#2870=VECTOR('',#9667,10.);
#2871=VECTOR('',#9668,10.);
#2872=VECTOR('',#9669,10.);
#2873=VECTOR('',#9670,10.);
#2874=VECTOR('',#9671,10.);
#2875=VECTOR('',#9672,10.);
#2876=VECTOR('',#9675,10.);
#2877=VECTOR('',#9676,10.);
#2878=VECTOR('',#9677,10.);
#2879=VECTOR('',#9680,10.);
#2880=VECTOR('',#9681,10.);
#2881=VECTOR('',#9682,10.);
#2882=VECTOR('',#9685,10.);
#2883=VECTOR('',#9686,10.);
#2884=VECTOR('',#9687,10.);
#2885=VECTOR('',#9688,10.);
#2886=VECTOR('',#9689,10.);
#2887=VECTOR('',#9690,10.);
#2888=VECTOR('',#9691,10.);
#2889=VECTOR('',#9692,10.);
#2890=VECTOR('',#9693,10.);
#2891=VECTOR('',#9694,10.);
#2892=VECTOR('',#9695,10.);
#2893=VECTOR('',#9698,10.);
#2894=VECTOR('',#9699,10.);
#2895=VECTOR('',#9700,10.);
#2896=VECTOR('',#9703,10.);
#2897=VECTOR('',#9704,10.);
#2898=VECTOR('',#9705,10.);
#2899=VECTOR('',#9706,10.);
#2900=VECTOR('',#9707,10.);
#2901=VECTOR('',#9708,10.);
#2902=VECTOR('',#9709,10.);
#2903=VECTOR('',#9712,10.);
#2904=VECTOR('',#9713,10.);
#2905=VECTOR('',#9714,10.);
#2906=VECTOR('',#9715,10.);
#2907=VECTOR('',#9716,10.);
#2908=VECTOR('',#9717,10.);
#2909=VECTOR('',#9718,10.);
#2910=VECTOR('',#9719,10.);
#2911=VECTOR('',#9720,10.);
#2912=VECTOR('',#9721,10.);
#2913=VECTOR('',#9724,10.);
#2914=VECTOR('',#9725,10.);
#2915=VECTOR('',#9726,10.);
#2916=VECTOR('',#9729,10.);
#2917=VECTOR('',#9730,10.);
#2918=VECTOR('',#9731,10.);
#2919=VECTOR('',#9734,10.);
#2920=VECTOR('',#9735,10.);
#2921=VECTOR('',#9738,10.);
#2922=VECTOR('',#9739,10.);
#2923=VECTOR('',#9740,10.);
#2924=VECTOR('',#9743,10.);
#2925=VECTOR('',#9744,10.);
#2926=VECTOR('',#9747,10.);
#2927=VECTOR('',#9750,10.);
#2928=VECTOR('',#9751,10.);
#2929=VECTOR('',#9752,10.);
#2930=VECTOR('',#9753,10.);
#2931=VECTOR('',#9754,10.);
#2932=VECTOR('',#9755,10.);
#2933=VECTOR('',#9756,10.);
#2934=VECTOR('',#9759,10.);
#2935=VECTOR('',#9760,10.);
#2936=VECTOR('',#9763,10.);
#2937=VECTOR('',#9764,10.);
#2938=VECTOR('',#9765,10.);
#2939=VECTOR('',#9768,10.);
#2940=VECTOR('',#9769,10.);
#2941=VECTOR('',#9772,10.);
#2942=VECTOR('',#9773,10.);
#2943=VECTOR('',#9776,10.);
#2944=VECTOR('',#9779,10.);
#2945=VECTOR('',#9782,10.);
#2946=VECTOR('',#9785,10.);
#2947=VECTOR('',#9790,10.);
#2948=VECTOR('',#9791,10.);
#2949=VECTOR('',#9792,10.);
#2950=VECTOR('',#9795,10.);
#2951=VECTOR('',#9796,10.);
#2952=VECTOR('',#9799,10.);
#2953=VECTOR('',#9800,10.);
#2954=VECTOR('',#9803,10.);
#2955=VECTOR('',#9806,10.);
#2956=VECTOR('',#9809,10.);
#2957=VECTOR('',#9812,10.);
#2958=VECTOR('',#9817,10.);
#2959=VECTOR('',#9818,10.);
#2960=VECTOR('',#9819,10.);
#2961=VECTOR('',#9822,10.);
#2962=VECTOR('',#9823,10.);
#2963=VECTOR('',#9826,10.);
#2964=VECTOR('',#9827,10.);
#2965=VECTOR('',#9830,10.);
#2966=VECTOR('',#9833,10.);
#2967=VECTOR('',#9834,10.);
#2968=VECTOR('',#9837,10.);
#2969=VECTOR('',#9838,10.);
#2970=VECTOR('',#9841,10.);
#2971=VECTOR('',#9842,10.);
#2972=VECTOR('',#9845,10.);
#2973=VECTOR('',#9846,10.);
#2974=VECTOR('',#9849,10.);
#2975=VECTOR('',#9850,10.);
#2976=VECTOR('',#9853,10.);
#2977=VERTEX_POINT('',#9865);
#2978=VERTEX_POINT('',#9866);
#2979=VERTEX_POINT('',#9868);
#2980=VERTEX_POINT('',#9870);
#2981=VERTEX_POINT('',#9874);
#2982=VERTEX_POINT('',#9876);
#2983=VERTEX_POINT('',#9880);
#2984=VERTEX_POINT('',#9882);
#2985=VERTEX_POINT('',#9889);
#2986=VERTEX_POINT('',#9891);
#2987=VERTEX_POINT('',#9895);
#2988=VERTEX_POINT('',#9897);
#2989=VERTEX_POINT('',#9899);
#2990=VERTEX_POINT('',#9904);
#2991=VERTEX_POINT('',#9906);
#2992=VERTEX_POINT('',#9910);
#2993=VERTEX_POINT('',#9919);
#2994=VERTEX_POINT('',#9920);
#2995=VERTEX_POINT('',#9922);
#2996=VERTEX_POINT('',#9924);
#2997=VERTEX_POINT('',#9928);
#2998=VERTEX_POINT('',#9930);
#2999=VERTEX_POINT('',#9934);
#3000=VERTEX_POINT('',#9936);
#3001=VERTEX_POINT('',#9943);
#3002=VERTEX_POINT('',#9945);
#3003=VERTEX_POINT('',#9949);
#3004=VERTEX_POINT('',#9951);
#3005=VERTEX_POINT('',#9953);
#3006=VERTEX_POINT('',#9958);
#3007=VERTEX_POINT('',#9960);
#3008=VERTEX_POINT('',#9964);
#3009=VERTEX_POINT('',#9973);
#3010=VERTEX_POINT('',#9974);
#3011=VERTEX_POINT('',#9976);
#3012=VERTEX_POINT('',#9978);
#3013=VERTEX_POINT('',#9982);
#3014=VERTEX_POINT('',#9984);
#3015=VERTEX_POINT('',#9988);
#3016=VERTEX_POINT('',#9990);
#3017=VERTEX_POINT('',#9997);
#3018=VERTEX_POINT('',#9999);
#3019=VERTEX_POINT('',#10003);
#3020=VERTEX_POINT('',#10005);
#3021=VERTEX_POINT('',#10007);
#3022=VERTEX_POINT('',#10012);
#3023=VERTEX_POINT('',#10014);
#3024=VERTEX_POINT('',#10018);
#3025=VERTEX_POINT('',#10027);
#3026=VERTEX_POINT('',#10028);
#3027=VERTEX_POINT('',#10030);
#3028=VERTEX_POINT('',#10032);
#3029=VERTEX_POINT('',#10036);
#3030=VERTEX_POINT('',#10038);
#3031=VERTEX_POINT('',#10042);
#3032=VERTEX_POINT('',#10044);
#3033=VERTEX_POINT('',#10051);
#3034=VERTEX_POINT('',#10053);
#3035=VERTEX_POINT('',#10057);
#3036=VERTEX_POINT('',#10059);
#3037=VERTEX_POINT('',#10061);
#3038=VERTEX_POINT('',#10066);
#3039=VERTEX_POINT('',#10068);
#3040=VERTEX_POINT('',#10072);
#3041=VERTEX_POINT('',#10081);
#3042=VERTEX_POINT('',#10082);
#3043=VERTEX_POINT('',#10084);
#3044=VERTEX_POINT('',#10086);
#3045=VERTEX_POINT('',#10090);
#3046=VERTEX_POINT('',#10092);
#3047=VERTEX_POINT('',#10096);
#3048=VERTEX_POINT('',#10098);
#3049=VERTEX_POINT('',#10105);
#3050=VERTEX_POINT('',#10107);
#3051=VERTEX_POINT('',#10111);
#3052=VERTEX_POINT('',#10113);
#3053=VERTEX_POINT('',#10115);
#3054=VERTEX_POINT('',#10120);
#3055=VERTEX_POINT('',#10122);
#3056=VERTEX_POINT('',#10126);
#3057=VERTEX_POINT('',#10135);
#3058=VERTEX_POINT('',#10136);
#3059=VERTEX_POINT('',#10138);
#3060=VERTEX_POINT('',#10140);
#3061=VERTEX_POINT('',#10144);
#3062=VERTEX_POINT('',#10146);
#3063=VERTEX_POINT('',#10150);
#3064=VERTEX_POINT('',#10152);
#3065=VERTEX_POINT('',#10159);
#3066=VERTEX_POINT('',#10161);
#3067=VERTEX_POINT('',#10165);
#3068=VERTEX_POINT('',#10167);
#3069=VERTEX_POINT('',#10169);
#3070=VERTEX_POINT('',#10174);
#3071=VERTEX_POINT('',#10176);
#3072=VERTEX_POINT('',#10180);
#3073=VERTEX_POINT('',#10189);
#3074=VERTEX_POINT('',#10190);
#3075=VERTEX_POINT('',#10192);
#3076=VERTEX_POINT('',#10194);
#3077=VERTEX_POINT('',#10198);
#3078=VERTEX_POINT('',#10200);
#3079=VERTEX_POINT('',#10204);
#3080=VERTEX_POINT('',#10206);
#3081=VERTEX_POINT('',#10213);
#3082=VERTEX_POINT('',#10215);
#3083=VERTEX_POINT('',#10219);
#3084=VERTEX_POINT('',#10221);
#3085=VERTEX_POINT('',#10223);
#3086=VERTEX_POINT('',#10228);
#3087=VERTEX_POINT('',#10230);
#3088=VERTEX_POINT('',#10234);
#3089=VERTEX_POINT('',#10243);
#3090=VERTEX_POINT('',#10244);
#3091=VERTEX_POINT('',#10246);
#3092=VERTEX_POINT('',#10248);
#3093=VERTEX_POINT('',#10252);
#3094=VERTEX_POINT('',#10254);
#3095=VERTEX_POINT('',#10258);
#3096=VERTEX_POINT('',#10260);
#3097=VERTEX_POINT('',#10267);
#3098=VERTEX_POINT('',#10269);
#3099=VERTEX_POINT('',#10273);
#3100=VERTEX_POINT('',#10275);
#3101=VERTEX_POINT('',#10277);
#3102=VERTEX_POINT('',#10282);
#3103=VERTEX_POINT('',#10284);
#3104=VERTEX_POINT('',#10288);
#3105=VERTEX_POINT('',#10297);
#3106=VERTEX_POINT('',#10298);
#3107=VERTEX_POINT('',#10300);
#3108=VERTEX_POINT('',#10302);
#3109=VERTEX_POINT('',#10306);
#3110=VERTEX_POINT('',#10308);
#3111=VERTEX_POINT('',#10312);
#3112=VERTEX_POINT('',#10314);
#3113=VERTEX_POINT('',#10321);
#3114=VERTEX_POINT('',#10323);
#3115=VERTEX_POINT('',#10327);
#3116=VERTEX_POINT('',#10329);
#3117=VERTEX_POINT('',#10331);
#3118=VERTEX_POINT('',#10336);
#3119=VERTEX_POINT('',#10338);
#3120=VERTEX_POINT('',#10342);
#3121=VERTEX_POINT('',#10351);
#3122=VERTEX_POINT('',#10352);
#3123=VERTEX_POINT('',#10354);
#3124=VERTEX_POINT('',#10356);
#3125=VERTEX_POINT('',#10360);
#3126=VERTEX_POINT('',#10362);
#3127=VERTEX_POINT('',#10366);
#3128=VERTEX_POINT('',#10368);
#3129=VERTEX_POINT('',#10375);
#3130=VERTEX_POINT('',#10377);
#3131=VERTEX_POINT('',#10381);
#3132=VERTEX_POINT('',#10383);
#3133=VERTEX_POINT('',#10385);
#3134=VERTEX_POINT('',#10390);
#3135=VERTEX_POINT('',#10392);
#3136=VERTEX_POINT('',#10396);
#3137=VERTEX_POINT('',#10405);
#3138=VERTEX_POINT('',#10406);
#3139=VERTEX_POINT('',#10408);
#3140=VERTEX_POINT('',#10410);
#3141=VERTEX_POINT('',#10414);
#3142=VERTEX_POINT('',#10416);
#3143=VERTEX_POINT('',#10420);
#3144=VERTEX_POINT('',#10422);
#3145=VERTEX_POINT('',#10429);
#3146=VERTEX_POINT('',#10431);
#3147=VERTEX_POINT('',#10435);
#3148=VERTEX_POINT('',#10437);
#3149=VERTEX_POINT('',#10439);
#3150=VERTEX_POINT('',#10444);
#3151=VERTEX_POINT('',#10446);
#3152=VERTEX_POINT('',#10450);
#3153=VERTEX_POINT('',#10459);
#3154=VERTEX_POINT('',#10460);
#3155=VERTEX_POINT('',#10462);
#3156=VERTEX_POINT('',#10464);
#3157=VERTEX_POINT('',#10468);
#3158=VERTEX_POINT('',#10470);
#3159=VERTEX_POINT('',#10474);
#3160=VERTEX_POINT('',#10476);
#3161=VERTEX_POINT('',#10483);
#3162=VERTEX_POINT('',#10485);
#3163=VERTEX_POINT('',#10489);
#3164=VERTEX_POINT('',#10491);
#3165=VERTEX_POINT('',#10493);
#3166=VERTEX_POINT('',#10498);
#3167=VERTEX_POINT('',#10500);
#3168=VERTEX_POINT('',#10504);
#3169=VERTEX_POINT('',#10513);
#3170=VERTEX_POINT('',#10514);
#3171=VERTEX_POINT('',#10516);
#3172=VERTEX_POINT('',#10518);
#3173=VERTEX_POINT('',#10522);
#3174=VERTEX_POINT('',#10524);
#3175=VERTEX_POINT('',#10528);
#3176=VERTEX_POINT('',#10530);
#3177=VERTEX_POINT('',#10537);
#3178=VERTEX_POINT('',#10539);
#3179=VERTEX_POINT('',#10543);
#3180=VERTEX_POINT('',#10545);
#3181=VERTEX_POINT('',#10547);
#3182=VERTEX_POINT('',#10552);
#3183=VERTEX_POINT('',#10554);
#3184=VERTEX_POINT('',#10558);
#3185=VERTEX_POINT('',#10567);
#3186=VERTEX_POINT('',#10568);
#3187=VERTEX_POINT('',#10570);
#3188=VERTEX_POINT('',#10572);
#3189=VERTEX_POINT('',#10576);
#3190=VERTEX_POINT('',#10578);
#3191=VERTEX_POINT('',#10582);
#3192=VERTEX_POINT('',#10584);
#3193=VERTEX_POINT('',#10591);
#3194=VERTEX_POINT('',#10593);
#3195=VERTEX_POINT('',#10597);
#3196=VERTEX_POINT('',#10599);
#3197=VERTEX_POINT('',#10601);
#3198=VERTEX_POINT('',#10606);
#3199=VERTEX_POINT('',#10608);
#3200=VERTEX_POINT('',#10612);
#3201=VERTEX_POINT('',#10621);
#3202=VERTEX_POINT('',#10622);
#3203=VERTEX_POINT('',#10624);
#3204=VERTEX_POINT('',#10626);
#3205=VERTEX_POINT('',#10630);
#3206=VERTEX_POINT('',#10632);
#3207=VERTEX_POINT('',#10636);
#3208=VERTEX_POINT('',#10638);
#3209=VERTEX_POINT('',#10645);
#3210=VERTEX_POINT('',#10647);
#3211=VERTEX_POINT('',#10651);
#3212=VERTEX_POINT('',#10653);
#3213=VERTEX_POINT('',#10655);
#3214=VERTEX_POINT('',#10660);
#3215=VERTEX_POINT('',#10662);
#3216=VERTEX_POINT('',#10666);
#3217=VERTEX_POINT('',#10675);
#3218=VERTEX_POINT('',#10676);
#3219=VERTEX_POINT('',#10678);
#3220=VERTEX_POINT('',#10680);
#3221=VERTEX_POINT('',#10684);
#3222=VERTEX_POINT('',#10686);
#3223=VERTEX_POINT('',#10690);
#3224=VERTEX_POINT('',#10692);
#3225=VERTEX_POINT('',#10699);
#3226=VERTEX_POINT('',#10701);
#3227=VERTEX_POINT('',#10705);
#3228=VERTEX_POINT('',#10707);
#3229=VERTEX_POINT('',#10709);
#3230=VERTEX_POINT('',#10714);
#3231=VERTEX_POINT('',#10716);
#3232=VERTEX_POINT('',#10720);
#3233=VERTEX_POINT('',#10729);
#3234=VERTEX_POINT('',#10730);
#3235=VERTEX_POINT('',#10732);
#3236=VERTEX_POINT('',#10734);
#3237=VERTEX_POINT('',#10738);
#3238=VERTEX_POINT('',#10740);
#3239=VERTEX_POINT('',#10744);
#3240=VERTEX_POINT('',#10746);
#3241=VERTEX_POINT('',#10753);
#3242=VERTEX_POINT('',#10755);
#3243=VERTEX_POINT('',#10759);
#3244=VERTEX_POINT('',#10761);
#3245=VERTEX_POINT('',#10763);
#3246=VERTEX_POINT('',#10768);
#3247=VERTEX_POINT('',#10770);
#3248=VERTEX_POINT('',#10774);
#3249=VERTEX_POINT('',#10783);
#3250=VERTEX_POINT('',#10784);
#3251=VERTEX_POINT('',#10786);
#3252=VERTEX_POINT('',#10788);
#3253=VERTEX_POINT('',#10792);
#3254=VERTEX_POINT('',#10794);
#3255=VERTEX_POINT('',#10798);
#3256=VERTEX_POINT('',#10800);
#3257=VERTEX_POINT('',#10807);
#3258=VERTEX_POINT('',#10809);
#3259=VERTEX_POINT('',#10813);
#3260=VERTEX_POINT('',#10815);
#3261=VERTEX_POINT('',#10817);
#3262=VERTEX_POINT('',#10822);
#3263=VERTEX_POINT('',#10824);
#3264=VERTEX_POINT('',#10828);
#3265=VERTEX_POINT('',#10837);
#3266=VERTEX_POINT('',#10838);
#3267=VERTEX_POINT('',#10840);
#3268=VERTEX_POINT('',#10842);
#3269=VERTEX_POINT('',#10846);
#3270=VERTEX_POINT('',#10848);
#3271=VERTEX_POINT('',#10852);
#3272=VERTEX_POINT('',#10854);
#3273=VERTEX_POINT('',#10861);
#3274=VERTEX_POINT('',#10863);
#3275=VERTEX_POINT('',#10867);
#3276=VERTEX_POINT('',#10869);
#3277=VERTEX_POINT('',#10871);
#3278=VERTEX_POINT('',#10876);
#3279=VERTEX_POINT('',#10878);
#3280=VERTEX_POINT('',#10882);
#3281=VERTEX_POINT('',#10891);
#3282=VERTEX_POINT('',#10892);
#3283=VERTEX_POINT('',#10894);
#3284=VERTEX_POINT('',#10896);
#3285=VERTEX_POINT('',#10900);
#3286=VERTEX_POINT('',#10902);
#3287=VERTEX_POINT('',#10906);
#3288=VERTEX_POINT('',#10908);
#3289=VERTEX_POINT('',#10915);
#3290=VERTEX_POINT('',#10917);
#3291=VERTEX_POINT('',#10921);
#3292=VERTEX_POINT('',#10923);
#3293=VERTEX_POINT('',#10925);
#3294=VERTEX_POINT('',#10930);
#3295=VERTEX_POINT('',#10932);
#3296=VERTEX_POINT('',#10936);
#3297=VERTEX_POINT('',#10945);
#3298=VERTEX_POINT('',#10946);
#3299=VERTEX_POINT('',#10948);
#3300=VERTEX_POINT('',#10950);
#3301=VERTEX_POINT('',#10954);
#3302=VERTEX_POINT('',#10956);
#3303=VERTEX_POINT('',#10960);
#3304=VERTEX_POINT('',#10962);
#3305=VERTEX_POINT('',#10969);
#3306=VERTEX_POINT('',#10970);
#3307=VERTEX_POINT('',#10972);
#3308=VERTEX_POINT('',#10974);
#3309=VERTEX_POINT('',#10978);
#3310=VERTEX_POINT('',#10980);
#3311=VERTEX_POINT('',#10984);
#3312=VERTEX_POINT('',#10986);
#3313=VERTEX_POINT('',#10993);
#3314=VERTEX_POINT('',#10994);
#3315=VERTEX_POINT('',#10996);
#3316=VERTEX_POINT('',#10998);
#3317=VERTEX_POINT('',#11002);
#3318=VERTEX_POINT('',#11004);
#3319=VERTEX_POINT('',#11008);
#3320=VERTEX_POINT('',#11010);
#3321=VERTEX_POINT('',#11017);
#3322=VERTEX_POINT('',#11018);
#3323=VERTEX_POINT('',#11020);
#3324=VERTEX_POINT('',#11022);
#3325=VERTEX_POINT('',#11026);
#3326=VERTEX_POINT('',#11028);
#3327=VERTEX_POINT('',#11032);
#3328=VERTEX_POINT('',#11034);
#3329=VERTEX_POINT('',#11041);
#3330=VERTEX_POINT('',#11042);
#3331=VERTEX_POINT('',#11044);
#3332=VERTEX_POINT('',#11046);
#3333=VERTEX_POINT('',#11050);
#3334=VERTEX_POINT('',#11052);
#3335=VERTEX_POINT('',#11056);
#3336=VERTEX_POINT('',#11058);
#3337=VERTEX_POINT('',#11065);
#3338=VERTEX_POINT('',#11066);
#3339=VERTEX_POINT('',#11068);
#3340=VERTEX_POINT('',#11070);
#3341=VERTEX_POINT('',#11074);
#3342=VERTEX_POINT('',#11076);
#3343=VERTEX_POINT('',#11080);
#3344=VERTEX_POINT('',#11082);
#3345=VERTEX_POINT('',#11089);
#3346=VERTEX_POINT('',#11090);
#3347=VERTEX_POINT('',#11092);
#3348=VERTEX_POINT('',#11094);
#3349=VERTEX_POINT('',#11098);
#3350=VERTEX_POINT('',#11100);
#3351=VERTEX_POINT('',#11104);
#3352=VERTEX_POINT('',#11106);
#3353=VERTEX_POINT('',#11113);
#3354=VERTEX_POINT('',#11114);
#3355=VERTEX_POINT('',#11116);
#3356=VERTEX_POINT('',#11118);
#3357=VERTEX_POINT('',#11122);
#3358=VERTEX_POINT('',#11124);
#3359=VERTEX_POINT('',#11128);
#3360=VERTEX_POINT('',#11130);
#3361=VERTEX_POINT('',#11137);
#3362=VERTEX_POINT('',#11138);
#3363=VERTEX_POINT('',#11140);
#3364=VERTEX_POINT('',#11142);
#3365=VERTEX_POINT('',#11146);
#3366=VERTEX_POINT('',#11148);
#3367=VERTEX_POINT('',#11152);
#3368=VERTEX_POINT('',#11154);
#3369=VERTEX_POINT('',#11161);
#3370=VERTEX_POINT('',#11163);
#3371=VERTEX_POINT('',#11167);
#3372=VERTEX_POINT('',#11169);
#3373=VERTEX_POINT('',#11173);
#3374=VERTEX_POINT('',#11175);
#3375=VERTEX_POINT('',#11179);
#3376=VERTEX_POINT('',#11181);
#3377=VERTEX_POINT('',#11185);
#3378=VERTEX_POINT('',#11187);
#3379=VERTEX_POINT('',#11191);
#3380=VERTEX_POINT('',#11193);
#3381=VERTEX_POINT('',#11197);
#3382=VERTEX_POINT('',#11199);
#3383=VERTEX_POINT('',#11203);
#3384=VERTEX_POINT('',#11205);
#3385=VERTEX_POINT('',#11209);
#3386=VERTEX_POINT('',#11211);
#3387=VERTEX_POINT('',#11215);
#3388=VERTEX_POINT('',#11217);
#3389=VERTEX_POINT('',#11221);
#3390=VERTEX_POINT('',#11223);
#3391=VERTEX_POINT('',#11227);
#3392=VERTEX_POINT('',#11229);
#3393=VERTEX_POINT('',#11233);
#3394=VERTEX_POINT('',#11235);
#3395=VERTEX_POINT('',#11239);
#3396=VERTEX_POINT('',#11241);
#3397=VERTEX_POINT('',#11245);
#3398=VERTEX_POINT('',#11247);
#3399=VERTEX_POINT('',#11251);
#3400=VERTEX_POINT('',#11253);
#3401=VERTEX_POINT('',#11257);
#3402=VERTEX_POINT('',#11259);
#3403=VERTEX_POINT('',#11263);
#3404=VERTEX_POINT('',#11265);
#3405=VERTEX_POINT('',#11269);
#3406=VERTEX_POINT('',#11270);
#3407=VERTEX_POINT('',#11272);
#3408=VERTEX_POINT('',#11274);
#3409=VERTEX_POINT('',#11278);
#3410=VERTEX_POINT('',#11280);
#3411=VERTEX_POINT('',#11284);
#3412=VERTEX_POINT('',#11286);
#3413=VERTEX_POINT('',#11290);
#3414=VERTEX_POINT('',#11292);
#3415=VERTEX_POINT('',#11299);
#3416=VERTEX_POINT('',#11301);
#3417=VERTEX_POINT('',#11305);
#3418=VERTEX_POINT('',#11307);
#3419=VERTEX_POINT('',#11314);
#3420=VERTEX_POINT('',#11316);
#3421=VERTEX_POINT('',#11320);
#3422=VERTEX_POINT('',#11322);
#3423=VERTEX_POINT('',#11329);
#3424=VERTEX_POINT('',#11331);
#3425=VERTEX_POINT('',#11335);
#3426=VERTEX_POINT('',#11337);
#3427=VERTEX_POINT('',#11344);
#3428=VERTEX_POINT('',#11346);
#3429=VERTEX_POINT('',#11350);
#3430=VERTEX_POINT('',#11352);
#3431=VERTEX_POINT('',#11359);
#3432=VERTEX_POINT('',#11361);
#3433=VERTEX_POINT('',#11365);
#3434=VERTEX_POINT('',#11367);
#3435=VERTEX_POINT('',#11374);
#3436=VERTEX_POINT('',#11376);
#3437=VERTEX_POINT('',#11380);
#3438=VERTEX_POINT('',#11382);
#3439=VERTEX_POINT('',#11389);
#3440=VERTEX_POINT('',#11391);
#3441=VERTEX_POINT('',#11395);
#3442=VERTEX_POINT('',#11397);
#3443=VERTEX_POINT('',#11404);
#3444=VERTEX_POINT('',#11406);
#3445=VERTEX_POINT('',#11410);
#3446=VERTEX_POINT('',#11412);
#3447=VERTEX_POINT('',#11419);
#3448=VERTEX_POINT('',#11421);
#3449=VERTEX_POINT('',#11425);
#3450=VERTEX_POINT('',#11427);
#3451=VERTEX_POINT('',#11431);
#3452=VERTEX_POINT('',#11433);
#3453=VERTEX_POINT('',#11437);
#3454=VERTEX_POINT('',#11438);
#3455=VERTEX_POINT('',#11440);
#3456=VERTEX_POINT('',#11442);
#3457=VERTEX_POINT('',#11446);
#3458=VERTEX_POINT('',#11448);
#3459=VERTEX_POINT('',#11452);
#3460=VERTEX_POINT('',#11454);
#3461=VERTEX_POINT('',#11458);
#3462=VERTEX_POINT('',#11460);
#3463=VERTEX_POINT('',#11464);
#3464=VERTEX_POINT('',#11466);
#3465=VERTEX_POINT('',#11470);
#3466=VERTEX_POINT('',#11472);
#3467=VERTEX_POINT('',#11476);
#3468=VERTEX_POINT('',#11478);
#3469=VERTEX_POINT('',#11482);
#3470=VERTEX_POINT('',#11484);
#3471=VERTEX_POINT('',#11488);
#3472=VERTEX_POINT('',#11490);
#3473=VERTEX_POINT('',#11494);
#3474=VERTEX_POINT('',#11496);
#3475=VERTEX_POINT('',#11500);
#3476=VERTEX_POINT('',#11502);
#3477=VERTEX_POINT('',#11506);
#3478=VERTEX_POINT('',#11508);
#3479=VERTEX_POINT('',#11512);
#3480=VERTEX_POINT('',#11514);
#3481=VERTEX_POINT('',#11518);
#3482=VERTEX_POINT('',#11520);
#3483=VERTEX_POINT('',#11524);
#3484=VERTEX_POINT('',#11526);
#3485=VERTEX_POINT('',#11530);
#3486=VERTEX_POINT('',#11532);
#3487=VERTEX_POINT('',#11536);
#3488=VERTEX_POINT('',#11538);
#3489=VERTEX_POINT('',#11542);
#3490=VERTEX_POINT('',#11544);
#3491=VERTEX_POINT('',#11548);
#3492=VERTEX_POINT('',#11550);
#3493=VERTEX_POINT('',#11554);
#3494=VERTEX_POINT('',#11556);
#3495=VERTEX_POINT('',#11560);
#3496=VERTEX_POINT('',#11562);
#3497=VERTEX_POINT('',#11566);
#3498=VERTEX_POINT('',#11568);
#3499=VERTEX_POINT('',#11572);
#3500=VERTEX_POINT('',#11574);
#3501=VERTEX_POINT('',#11581);
#3502=VERTEX_POINT('',#11582);
#3503=VERTEX_POINT('',#11584);
#3504=VERTEX_POINT('',#11586);
#3505=VERTEX_POINT('',#11590);
#3506=VERTEX_POINT('',#11592);
#3507=VERTEX_POINT('',#11596);
#3508=VERTEX_POINT('',#11598);
#3509=VERTEX_POINT('',#11602);
#3510=VERTEX_POINT('',#11604);
#3511=VERTEX_POINT('',#11608);
#3512=VERTEX_POINT('',#11610);
#3513=VERTEX_POINT('',#11614);
#3514=VERTEX_POINT('',#11616);
#3515=VERTEX_POINT('',#11620);
#3516=VERTEX_POINT('',#11622);
#3517=VERTEX_POINT('',#11626);
#3518=VERTEX_POINT('',#11628);
#3519=VERTEX_POINT('',#11632);
#3520=VERTEX_POINT('',#11634);
#3521=VERTEX_POINT('',#11638);
#3522=VERTEX_POINT('',#11640);
#3523=VERTEX_POINT('',#11644);
#3524=VERTEX_POINT('',#11646);
#3525=VERTEX_POINT('',#11650);
#3526=VERTEX_POINT('',#11652);
#3527=VERTEX_POINT('',#11656);
#3528=VERTEX_POINT('',#11658);
#3529=VERTEX_POINT('',#11662);
#3530=VERTEX_POINT('',#11664);
#3531=VERTEX_POINT('',#11668);
#3532=VERTEX_POINT('',#11670);
#3533=VERTEX_POINT('',#11674);
#3534=VERTEX_POINT('',#11676);
#3535=VERTEX_POINT('',#11680);
#3536=VERTEX_POINT('',#11682);
#3537=VERTEX_POINT('',#11689);
#3538=VERTEX_POINT('',#11691);
#3539=VERTEX_POINT('',#11695);
#3540=VERTEX_POINT('',#11697);
#3541=VERTEX_POINT('',#11701);
#3542=VERTEX_POINT('',#11703);
#3543=VERTEX_POINT('',#11705);
#3544=VERTEX_POINT('',#11707);
#3545=VERTEX_POINT('',#11709);
#3546=VERTEX_POINT('',#11711);
#3547=VERTEX_POINT('',#11713);
#3548=VERTEX_POINT('',#11715);
#3549=VERTEX_POINT('',#11717);
#3550=VERTEX_POINT('',#11719);
#3551=VERTEX_POINT('',#11721);
#3552=VERTEX_POINT('',#11723);
#3553=VERTEX_POINT('',#11725);
#3554=VERTEX_POINT('',#11727);
#3555=VERTEX_POINT('',#11729);
#3556=VERTEX_POINT('',#11731);
#3557=VERTEX_POINT('',#11733);
#3558=VERTEX_POINT('',#11735);
#3559=VERTEX_POINT('',#11739);
#3560=VERTEX_POINT('',#11740);
#3561=VERTEX_POINT('',#11742);
#3562=VERTEX_POINT('',#11744);
#3563=VERTEX_POINT('',#11746);
#3564=VERTEX_POINT('',#11748);
#3565=VERTEX_POINT('',#11750);
#3566=VERTEX_POINT('',#11752);
#3567=VERTEX_POINT('',#11756);
#3568=VERTEX_POINT('',#11758);
#3569=VERTEX_POINT('',#11762);
#3570=VERTEX_POINT('',#11764);
#3571=VERTEX_POINT('',#11768);
#3572=VERTEX_POINT('',#11770);
#3573=VERTEX_POINT('',#11773);
#3574=VERTEX_POINT('',#11774);
#3575=VERTEX_POINT('',#11776);
#3576=VERTEX_POINT('',#11778);
#3577=VERTEX_POINT('',#11781);
#3578=VERTEX_POINT('',#11782);
#3579=VERTEX_POINT('',#11784);
#3580=VERTEX_POINT('',#11786);
#3581=VERTEX_POINT('',#11790);
#3582=VERTEX_POINT('',#11792);
#3583=VERTEX_POINT('',#11797);
#3584=VERTEX_POINT('',#11799);
#3585=VERTEX_POINT('',#11801);
#3586=VERTEX_POINT('',#11803);
#3587=VERTEX_POINT('',#11805);
#3588=VERTEX_POINT('',#11811);
#3589=VERTEX_POINT('',#11812);
#3590=VERTEX_POINT('',#11814);
#3591=VERTEX_POINT('',#11816);
#3592=VERTEX_POINT('',#11819);
#3593=VERTEX_POINT('',#11820);
#3594=VERTEX_POINT('',#11822);
#3595=VERTEX_POINT('',#11824);
#3596=VERTEX_POINT('',#11828);
#3597=VERTEX_POINT('',#11830);
#3598=VERTEX_POINT('',#11834);
#3599=VERTEX_POINT('',#11836);
#3600=VERTEX_POINT('',#11840);
#3601=VERTEX_POINT('',#11844);
#3602=VERTEX_POINT('',#11846);
#3603=VERTEX_POINT('',#11850);
#3604=VERTEX_POINT('',#11856);
#3605=VERTEX_POINT('',#11858);
#3606=VERTEX_POINT('',#11860);
#3607=VERTEX_POINT('',#11862);
#3608=VERTEX_POINT('',#11864);
#3609=VERTEX_POINT('',#11869);
#3610=VERTEX_POINT('',#11873);
#3611=VERTEX_POINT('',#11874);
#3612=VERTEX_POINT('',#11882);
#3613=VERTEX_POINT('',#11895);
#3614=VERTEX_POINT('',#11896);
#3615=VERTEX_POINT('',#11904);
#3616=VERTEX_POINT('',#11917);
#3617=VERTEX_POINT('',#11918);
#3618=VERTEX_POINT('',#11923);
#3619=VERTEX_POINT('',#11927);
#3620=VERTEX_POINT('',#11933);
#3621=VERTEX_POINT('',#11937);
#3622=VERTEX_POINT('',#11941);
#3623=VERTEX_POINT('',#11945);
#3624=VERTEX_POINT('',#11949);
#3625=EDGE_CURVE('',#2977,#2978,#917,.T.);
#3626=EDGE_CURVE('',#2978,#2979,#918,.T.);
#3627=EDGE_CURVE('',#2979,#2980,#919,.T.);
#3628=EDGE_CURVE('',#2980,#2977,#920,.T.);
#3629=EDGE_CURVE('',#2981,#2979,#921,.T.);
#3630=EDGE_CURVE('',#2978,#2982,#922,.T.);
#3631=EDGE_CURVE('',#2982,#2981,#923,.T.);
#3632=EDGE_CURVE('',#2983,#2977,#924,.T.);
#3633=EDGE_CURVE('',#2980,#2984,#925,.T.);
#3634=EDGE_CURVE('',#2984,#2983,#926,.T.);
#3635=EDGE_CURVE('',#2984,#2981,#927,.T.);
#3636=EDGE_CURVE('',#2982,#2983,#928,.T.);
#3637=EDGE_CURVE('',#2980,#2985,#929,.T.);
#3638=EDGE_CURVE('',#2985,#2986,#930,.T.);
#3639=EDGE_CURVE('',#2984,#2986,#931,.T.);
#3640=EDGE_CURVE('',#2987,#2979,#932,.T.);
#3641=EDGE_CURVE('',#2987,#2988,#933,.T.);
#3642=EDGE_CURVE('',#2988,#2989,#934,.T.);
#3643=EDGE_CURVE('',#2989,#2985,#935,.T.);
#3644=EDGE_CURVE('',#2987,#2990,#936,.T.);
#3645=EDGE_CURVE('',#2991,#2990,#937,.T.);
#3646=EDGE_CURVE('',#2988,#2991,#938,.T.);
#3647=EDGE_CURVE('',#2992,#2991,#939,.T.);
#3648=EDGE_CURVE('',#2989,#2992,#940,.T.);
#3649=EDGE_CURVE('',#2986,#2992,#941,.T.);
#3650=EDGE_CURVE('',#2990,#2981,#942,.T.);
#3651=EDGE_CURVE('',#2993,#2994,#943,.T.);
#3652=EDGE_CURVE('',#2994,#2995,#944,.T.);
#3653=EDGE_CURVE('',#2995,#2996,#945,.T.);
#3654=EDGE_CURVE('',#2996,#2993,#946,.T.);
#3655=EDGE_CURVE('',#2997,#2995,#947,.T.);
#3656=EDGE_CURVE('',#2994,#2998,#948,.T.);
#3657=EDGE_CURVE('',#2998,#2997,#949,.T.);
#3658=EDGE_CURVE('',#2999,#2993,#950,.T.);
#3659=EDGE_CURVE('',#2996,#3000,#951,.T.);
#3660=EDGE_CURVE('',#3000,#2999,#952,.T.);
#3661=EDGE_CURVE('',#3000,#2997,#953,.T.);
#3662=EDGE_CURVE('',#2998,#2999,#954,.T.);
#3663=EDGE_CURVE('',#2996,#3001,#955,.T.);
#3664=EDGE_CURVE('',#3001,#3002,#956,.T.);
#3665=EDGE_CURVE('',#3000,#3002,#957,.T.);
#3666=EDGE_CURVE('',#3003,#2995,#958,.T.);
#3667=EDGE_CURVE('',#3003,#3004,#959,.T.);
#3668=EDGE_CURVE('',#3004,#3005,#960,.T.);
#3669=EDGE_CURVE('',#3005,#3001,#961,.T.);
#3670=EDGE_CURVE('',#3003,#3006,#962,.T.);
#3671=EDGE_CURVE('',#3007,#3006,#963,.T.);
#3672=EDGE_CURVE('',#3004,#3007,#964,.T.);
#3673=EDGE_CURVE('',#3008,#3007,#965,.T.);
#3674=EDGE_CURVE('',#3005,#3008,#966,.T.);
#3675=EDGE_CURVE('',#3002,#3008,#967,.T.);
#3676=EDGE_CURVE('',#3006,#2997,#968,.T.);
#3677=EDGE_CURVE('',#3009,#3010,#969,.T.);
#3678=EDGE_CURVE('',#3010,#3011,#970,.T.);
#3679=EDGE_CURVE('',#3011,#3012,#971,.T.);
#3680=EDGE_CURVE('',#3012,#3009,#972,.T.);
#3681=EDGE_CURVE('',#3013,#3011,#973,.T.);
#3682=EDGE_CURVE('',#3010,#3014,#974,.T.);
#3683=EDGE_CURVE('',#3014,#3013,#975,.T.);
#3684=EDGE_CURVE('',#3015,#3009,#976,.T.);
#3685=EDGE_CURVE('',#3012,#3016,#977,.T.);
#3686=EDGE_CURVE('',#3016,#3015,#978,.T.);
#3687=EDGE_CURVE('',#3016,#3013,#979,.T.);
#3688=EDGE_CURVE('',#3014,#3015,#980,.T.);
#3689=EDGE_CURVE('',#3012,#3017,#981,.T.);
#3690=EDGE_CURVE('',#3017,#3018,#982,.T.);
#3691=EDGE_CURVE('',#3016,#3018,#983,.T.);
#3692=EDGE_CURVE('',#3019,#3011,#984,.T.);
#3693=EDGE_CURVE('',#3019,#3020,#985,.T.);
#3694=EDGE_CURVE('',#3020,#3021,#986,.T.);
#3695=EDGE_CURVE('',#3021,#3017,#987,.T.);
#3696=EDGE_CURVE('',#3019,#3022,#988,.T.);
#3697=EDGE_CURVE('',#3023,#3022,#989,.T.);
#3698=EDGE_CURVE('',#3020,#3023,#990,.T.);
#3699=EDGE_CURVE('',#3024,#3023,#991,.T.);
#3700=EDGE_CURVE('',#3021,#3024,#992,.T.);
#3701=EDGE_CURVE('',#3018,#3024,#993,.T.);
#3702=EDGE_CURVE('',#3022,#3013,#994,.T.);
#3703=EDGE_CURVE('',#3025,#3026,#995,.T.);
#3704=EDGE_CURVE('',#3026,#3027,#996,.T.);
#3705=EDGE_CURVE('',#3027,#3028,#997,.T.);
#3706=EDGE_CURVE('',#3028,#3025,#998,.T.);
#3707=EDGE_CURVE('',#3029,#3027,#999,.T.);
#3708=EDGE_CURVE('',#3026,#3030,#1000,.T.);
#3709=EDGE_CURVE('',#3030,#3029,#1001,.T.);
#3710=EDGE_CURVE('',#3031,#3025,#1002,.T.);
#3711=EDGE_CURVE('',#3028,#3032,#1003,.T.);
#3712=EDGE_CURVE('',#3032,#3031,#1004,.T.);
#3713=EDGE_CURVE('',#3032,#3029,#1005,.T.);
#3714=EDGE_CURVE('',#3030,#3031,#1006,.T.);
#3715=EDGE_CURVE('',#3028,#3033,#1007,.T.);
#3716=EDGE_CURVE('',#3033,#3034,#1008,.T.);
#3717=EDGE_CURVE('',#3032,#3034,#1009,.T.);
#3718=EDGE_CURVE('',#3035,#3027,#1010,.T.);
#3719=EDGE_CURVE('',#3035,#3036,#1011,.T.);
#3720=EDGE_CURVE('',#3036,#3037,#1012,.T.);
#3721=EDGE_CURVE('',#3037,#3033,#1013,.T.);
#3722=EDGE_CURVE('',#3035,#3038,#1014,.T.);
#3723=EDGE_CURVE('',#3039,#3038,#1015,.T.);
#3724=EDGE_CURVE('',#3036,#3039,#1016,.T.);
#3725=EDGE_CURVE('',#3040,#3039,#1017,.T.);
#3726=EDGE_CURVE('',#3037,#3040,#1018,.T.);
#3727=EDGE_CURVE('',#3034,#3040,#1019,.T.);
#3728=EDGE_CURVE('',#3038,#3029,#1020,.T.);
#3729=EDGE_CURVE('',#3041,#3042,#1021,.T.);
#3730=EDGE_CURVE('',#3042,#3043,#1022,.T.);
#3731=EDGE_CURVE('',#3043,#3044,#1023,.T.);
#3732=EDGE_CURVE('',#3044,#3041,#1024,.T.);
#3733=EDGE_CURVE('',#3045,#3043,#1025,.T.);
#3734=EDGE_CURVE('',#3042,#3046,#1026,.T.);
#3735=EDGE_CURVE('',#3046,#3045,#1027,.T.);
#3736=EDGE_CURVE('',#3047,#3041,#1028,.T.);
#3737=EDGE_CURVE('',#3044,#3048,#1029,.T.);
#3738=EDGE_CURVE('',#3048,#3047,#1030,.T.);
#3739=EDGE_CURVE('',#3048,#3045,#1031,.T.);
#3740=EDGE_CURVE('',#3046,#3047,#1032,.T.);
#3741=EDGE_CURVE('',#3044,#3049,#1033,.T.);
#3742=EDGE_CURVE('',#3049,#3050,#1034,.T.);
#3743=EDGE_CURVE('',#3048,#3050,#1035,.T.);
#3744=EDGE_CURVE('',#3051,#3043,#1036,.T.);
#3745=EDGE_CURVE('',#3051,#3052,#1037,.T.);
#3746=EDGE_CURVE('',#3052,#3053,#1038,.T.);
#3747=EDGE_CURVE('',#3053,#3049,#1039,.T.);
#3748=EDGE_CURVE('',#3051,#3054,#1040,.T.);
#3749=EDGE_CURVE('',#3055,#3054,#1041,.T.);
#3750=EDGE_CURVE('',#3052,#3055,#1042,.T.);
#3751=EDGE_CURVE('',#3056,#3055,#1043,.T.);
#3752=EDGE_CURVE('',#3053,#3056,#1044,.T.);
#3753=EDGE_CURVE('',#3050,#3056,#1045,.T.);
#3754=EDGE_CURVE('',#3054,#3045,#1046,.T.);
#3755=EDGE_CURVE('',#3057,#3058,#1047,.T.);
#3756=EDGE_CURVE('',#3058,#3059,#1048,.T.);
#3757=EDGE_CURVE('',#3059,#3060,#1049,.T.);
#3758=EDGE_CURVE('',#3060,#3057,#1050,.T.);
#3759=EDGE_CURVE('',#3061,#3059,#1051,.T.);
#3760=EDGE_CURVE('',#3058,#3062,#1052,.T.);
#3761=EDGE_CURVE('',#3062,#3061,#1053,.T.);
#3762=EDGE_CURVE('',#3063,#3057,#1054,.T.);
#3763=EDGE_CURVE('',#3060,#3064,#1055,.T.);
#3764=EDGE_CURVE('',#3064,#3063,#1056,.T.);
#3765=EDGE_CURVE('',#3064,#3061,#1057,.T.);
#3766=EDGE_CURVE('',#3062,#3063,#1058,.T.);
#3767=EDGE_CURVE('',#3060,#3065,#1059,.T.);
#3768=EDGE_CURVE('',#3065,#3066,#1060,.T.);
#3769=EDGE_CURVE('',#3064,#3066,#1061,.T.);
#3770=EDGE_CURVE('',#3067,#3059,#1062,.T.);
#3771=EDGE_CURVE('',#3067,#3068,#1063,.T.);
#3772=EDGE_CURVE('',#3068,#3069,#1064,.T.);
#3773=EDGE_CURVE('',#3069,#3065,#1065,.T.);
#3774=EDGE_CURVE('',#3067,#3070,#1066,.T.);
#3775=EDGE_CURVE('',#3071,#3070,#1067,.T.);
#3776=EDGE_CURVE('',#3068,#3071,#1068,.T.);
#3777=EDGE_CURVE('',#3072,#3071,#1069,.T.);
#3778=EDGE_CURVE('',#3069,#3072,#1070,.T.);
#3779=EDGE_CURVE('',#3066,#3072,#1071,.T.);
#3780=EDGE_CURVE('',#3070,#3061,#1072,.T.);
#3781=EDGE_CURVE('',#3073,#3074,#1073,.T.);
#3782=EDGE_CURVE('',#3074,#3075,#1074,.T.);
#3783=EDGE_CURVE('',#3075,#3076,#1075,.T.);
#3784=EDGE_CURVE('',#3076,#3073,#1076,.T.);
#3785=EDGE_CURVE('',#3077,#3075,#1077,.T.);
#3786=EDGE_CURVE('',#3074,#3078,#1078,.T.);
#3787=EDGE_CURVE('',#3078,#3077,#1079,.T.);
#3788=EDGE_CURVE('',#3079,#3073,#1080,.T.);
#3789=EDGE_CURVE('',#3076,#3080,#1081,.T.);
#3790=EDGE_CURVE('',#3080,#3079,#1082,.T.);
#3791=EDGE_CURVE('',#3080,#3077,#1083,.T.);
#3792=EDGE_CURVE('',#3078,#3079,#1084,.T.);
#3793=EDGE_CURVE('',#3076,#3081,#1085,.T.);
#3794=EDGE_CURVE('',#3081,#3082,#1086,.T.);
#3795=EDGE_CURVE('',#3080,#3082,#1087,.T.);
#3796=EDGE_CURVE('',#3083,#3075,#1088,.T.);
#3797=EDGE_CURVE('',#3083,#3084,#1089,.T.);
#3798=EDGE_CURVE('',#3084,#3085,#1090,.T.);
#3799=EDGE_CURVE('',#3085,#3081,#1091,.T.);
#3800=EDGE_CURVE('',#3083,#3086,#1092,.T.);
#3801=EDGE_CURVE('',#3087,#3086,#1093,.T.);
#3802=EDGE_CURVE('',#3084,#3087,#1094,.T.);
#3803=EDGE_CURVE('',#3088,#3087,#1095,.T.);
#3804=EDGE_CURVE('',#3085,#3088,#1096,.T.);
#3805=EDGE_CURVE('',#3082,#3088,#1097,.T.);
#3806=EDGE_CURVE('',#3086,#3077,#1098,.T.);
#3807=EDGE_CURVE('',#3089,#3090,#1099,.T.);
#3808=EDGE_CURVE('',#3090,#3091,#1100,.T.);
#3809=EDGE_CURVE('',#3091,#3092,#1101,.T.);
#3810=EDGE_CURVE('',#3092,#3089,#1102,.T.);
#3811=EDGE_CURVE('',#3093,#3091,#1103,.T.);
#3812=EDGE_CURVE('',#3090,#3094,#1104,.T.);
#3813=EDGE_CURVE('',#3094,#3093,#1105,.T.);
#3814=EDGE_CURVE('',#3095,#3089,#1106,.T.);
#3815=EDGE_CURVE('',#3092,#3096,#1107,.T.);
#3816=EDGE_CURVE('',#3096,#3095,#1108,.T.);
#3817=EDGE_CURVE('',#3096,#3093,#1109,.T.);
#3818=EDGE_CURVE('',#3094,#3095,#1110,.T.);
#3819=EDGE_CURVE('',#3092,#3097,#1111,.T.);
#3820=EDGE_CURVE('',#3097,#3098,#1112,.T.);
#3821=EDGE_CURVE('',#3096,#3098,#1113,.T.);
#3822=EDGE_CURVE('',#3099,#3091,#1114,.T.);
#3823=EDGE_CURVE('',#3099,#3100,#1115,.T.);
#3824=EDGE_CURVE('',#3100,#3101,#1116,.T.);
#3825=EDGE_CURVE('',#3101,#3097,#1117,.T.);
#3826=EDGE_CURVE('',#3099,#3102,#1118,.T.);
#3827=EDGE_CURVE('',#3103,#3102,#1119,.T.);
#3828=EDGE_CURVE('',#3100,#3103,#1120,.T.);
#3829=EDGE_CURVE('',#3104,#3103,#1121,.T.);
#3830=EDGE_CURVE('',#3101,#3104,#1122,.T.);
#3831=EDGE_CURVE('',#3098,#3104,#1123,.T.);
#3832=EDGE_CURVE('',#3102,#3093,#1124,.T.);
#3833=EDGE_CURVE('',#3105,#3106,#1125,.T.);
#3834=EDGE_CURVE('',#3106,#3107,#1126,.T.);
#3835=EDGE_CURVE('',#3107,#3108,#1127,.T.);
#3836=EDGE_CURVE('',#3108,#3105,#1128,.T.);
#3837=EDGE_CURVE('',#3109,#3107,#1129,.T.);
#3838=EDGE_CURVE('',#3106,#3110,#1130,.T.);
#3839=EDGE_CURVE('',#3110,#3109,#1131,.T.);
#3840=EDGE_CURVE('',#3111,#3105,#1132,.T.);
#3841=EDGE_CURVE('',#3108,#3112,#1133,.T.);
#3842=EDGE_CURVE('',#3112,#3111,#1134,.T.);
#3843=EDGE_CURVE('',#3112,#3109,#1135,.T.);
#3844=EDGE_CURVE('',#3110,#3111,#1136,.T.);
#3845=EDGE_CURVE('',#3108,#3113,#1137,.T.);
#3846=EDGE_CURVE('',#3113,#3114,#1138,.T.);
#3847=EDGE_CURVE('',#3112,#3114,#1139,.T.);
#3848=EDGE_CURVE('',#3115,#3107,#1140,.T.);
#3849=EDGE_CURVE('',#3115,#3116,#1141,.T.);
#3850=EDGE_CURVE('',#3116,#3117,#1142,.T.);
#3851=EDGE_CURVE('',#3117,#3113,#1143,.T.);
#3852=EDGE_CURVE('',#3115,#3118,#1144,.T.);
#3853=EDGE_CURVE('',#3119,#3118,#1145,.T.);
#3854=EDGE_CURVE('',#3116,#3119,#1146,.T.);
#3855=EDGE_CURVE('',#3120,#3119,#1147,.T.);
#3856=EDGE_CURVE('',#3117,#3120,#1148,.T.);
#3857=EDGE_CURVE('',#3114,#3120,#1149,.T.);
#3858=EDGE_CURVE('',#3118,#3109,#1150,.T.);
#3859=EDGE_CURVE('',#3121,#3122,#1151,.T.);
#3860=EDGE_CURVE('',#3122,#3123,#1152,.T.);
#3861=EDGE_CURVE('',#3123,#3124,#1153,.T.);
#3862=EDGE_CURVE('',#3124,#3121,#1154,.T.);
#3863=EDGE_CURVE('',#3125,#3123,#1155,.T.);
#3864=EDGE_CURVE('',#3122,#3126,#1156,.T.);
#3865=EDGE_CURVE('',#3126,#3125,#1157,.T.);
#3866=EDGE_CURVE('',#3127,#3121,#1158,.T.);
#3867=EDGE_CURVE('',#3124,#3128,#1159,.T.);
#3868=EDGE_CURVE('',#3128,#3127,#1160,.T.);
#3869=EDGE_CURVE('',#3128,#3125,#1161,.T.);
#3870=EDGE_CURVE('',#3126,#3127,#1162,.T.);
#3871=EDGE_CURVE('',#3124,#3129,#1163,.T.);
#3872=EDGE_CURVE('',#3129,#3130,#1164,.T.);
#3873=EDGE_CURVE('',#3128,#3130,#1165,.T.);
#3874=EDGE_CURVE('',#3131,#3123,#1166,.T.);
#3875=EDGE_CURVE('',#3131,#3132,#1167,.T.);
#3876=EDGE_CURVE('',#3132,#3133,#1168,.T.);
#3877=EDGE_CURVE('',#3133,#3129,#1169,.T.);
#3878=EDGE_CURVE('',#3131,#3134,#1170,.T.);
#3879=EDGE_CURVE('',#3135,#3134,#1171,.T.);
#3880=EDGE_CURVE('',#3132,#3135,#1172,.T.);
#3881=EDGE_CURVE('',#3136,#3135,#1173,.T.);
#3882=EDGE_CURVE('',#3133,#3136,#1174,.T.);
#3883=EDGE_CURVE('',#3130,#3136,#1175,.T.);
#3884=EDGE_CURVE('',#3134,#3125,#1176,.T.);
#3885=EDGE_CURVE('',#3137,#3138,#1177,.T.);
#3886=EDGE_CURVE('',#3138,#3139,#1178,.T.);
#3887=EDGE_CURVE('',#3139,#3140,#1179,.T.);
#3888=EDGE_CURVE('',#3140,#3137,#1180,.T.);
#3889=EDGE_CURVE('',#3141,#3139,#1181,.T.);
#3890=EDGE_CURVE('',#3138,#3142,#1182,.T.);
#3891=EDGE_CURVE('',#3142,#3141,#1183,.T.);
#3892=EDGE_CURVE('',#3143,#3137,#1184,.T.);
#3893=EDGE_CURVE('',#3140,#3144,#1185,.T.);
#3894=EDGE_CURVE('',#3144,#3143,#1186,.T.);
#3895=EDGE_CURVE('',#3144,#3141,#1187,.T.);
#3896=EDGE_CURVE('',#3142,#3143,#1188,.T.);
#3897=EDGE_CURVE('',#3140,#3145,#1189,.T.);
#3898=EDGE_CURVE('',#3145,#3146,#1190,.T.);
#3899=EDGE_CURVE('',#3144,#3146,#1191,.T.);
#3900=EDGE_CURVE('',#3147,#3139,#1192,.T.);
#3901=EDGE_CURVE('',#3147,#3148,#1193,.T.);
#3902=EDGE_CURVE('',#3148,#3149,#1194,.T.);
#3903=EDGE_CURVE('',#3149,#3145,#1195,.T.);
#3904=EDGE_CURVE('',#3147,#3150,#1196,.T.);
#3905=EDGE_CURVE('',#3151,#3150,#1197,.T.);
#3906=EDGE_CURVE('',#3148,#3151,#1198,.T.);
#3907=EDGE_CURVE('',#3152,#3151,#1199,.T.);
#3908=EDGE_CURVE('',#3149,#3152,#1200,.T.);
#3909=EDGE_CURVE('',#3146,#3152,#1201,.T.);
#3910=EDGE_CURVE('',#3150,#3141,#1202,.T.);
#3911=EDGE_CURVE('',#3153,#3154,#1203,.T.);
#3912=EDGE_CURVE('',#3154,#3155,#1204,.T.);
#3913=EDGE_CURVE('',#3155,#3156,#1205,.T.);
#3914=EDGE_CURVE('',#3156,#3153,#1206,.T.);
#3915=EDGE_CURVE('',#3157,#3155,#1207,.T.);
#3916=EDGE_CURVE('',#3154,#3158,#1208,.T.);
#3917=EDGE_CURVE('',#3158,#3157,#1209,.T.);
#3918=EDGE_CURVE('',#3159,#3153,#1210,.T.);
#3919=EDGE_CURVE('',#3156,#3160,#1211,.T.);
#3920=EDGE_CURVE('',#3160,#3159,#1212,.T.);
#3921=EDGE_CURVE('',#3160,#3157,#1213,.T.);
#3922=EDGE_CURVE('',#3158,#3159,#1214,.T.);
#3923=EDGE_CURVE('',#3156,#3161,#1215,.T.);
#3924=EDGE_CURVE('',#3161,#3162,#1216,.T.);
#3925=EDGE_CURVE('',#3160,#3162,#1217,.T.);
#3926=EDGE_CURVE('',#3163,#3155,#1218,.T.);
#3927=EDGE_CURVE('',#3163,#3164,#1219,.T.);
#3928=EDGE_CURVE('',#3164,#3165,#1220,.T.);
#3929=EDGE_CURVE('',#3165,#3161,#1221,.T.);
#3930=EDGE_CURVE('',#3163,#3166,#1222,.T.);
#3931=EDGE_CURVE('',#3167,#3166,#1223,.T.);
#3932=EDGE_CURVE('',#3164,#3167,#1224,.T.);
#3933=EDGE_CURVE('',#3168,#3167,#1225,.T.);
#3934=EDGE_CURVE('',#3165,#3168,#1226,.T.);
#3935=EDGE_CURVE('',#3162,#3168,#1227,.T.);
#3936=EDGE_CURVE('',#3166,#3157,#1228,.T.);
#3937=EDGE_CURVE('',#3169,#3170,#1229,.T.);
#3938=EDGE_CURVE('',#3170,#3171,#1230,.T.);
#3939=EDGE_CURVE('',#3171,#3172,#1231,.T.);
#3940=EDGE_CURVE('',#3172,#3169,#1232,.T.);
#3941=EDGE_CURVE('',#3173,#3171,#1233,.T.);
#3942=EDGE_CURVE('',#3170,#3174,#1234,.T.);
#3943=EDGE_CURVE('',#3174,#3173,#1235,.T.);
#3944=EDGE_CURVE('',#3175,#3169,#1236,.T.);
#3945=EDGE_CURVE('',#3172,#3176,#1237,.T.);
#3946=EDGE_CURVE('',#3176,#3175,#1238,.T.);
#3947=EDGE_CURVE('',#3176,#3173,#1239,.T.);
#3948=EDGE_CURVE('',#3174,#3175,#1240,.T.);
#3949=EDGE_CURVE('',#3172,#3177,#1241,.T.);
#3950=EDGE_CURVE('',#3177,#3178,#1242,.T.);
#3951=EDGE_CURVE('',#3176,#3178,#1243,.T.);
#3952=EDGE_CURVE('',#3179,#3171,#1244,.T.);
#3953=EDGE_CURVE('',#3179,#3180,#1245,.T.);
#3954=EDGE_CURVE('',#3180,#3181,#1246,.T.);
#3955=EDGE_CURVE('',#3181,#3177,#1247,.T.);
#3956=EDGE_CURVE('',#3179,#3182,#1248,.T.);
#3957=EDGE_CURVE('',#3183,#3182,#1249,.T.);
#3958=EDGE_CURVE('',#3180,#3183,#1250,.T.);
#3959=EDGE_CURVE('',#3184,#3183,#1251,.T.);
#3960=EDGE_CURVE('',#3181,#3184,#1252,.T.);
#3961=EDGE_CURVE('',#3178,#3184,#1253,.T.);
#3962=EDGE_CURVE('',#3182,#3173,#1254,.T.);
#3963=EDGE_CURVE('',#3185,#3186,#1255,.T.);
#3964=EDGE_CURVE('',#3186,#3187,#1256,.T.);
#3965=EDGE_CURVE('',#3187,#3188,#1257,.T.);
#3966=EDGE_CURVE('',#3188,#3185,#1258,.T.);
#3967=EDGE_CURVE('',#3189,#3187,#1259,.T.);
#3968=EDGE_CURVE('',#3186,#3190,#1260,.T.);
#3969=EDGE_CURVE('',#3190,#3189,#1261,.T.);
#3970=EDGE_CURVE('',#3191,#3185,#1262,.T.);
#3971=EDGE_CURVE('',#3188,#3192,#1263,.T.);
#3972=EDGE_CURVE('',#3192,#3191,#1264,.T.);
#3973=EDGE_CURVE('',#3192,#3189,#1265,.T.);
#3974=EDGE_CURVE('',#3190,#3191,#1266,.T.);
#3975=EDGE_CURVE('',#3188,#3193,#1267,.T.);
#3976=EDGE_CURVE('',#3193,#3194,#1268,.T.);
#3977=EDGE_CURVE('',#3192,#3194,#1269,.T.);
#3978=EDGE_CURVE('',#3195,#3187,#1270,.T.);
#3979=EDGE_CURVE('',#3195,#3196,#1271,.T.);
#3980=EDGE_CURVE('',#3196,#3197,#1272,.T.);
#3981=EDGE_CURVE('',#3197,#3193,#1273,.T.);
#3982=EDGE_CURVE('',#3195,#3198,#1274,.T.);
#3983=EDGE_CURVE('',#3199,#3198,#1275,.T.);
#3984=EDGE_CURVE('',#3196,#3199,#1276,.T.);
#3985=EDGE_CURVE('',#3200,#3199,#1277,.T.);
#3986=EDGE_CURVE('',#3197,#3200,#1278,.T.);
#3987=EDGE_CURVE('',#3194,#3200,#1279,.T.);
#3988=EDGE_CURVE('',#3198,#3189,#1280,.T.);
#3989=EDGE_CURVE('',#3201,#3202,#1281,.T.);
#3990=EDGE_CURVE('',#3202,#3203,#1282,.T.);
#3991=EDGE_CURVE('',#3203,#3204,#1283,.T.);
#3992=EDGE_CURVE('',#3204,#3201,#1284,.T.);
#3993=EDGE_CURVE('',#3205,#3203,#1285,.T.);
#3994=EDGE_CURVE('',#3202,#3206,#1286,.T.);
#3995=EDGE_CURVE('',#3206,#3205,#1287,.T.);
#3996=EDGE_CURVE('',#3207,#3201,#1288,.T.);
#3997=EDGE_CURVE('',#3204,#3208,#1289,.T.);
#3998=EDGE_CURVE('',#3208,#3207,#1290,.T.);
#3999=EDGE_CURVE('',#3208,#3205,#1291,.T.);
#4000=EDGE_CURVE('',#3206,#3207,#1292,.T.);
#4001=EDGE_CURVE('',#3204,#3209,#1293,.T.);
#4002=EDGE_CURVE('',#3209,#3210,#1294,.T.);
#4003=EDGE_CURVE('',#3208,#3210,#1295,.T.);
#4004=EDGE_CURVE('',#3211,#3203,#1296,.T.);
#4005=EDGE_CURVE('',#3211,#3212,#1297,.T.);
#4006=EDGE_CURVE('',#3212,#3213,#1298,.T.);
#4007=EDGE_CURVE('',#3213,#3209,#1299,.T.);
#4008=EDGE_CURVE('',#3211,#3214,#1300,.T.);
#4009=EDGE_CURVE('',#3215,#3214,#1301,.T.);
#4010=EDGE_CURVE('',#3212,#3215,#1302,.T.);
#4011=EDGE_CURVE('',#3216,#3215,#1303,.T.);
#4012=EDGE_CURVE('',#3213,#3216,#1304,.T.);
#4013=EDGE_CURVE('',#3210,#3216,#1305,.T.);
#4014=EDGE_CURVE('',#3214,#3205,#1306,.T.);
#4015=EDGE_CURVE('',#3217,#3218,#1307,.T.);
#4016=EDGE_CURVE('',#3218,#3219,#1308,.T.);
#4017=EDGE_CURVE('',#3219,#3220,#1309,.T.);
#4018=EDGE_CURVE('',#3220,#3217,#1310,.T.);
#4019=EDGE_CURVE('',#3221,#3219,#1311,.T.);
#4020=EDGE_CURVE('',#3218,#3222,#1312,.T.);
#4021=EDGE_CURVE('',#3222,#3221,#1313,.T.);
#4022=EDGE_CURVE('',#3223,#3217,#1314,.T.);
#4023=EDGE_CURVE('',#3220,#3224,#1315,.T.);
#4024=EDGE_CURVE('',#3224,#3223,#1316,.T.);
#4025=EDGE_CURVE('',#3224,#3221,#1317,.T.);
#4026=EDGE_CURVE('',#3222,#3223,#1318,.T.);
#4027=EDGE_CURVE('',#3220,#3225,#1319,.T.);
#4028=EDGE_CURVE('',#3225,#3226,#1320,.T.);
#4029=EDGE_CURVE('',#3224,#3226,#1321,.T.);
#4030=EDGE_CURVE('',#3227,#3219,#1322,.T.);
#4031=EDGE_CURVE('',#3227,#3228,#1323,.T.);
#4032=EDGE_CURVE('',#3228,#3229,#1324,.T.);
#4033=EDGE_CURVE('',#3229,#3225,#1325,.T.);
#4034=EDGE_CURVE('',#3227,#3230,#1326,.T.);
#4035=EDGE_CURVE('',#3231,#3230,#1327,.T.);
#4036=EDGE_CURVE('',#3228,#3231,#1328,.T.);
#4037=EDGE_CURVE('',#3232,#3231,#1329,.T.);
#4038=EDGE_CURVE('',#3229,#3232,#1330,.T.);
#4039=EDGE_CURVE('',#3226,#3232,#1331,.T.);
#4040=EDGE_CURVE('',#3230,#3221,#1332,.T.);
#4041=EDGE_CURVE('',#3233,#3234,#1333,.T.);
#4042=EDGE_CURVE('',#3234,#3235,#1334,.T.);
#4043=EDGE_CURVE('',#3235,#3236,#1335,.T.);
#4044=EDGE_CURVE('',#3236,#3233,#1336,.T.);
#4045=EDGE_CURVE('',#3237,#3235,#1337,.T.);
#4046=EDGE_CURVE('',#3234,#3238,#1338,.T.);
#4047=EDGE_CURVE('',#3238,#3237,#1339,.T.);
#4048=EDGE_CURVE('',#3239,#3233,#1340,.T.);
#4049=EDGE_CURVE('',#3236,#3240,#1341,.T.);
#4050=EDGE_CURVE('',#3240,#3239,#1342,.T.);
#4051=EDGE_CURVE('',#3240,#3237,#1343,.T.);
#4052=EDGE_CURVE('',#3238,#3239,#1344,.T.);
#4053=EDGE_CURVE('',#3236,#3241,#1345,.T.);
#4054=EDGE_CURVE('',#3241,#3242,#1346,.T.);
#4055=EDGE_CURVE('',#3240,#3242,#1347,.T.);
#4056=EDGE_CURVE('',#3243,#3235,#1348,.T.);
#4057=EDGE_CURVE('',#3243,#3244,#1349,.T.);
#4058=EDGE_CURVE('',#3244,#3245,#1350,.T.);
#4059=EDGE_CURVE('',#3245,#3241,#1351,.T.);
#4060=EDGE_CURVE('',#3243,#3246,#1352,.T.);
#4061=EDGE_CURVE('',#3247,#3246,#1353,.T.);
#4062=EDGE_CURVE('',#3244,#3247,#1354,.T.);
#4063=EDGE_CURVE('',#3248,#3247,#1355,.T.);
#4064=EDGE_CURVE('',#3245,#3248,#1356,.T.);
#4065=EDGE_CURVE('',#3242,#3248,#1357,.T.);
#4066=EDGE_CURVE('',#3246,#3237,#1358,.T.);
#4067=EDGE_CURVE('',#3249,#3250,#1359,.T.);
#4068=EDGE_CURVE('',#3250,#3251,#1360,.T.);
#4069=EDGE_CURVE('',#3251,#3252,#1361,.T.);
#4070=EDGE_CURVE('',#3252,#3249,#1362,.T.);
#4071=EDGE_CURVE('',#3253,#3251,#1363,.T.);
#4072=EDGE_CURVE('',#3250,#3254,#1364,.T.);
#4073=EDGE_CURVE('',#3254,#3253,#1365,.T.);
#4074=EDGE_CURVE('',#3255,#3249,#1366,.T.);
#4075=EDGE_CURVE('',#3252,#3256,#1367,.T.);
#4076=EDGE_CURVE('',#3256,#3255,#1368,.T.);
#4077=EDGE_CURVE('',#3256,#3253,#1369,.T.);
#4078=EDGE_CURVE('',#3254,#3255,#1370,.T.);
#4079=EDGE_CURVE('',#3252,#3257,#1371,.T.);
#4080=EDGE_CURVE('',#3257,#3258,#1372,.T.);
#4081=EDGE_CURVE('',#3256,#3258,#1373,.T.);
#4082=EDGE_CURVE('',#3259,#3251,#1374,.T.);
#4083=EDGE_CURVE('',#3259,#3260,#1375,.T.);
#4084=EDGE_CURVE('',#3260,#3261,#1376,.T.);
#4085=EDGE_CURVE('',#3261,#3257,#1377,.T.);
#4086=EDGE_CURVE('',#3259,#3262,#1378,.T.);
#4087=EDGE_CURVE('',#3263,#3262,#1379,.T.);
#4088=EDGE_CURVE('',#3260,#3263,#1380,.T.);
#4089=EDGE_CURVE('',#3264,#3263,#1381,.T.);
#4090=EDGE_CURVE('',#3261,#3264,#1382,.T.);
#4091=EDGE_CURVE('',#3258,#3264,#1383,.T.);
#4092=EDGE_CURVE('',#3262,#3253,#1384,.T.);
#4093=EDGE_CURVE('',#3265,#3266,#1385,.T.);
#4094=EDGE_CURVE('',#3266,#3267,#1386,.T.);
#4095=EDGE_CURVE('',#3267,#3268,#1387,.T.);
#4096=EDGE_CURVE('',#3268,#3265,#1388,.T.);
#4097=EDGE_CURVE('',#3269,#3267,#1389,.T.);
#4098=EDGE_CURVE('',#3266,#3270,#1390,.T.);
#4099=EDGE_CURVE('',#3270,#3269,#1391,.T.);
#4100=EDGE_CURVE('',#3271,#3265,#1392,.T.);
#4101=EDGE_CURVE('',#3268,#3272,#1393,.T.);
#4102=EDGE_CURVE('',#3272,#3271,#1394,.T.);
#4103=EDGE_CURVE('',#3272,#3269,#1395,.T.);
#4104=EDGE_CURVE('',#3270,#3271,#1396,.T.);
#4105=EDGE_CURVE('',#3268,#3273,#1397,.T.);
#4106=EDGE_CURVE('',#3273,#3274,#1398,.T.);
#4107=EDGE_CURVE('',#3272,#3274,#1399,.T.);
#4108=EDGE_CURVE('',#3275,#3267,#1400,.T.);
#4109=EDGE_CURVE('',#3275,#3276,#1401,.T.);
#4110=EDGE_CURVE('',#3276,#3277,#1402,.T.);
#4111=EDGE_CURVE('',#3277,#3273,#1403,.T.);
#4112=EDGE_CURVE('',#3275,#3278,#1404,.T.);
#4113=EDGE_CURVE('',#3279,#3278,#1405,.T.);
#4114=EDGE_CURVE('',#3276,#3279,#1406,.T.);
#4115=EDGE_CURVE('',#3280,#3279,#1407,.T.);
#4116=EDGE_CURVE('',#3277,#3280,#1408,.T.);
#4117=EDGE_CURVE('',#3274,#3280,#1409,.T.);
#4118=EDGE_CURVE('',#3278,#3269,#1410,.T.);
#4119=EDGE_CURVE('',#3281,#3282,#1411,.T.);
#4120=EDGE_CURVE('',#3282,#3283,#1412,.T.);
#4121=EDGE_CURVE('',#3283,#3284,#1413,.T.);
#4122=EDGE_CURVE('',#3284,#3281,#1414,.T.);
#4123=EDGE_CURVE('',#3285,#3283,#1415,.T.);
#4124=EDGE_CURVE('',#3282,#3286,#1416,.T.);
#4125=EDGE_CURVE('',#3286,#3285,#1417,.T.);
#4126=EDGE_CURVE('',#3287,#3281,#1418,.T.);
#4127=EDGE_CURVE('',#3284,#3288,#1419,.T.);
#4128=EDGE_CURVE('',#3288,#3287,#1420,.T.);
#4129=EDGE_CURVE('',#3288,#3285,#1421,.T.);
#4130=EDGE_CURVE('',#3286,#3287,#1422,.T.);
#4131=EDGE_CURVE('',#3284,#3289,#1423,.T.);
#4132=EDGE_CURVE('',#3289,#3290,#1424,.T.);
#4133=EDGE_CURVE('',#3288,#3290,#1425,.T.);
#4134=EDGE_CURVE('',#3291,#3283,#1426,.T.);
#4135=EDGE_CURVE('',#3291,#3292,#1427,.T.);
#4136=EDGE_CURVE('',#3292,#3293,#1428,.T.);
#4137=EDGE_CURVE('',#3293,#3289,#1429,.T.);
#4138=EDGE_CURVE('',#3291,#3294,#1430,.T.);
#4139=EDGE_CURVE('',#3295,#3294,#1431,.T.);
#4140=EDGE_CURVE('',#3292,#3295,#1432,.T.);
#4141=EDGE_CURVE('',#3296,#3295,#1433,.T.);
#4142=EDGE_CURVE('',#3293,#3296,#1434,.T.);
#4143=EDGE_CURVE('',#3290,#3296,#1435,.T.);
#4144=EDGE_CURVE('',#3294,#3285,#1436,.T.);
#4145=EDGE_CURVE('',#3297,#3298,#1437,.T.);
#4146=EDGE_CURVE('',#3297,#3299,#1438,.T.);
#4147=EDGE_CURVE('',#3300,#3299,#1439,.T.);
#4148=EDGE_CURVE('',#3298,#3300,#1440,.T.);
#4149=EDGE_CURVE('',#3298,#3301,#1441,.T.);
#4150=EDGE_CURVE('',#3302,#3300,#1442,.T.);
#4151=EDGE_CURVE('',#3301,#3302,#1443,.T.);
#4152=EDGE_CURVE('',#3297,#3303,#1444,.T.);
#4153=EDGE_CURVE('',#3303,#3304,#1445,.T.);
#4154=EDGE_CURVE('',#3299,#3304,#1446,.T.);
#4155=EDGE_CURVE('',#3301,#3303,#1447,.T.);
#4156=EDGE_CURVE('',#3304,#3302,#1448,.T.);
#4157=EDGE_CURVE('',#3305,#3306,#1449,.T.);
#4158=EDGE_CURVE('',#3305,#3307,#1450,.T.);
#4159=EDGE_CURVE('',#3308,#3307,#1451,.T.);
#4160=EDGE_CURVE('',#3306,#3308,#1452,.T.);
#4161=EDGE_CURVE('',#3306,#3309,#1453,.T.);
#4162=EDGE_CURVE('',#3310,#3308,#1454,.T.);
#4163=EDGE_CURVE('',#3309,#3310,#1455,.T.);
#4164=EDGE_CURVE('',#3305,#3311,#1456,.T.);
#4165=EDGE_CURVE('',#3311,#3312,#1457,.T.);
#4166=EDGE_CURVE('',#3307,#3312,#1458,.T.);
#4167=EDGE_CURVE('',#3309,#3311,#1459,.T.);
#4168=EDGE_CURVE('',#3312,#3310,#1460,.T.);
#4169=EDGE_CURVE('',#3313,#3314,#1461,.T.);
#4170=EDGE_CURVE('',#3313,#3315,#1462,.T.);
#4171=EDGE_CURVE('',#3316,#3315,#1463,.T.);
#4172=EDGE_CURVE('',#3314,#3316,#1464,.T.);
#4173=EDGE_CURVE('',#3314,#3317,#1465,.T.);
#4174=EDGE_CURVE('',#3318,#3316,#1466,.T.);
#4175=EDGE_CURVE('',#3317,#3318,#1467,.T.);
#4176=EDGE_CURVE('',#3313,#3319,#1468,.T.);
#4177=EDGE_CURVE('',#3319,#3320,#1469,.T.);
#4178=EDGE_CURVE('',#3315,#3320,#1470,.T.);
#4179=EDGE_CURVE('',#3317,#3319,#1471,.T.);
#4180=EDGE_CURVE('',#3320,#3318,#1472,.T.);
#4181=EDGE_CURVE('',#3321,#3322,#1473,.T.);
#4182=EDGE_CURVE('',#3321,#3323,#1474,.T.);
#4183=EDGE_CURVE('',#3324,#3323,#1475,.T.);
#4184=EDGE_CURVE('',#3322,#3324,#1476,.T.);
#4185=EDGE_CURVE('',#3322,#3325,#1477,.T.);
#4186=EDGE_CURVE('',#3326,#3324,#1478,.T.);
#4187=EDGE_CURVE('',#3325,#3326,#1479,.T.);
#4188=EDGE_CURVE('',#3321,#3327,#1480,.T.);
#4189=EDGE_CURVE('',#3327,#3328,#1481,.T.);
#4190=EDGE_CURVE('',#3323,#3328,#1482,.T.);
#4191=EDGE_CURVE('',#3325,#3327,#1483,.T.);
#4192=EDGE_CURVE('',#3328,#3326,#1484,.T.);
#4193=EDGE_CURVE('',#3329,#3330,#1485,.T.);
#4194=EDGE_CURVE('',#3329,#3331,#1486,.T.);
#4195=EDGE_CURVE('',#3332,#3331,#1487,.T.);
#4196=EDGE_CURVE('',#3330,#3332,#1488,.T.);
#4197=EDGE_CURVE('',#3330,#3333,#1489,.T.);
#4198=EDGE_CURVE('',#3334,#3332,#1490,.T.);
#4199=EDGE_CURVE('',#3333,#3334,#1491,.T.);
#4200=EDGE_CURVE('',#3329,#3335,#1492,.T.);
#4201=EDGE_CURVE('',#3335,#3336,#1493,.T.);
#4202=EDGE_CURVE('',#3331,#3336,#1494,.T.);
#4203=EDGE_CURVE('',#3333,#3335,#1495,.T.);
#4204=EDGE_CURVE('',#3336,#3334,#1496,.T.);
#4205=EDGE_CURVE('',#3337,#3338,#1497,.T.);
#4206=EDGE_CURVE('',#3337,#3339,#1498,.T.);
#4207=EDGE_CURVE('',#3340,#3339,#1499,.T.);
#4208=EDGE_CURVE('',#3338,#3340,#1500,.T.);
#4209=EDGE_CURVE('',#3338,#3341,#1501,.T.);
#4210=EDGE_CURVE('',#3342,#3340,#1502,.T.);
#4211=EDGE_CURVE('',#3341,#3342,#1503,.T.);
#4212=EDGE_CURVE('',#3337,#3343,#1504,.T.);
#4213=EDGE_CURVE('',#3343,#3344,#1505,.T.);
#4214=EDGE_CURVE('',#3339,#3344,#1506,.T.);
#4215=EDGE_CURVE('',#3341,#3343,#1507,.T.);
#4216=EDGE_CURVE('',#3344,#3342,#1508,.T.);
#4217=EDGE_CURVE('',#3345,#3346,#1509,.T.);
#4218=EDGE_CURVE('',#3345,#3347,#1510,.T.);
#4219=EDGE_CURVE('',#3348,#3347,#1511,.T.);
#4220=EDGE_CURVE('',#3346,#3348,#1512,.T.);
#4221=EDGE_CURVE('',#3346,#3349,#1513,.T.);
#4222=EDGE_CURVE('',#3350,#3348,#1514,.T.);
#4223=EDGE_CURVE('',#3349,#3350,#1515,.T.);
#4224=EDGE_CURVE('',#3345,#3351,#1516,.T.);
#4225=EDGE_CURVE('',#3351,#3352,#1517,.T.);
#4226=EDGE_CURVE('',#3347,#3352,#1518,.T.);
#4227=EDGE_CURVE('',#3349,#3351,#1519,.T.);
#4228=EDGE_CURVE('',#3352,#3350,#1520,.T.);
#4229=EDGE_CURVE('',#3353,#3354,#1521,.T.);
#4230=EDGE_CURVE('',#3353,#3355,#1522,.T.);
#4231=EDGE_CURVE('',#3356,#3355,#1523,.T.);
#4232=EDGE_CURVE('',#3354,#3356,#1524,.T.);
#4233=EDGE_CURVE('',#3354,#3357,#1525,.T.);
#4234=EDGE_CURVE('',#3358,#3356,#1526,.T.);
#4235=EDGE_CURVE('',#3357,#3358,#1527,.T.);
#4236=EDGE_CURVE('',#3353,#3359,#1528,.T.);
#4237=EDGE_CURVE('',#3359,#3360,#1529,.T.);
#4238=EDGE_CURVE('',#3355,#3360,#1530,.T.);
#4239=EDGE_CURVE('',#3357,#3359,#1531,.T.);
#4240=EDGE_CURVE('',#3360,#3358,#1532,.T.);
#4241=EDGE_CURVE('',#3361,#3362,#1533,.T.);
#4242=EDGE_CURVE('',#3361,#3363,#1534,.T.);
#4243=EDGE_CURVE('',#3364,#3363,#1535,.T.);
#4244=EDGE_CURVE('',#3362,#3364,#1536,.T.);
#4245=EDGE_CURVE('',#3362,#3365,#1537,.T.);
#4246=EDGE_CURVE('',#3366,#3364,#1538,.T.);
#4247=EDGE_CURVE('',#3365,#3366,#1539,.T.);
#4248=EDGE_CURVE('',#3361,#3367,#1540,.T.);
#4249=EDGE_CURVE('',#3367,#3368,#1541,.T.);
#4250=EDGE_CURVE('',#3363,#3368,#1542,.T.);
#4251=EDGE_CURVE('',#3365,#3367,#1543,.T.);
#4252=EDGE_CURVE('',#3368,#3366,#1544,.T.);
#4253=EDGE_CURVE('',#3303,#3369,#1545,.T.);
#4254=EDGE_CURVE('',#3370,#3369,#1546,.T.);
#4255=EDGE_CURVE('',#3301,#3370,#1547,.T.);
#4256=EDGE_CURVE('',#3371,#3298,#1548,.T.);
#4257=EDGE_CURVE('',#3372,#3371,#1549,.T.);
#4258=EDGE_CURVE('',#3372,#3297,#1550,.T.);
#4259=EDGE_CURVE('',#3311,#3373,#1551,.T.);
#4260=EDGE_CURVE('',#3374,#3373,#1552,.T.);
#4261=EDGE_CURVE('',#3309,#3374,#1553,.T.);
#4262=EDGE_CURVE('',#3375,#3306,#1554,.T.);
#4263=EDGE_CURVE('',#3376,#3375,#1555,.T.);
#4264=EDGE_CURVE('',#3376,#3305,#1556,.T.);
#4265=EDGE_CURVE('',#3319,#3377,#1557,.T.);
#4266=EDGE_CURVE('',#3378,#3377,#1558,.T.);
#4267=EDGE_CURVE('',#3317,#3378,#1559,.T.);
#4268=EDGE_CURVE('',#3379,#3314,#1560,.T.);
#4269=EDGE_CURVE('',#3380,#3379,#1561,.T.);
#4270=EDGE_CURVE('',#3380,#3313,#1562,.T.);
#4271=EDGE_CURVE('',#3327,#3381,#1563,.T.);
#4272=EDGE_CURVE('',#3382,#3381,#1564,.T.);
#4273=EDGE_CURVE('',#3325,#3382,#1565,.T.);
#4274=EDGE_CURVE('',#3383,#3322,#1566,.T.);
#4275=EDGE_CURVE('',#3384,#3383,#1567,.T.);
#4276=EDGE_CURVE('',#3384,#3321,#1568,.T.);
#4277=EDGE_CURVE('',#3335,#3385,#1569,.T.);
#4278=EDGE_CURVE('',#3386,#3385,#1570,.T.);
#4279=EDGE_CURVE('',#3333,#3386,#1571,.T.);
#4280=EDGE_CURVE('',#3387,#3330,#1572,.T.);
#4281=EDGE_CURVE('',#3388,#3387,#1573,.T.);
#4282=EDGE_CURVE('',#3388,#3329,#1574,.T.);
#4283=EDGE_CURVE('',#3343,#3389,#1575,.T.);
#4284=EDGE_CURVE('',#3390,#3389,#1576,.T.);
#4285=EDGE_CURVE('',#3341,#3390,#1577,.T.);
#4286=EDGE_CURVE('',#3391,#3338,#1578,.T.);
#4287=EDGE_CURVE('',#3392,#3391,#1579,.T.);
#4288=EDGE_CURVE('',#3392,#3337,#1580,.T.);
#4289=EDGE_CURVE('',#3351,#3393,#1581,.T.);
#4290=EDGE_CURVE('',#3394,#3393,#1582,.T.);
#4291=EDGE_CURVE('',#3349,#3394,#1583,.T.);
#4292=EDGE_CURVE('',#3395,#3346,#1584,.T.);
#4293=EDGE_CURVE('',#3396,#3395,#1585,.T.);
#4294=EDGE_CURVE('',#3396,#3345,#1586,.T.);
#4295=EDGE_CURVE('',#3359,#3397,#1587,.T.);
#4296=EDGE_CURVE('',#3398,#3397,#1588,.T.);
#4297=EDGE_CURVE('',#3357,#3398,#1589,.T.);
#4298=EDGE_CURVE('',#3399,#3354,#1590,.T.);
#4299=EDGE_CURVE('',#3400,#3399,#1591,.T.);
#4300=EDGE_CURVE('',#3400,#3353,#1592,.T.);
#4301=EDGE_CURVE('',#3367,#3401,#1593,.T.);
#4302=EDGE_CURVE('',#3402,#3401,#1594,.T.);
#4303=EDGE_CURVE('',#3365,#3402,#1595,.T.);
#4304=EDGE_CURVE('',#3403,#3362,#1596,.T.);
#4305=EDGE_CURVE('',#3404,#3403,#1597,.T.);
#4306=EDGE_CURVE('',#3404,#3361,#1598,.T.);
#4307=EDGE_CURVE('',#3405,#3406,#1599,.T.);
#4308=EDGE_CURVE('',#3407,#3405,#1600,.T.);
#4309=EDGE_CURVE('',#3408,#3407,#1601,.T.);
#4310=EDGE_CURVE('',#3408,#3406,#1602,.T.);
#4311=EDGE_CURVE('',#3406,#3409,#1603,.T.);
#4312=EDGE_CURVE('',#3410,#3408,#1604,.T.);
#4313=EDGE_CURVE('',#3410,#3409,#1605,.T.);
#4314=EDGE_CURVE('',#3409,#3411,#1606,.T.);
#4315=EDGE_CURVE('',#3412,#3410,#1607,.T.);
#4316=EDGE_CURVE('',#3412,#3411,#1608,.T.);
#4317=EDGE_CURVE('',#3411,#3413,#1609,.T.);
#4318=EDGE_CURVE('',#3414,#3412,#1610,.T.);
#4319=EDGE_CURVE('',#3414,#3413,#1611,.T.);
#4320=EDGE_CURVE('',#3413,#3402,#1612,.T.);
#4321=EDGE_CURVE('',#3403,#3414,#1613,.T.);
#4322=EDGE_CURVE('',#3401,#3415,#1614,.T.);
#4323=EDGE_CURVE('',#3416,#3404,#1615,.T.);
#4324=EDGE_CURVE('',#3416,#3415,#1616,.T.);
#4325=EDGE_CURVE('',#3415,#3417,#1617,.T.);
#4326=EDGE_CURVE('',#3418,#3416,#1618,.T.);
#4327=EDGE_CURVE('',#3418,#3417,#1619,.T.);
#4328=EDGE_CURVE('',#3417,#3386,#1620,.T.);
#4329=EDGE_CURVE('',#3387,#3418,#1621,.T.);
#4330=EDGE_CURVE('',#3385,#3419,#1622,.T.);
#4331=EDGE_CURVE('',#3420,#3388,#1623,.T.);
#4332=EDGE_CURVE('',#3420,#3419,#1624,.T.);
#4333=EDGE_CURVE('',#3419,#3421,#1625,.T.);
#4334=EDGE_CURVE('',#3422,#3420,#1626,.T.);
#4335=EDGE_CURVE('',#3422,#3421,#1627,.T.);
#4336=EDGE_CURVE('',#3421,#3370,#1628,.T.);
#4337=EDGE_CURVE('',#3371,#3422,#1629,.T.);
#4338=EDGE_CURVE('',#3369,#3423,#1630,.T.);
#4339=EDGE_CURVE('',#3424,#3372,#1631,.T.);
#4340=EDGE_CURVE('',#3424,#3423,#1632,.T.);
#4341=EDGE_CURVE('',#3423,#3425,#1633,.T.);
#4342=EDGE_CURVE('',#3426,#3424,#1634,.T.);
#4343=EDGE_CURVE('',#3426,#3425,#1635,.T.);
#4344=EDGE_CURVE('',#3425,#3382,#1636,.T.);
#4345=EDGE_CURVE('',#3383,#3426,#1637,.T.);
#4346=EDGE_CURVE('',#3381,#3427,#1638,.T.);
#4347=EDGE_CURVE('',#3428,#3384,#1639,.T.);
#4348=EDGE_CURVE('',#3428,#3427,#1640,.T.);
#4349=EDGE_CURVE('',#3427,#3429,#1641,.T.);
#4350=EDGE_CURVE('',#3430,#3428,#1642,.T.);
#4351=EDGE_CURVE('',#3430,#3429,#1643,.T.);
#4352=EDGE_CURVE('',#3429,#3398,#1644,.T.);
#4353=EDGE_CURVE('',#3399,#3430,#1645,.T.);
#4354=EDGE_CURVE('',#3397,#3431,#1646,.T.);
#4355=EDGE_CURVE('',#3432,#3400,#1647,.T.);
#4356=EDGE_CURVE('',#3432,#3431,#1648,.T.);
#4357=EDGE_CURVE('',#3431,#3433,#1649,.T.);
#4358=EDGE_CURVE('',#3434,#3432,#1650,.T.);
#4359=EDGE_CURVE('',#3434,#3433,#1651,.T.);
#4360=EDGE_CURVE('',#3433,#3390,#1652,.T.);
#4361=EDGE_CURVE('',#3391,#3434,#1653,.T.);
#4362=EDGE_CURVE('',#3389,#3435,#1654,.T.);
#4363=EDGE_CURVE('',#3436,#3392,#1655,.T.);
#4364=EDGE_CURVE('',#3436,#3435,#1656,.T.);
#4365=EDGE_CURVE('',#3435,#3437,#1657,.T.);
#4366=EDGE_CURVE('',#3438,#3436,#1658,.T.);
#4367=EDGE_CURVE('',#3438,#3437,#1659,.T.);
#4368=EDGE_CURVE('',#3437,#3374,#1660,.T.);
#4369=EDGE_CURVE('',#3375,#3438,#1661,.T.);
#4370=EDGE_CURVE('',#3373,#3439,#1662,.T.);
#4371=EDGE_CURVE('',#3440,#3376,#1663,.T.);
#4372=EDGE_CURVE('',#3440,#3439,#1664,.T.);
#4373=EDGE_CURVE('',#3439,#3441,#1665,.T.);
#4374=EDGE_CURVE('',#3442,#3440,#1666,.T.);
#4375=EDGE_CURVE('',#3442,#3441,#1667,.T.);
#4376=EDGE_CURVE('',#3441,#3378,#1668,.T.);
#4377=EDGE_CURVE('',#3379,#3442,#1669,.T.);
#4378=EDGE_CURVE('',#3377,#3443,#1670,.T.);
#4379=EDGE_CURVE('',#3444,#3380,#1671,.T.);
#4380=EDGE_CURVE('',#3444,#3443,#1672,.T.);
#4381=EDGE_CURVE('',#3443,#3445,#1673,.T.);
#4382=EDGE_CURVE('',#3446,#3444,#1674,.T.);
#4383=EDGE_CURVE('',#3446,#3445,#1675,.T.);
#4384=EDGE_CURVE('',#3445,#3394,#1676,.T.);
#4385=EDGE_CURVE('',#3395,#3446,#1677,.T.);
#4386=EDGE_CURVE('',#3393,#3447,#1678,.T.);
#4387=EDGE_CURVE('',#3448,#3396,#1679,.T.);
#4388=EDGE_CURVE('',#3448,#3447,#1680,.T.);
#4389=EDGE_CURVE('',#3447,#3449,#1681,.T.);
#4390=EDGE_CURVE('',#3450,#3448,#1682,.T.);
#4391=EDGE_CURVE('',#3450,#3449,#1683,.T.);
#4392=EDGE_CURVE('',#3449,#3451,#1684,.T.);
#4393=EDGE_CURVE('',#3452,#3450,#1685,.T.);
#4394=EDGE_CURVE('',#3451,#3452,#1686,.T.);
#4395=EDGE_CURVE('',#3453,#3454,#1687,.T.);
#4396=EDGE_CURVE('',#3455,#3453,#1688,.T.);
#4397=EDGE_CURVE('',#3456,#3455,#1689,.T.);
#4398=EDGE_CURVE('',#3456,#3454,#1690,.T.);
#4399=EDGE_CURVE('',#3454,#3457,#1691,.T.);
#4400=EDGE_CURVE('',#3458,#3456,#1692,.T.);
#4401=EDGE_CURVE('',#3458,#3457,#1693,.T.);
#4402=EDGE_CURVE('',#3457,#3459,#1694,.T.);
#4403=EDGE_CURVE('',#3460,#3458,#1695,.T.);
#4404=EDGE_CURVE('',#3460,#3459,#1696,.T.);
#4405=EDGE_CURVE('',#3459,#3461,#1697,.T.);
#4406=EDGE_CURVE('',#3462,#3460,#1698,.T.);
#4407=EDGE_CURVE('',#3462,#3461,#1699,.T.);
#4408=EDGE_CURVE('',#3461,#3463,#1700,.T.);
#4409=EDGE_CURVE('',#3464,#3462,#1701,.T.);
#4410=EDGE_CURVE('',#3464,#3463,#1702,.T.);
#4411=EDGE_CURVE('',#3463,#3465,#1703,.T.);
#4412=EDGE_CURVE('',#3466,#3464,#1704,.T.);
#4413=EDGE_CURVE('',#3466,#3465,#1705,.T.);
#4414=EDGE_CURVE('',#3465,#3467,#1706,.T.);
#4415=EDGE_CURVE('',#3468,#3466,#1707,.T.);
#4416=EDGE_CURVE('',#3468,#3467,#1708,.T.);
#4417=EDGE_CURVE('',#3467,#3469,#1709,.T.);
#4418=EDGE_CURVE('',#3470,#3468,#1710,.T.);
#4419=EDGE_CURVE('',#3470,#3469,#1711,.T.);
#4420=EDGE_CURVE('',#3469,#3471,#1712,.T.);
#4421=EDGE_CURVE('',#3472,#3470,#1713,.T.);
#4422=EDGE_CURVE('',#3472,#3471,#1714,.T.);
#4423=EDGE_CURVE('',#3471,#3473,#1715,.T.);
#4424=EDGE_CURVE('',#3474,#3472,#1716,.T.);
#4425=EDGE_CURVE('',#3474,#3473,#1717,.T.);
#4426=EDGE_CURVE('',#3473,#3475,#1718,.T.);
#4427=EDGE_CURVE('',#3476,#3474,#1719,.T.);
#4428=EDGE_CURVE('',#3476,#3475,#1720,.T.);
#4429=EDGE_CURVE('',#3475,#3477,#1721,.T.);
#4430=EDGE_CURVE('',#3478,#3476,#1722,.T.);
#4431=EDGE_CURVE('',#3478,#3477,#1723,.T.);
#4432=EDGE_CURVE('',#3477,#3479,#1724,.T.);
#4433=EDGE_CURVE('',#3480,#3478,#1725,.T.);
#4434=EDGE_CURVE('',#3480,#3479,#1726,.T.);
#4435=EDGE_CURVE('',#3479,#3481,#1727,.T.);
#4436=EDGE_CURVE('',#3482,#3480,#1728,.T.);
#4437=EDGE_CURVE('',#3482,#3481,#1729,.T.);
#4438=EDGE_CURVE('',#3481,#3483,#1730,.T.);
#4439=EDGE_CURVE('',#3484,#3482,#1731,.T.);
#4440=EDGE_CURVE('',#3484,#3483,#1732,.T.);
#4441=EDGE_CURVE('',#3483,#3485,#1733,.T.);
#4442=EDGE_CURVE('',#3486,#3484,#1734,.T.);
#4443=EDGE_CURVE('',#3486,#3485,#1735,.T.);
#4444=EDGE_CURVE('',#3485,#3487,#1736,.T.);
#4445=EDGE_CURVE('',#3488,#3486,#1737,.T.);
#4446=EDGE_CURVE('',#3488,#3487,#1738,.T.);
#4447=EDGE_CURVE('',#3487,#3489,#1739,.T.);
#4448=EDGE_CURVE('',#3490,#3488,#1740,.T.);
#4449=EDGE_CURVE('',#3490,#3489,#1741,.T.);
#4450=EDGE_CURVE('',#3489,#3491,#1742,.T.);
#4451=EDGE_CURVE('',#3492,#3490,#1743,.T.);
#4452=EDGE_CURVE('',#3492,#3491,#1744,.T.);
#4453=EDGE_CURVE('',#3491,#3493,#1745,.T.);
#4454=EDGE_CURVE('',#3494,#3492,#1746,.T.);
#4455=EDGE_CURVE('',#3494,#3493,#1747,.T.);
#4456=EDGE_CURVE('',#3493,#3495,#1748,.T.);
#4457=EDGE_CURVE('',#3496,#3494,#1749,.T.);
#4458=EDGE_CURVE('',#3496,#3495,#1750,.T.);
#4459=EDGE_CURVE('',#3495,#3497,#1751,.T.);
#4460=EDGE_CURVE('',#3498,#3496,#1752,.T.);
#4461=EDGE_CURVE('',#3498,#3497,#1753,.T.);
#4462=EDGE_CURVE('',#3497,#3499,#1754,.T.);
#4463=EDGE_CURVE('',#3500,#3498,#1755,.T.);
#4464=EDGE_CURVE('',#3500,#3499,#1756,.T.);
#4465=EDGE_CURVE('',#3499,#3405,#1757,.T.);
#4466=EDGE_CURVE('',#3407,#3500,#1758,.T.);
#4467=EDGE_CURVE('',#3501,#3502,#1759,.T.);
#4468=EDGE_CURVE('',#3503,#3501,#1760,.T.);
#4469=EDGE_CURVE('',#3504,#3503,#1761,.T.);
#4470=EDGE_CURVE('',#3504,#3502,#1762,.T.);
#4471=EDGE_CURVE('',#3502,#3505,#1763,.T.);
#4472=EDGE_CURVE('',#3506,#3504,#1764,.T.);
#4473=EDGE_CURVE('',#3506,#3505,#1765,.T.);
#4474=EDGE_CURVE('',#3505,#3507,#1766,.T.);
#4475=EDGE_CURVE('',#3508,#3506,#1767,.T.);
#4476=EDGE_CURVE('',#3508,#3507,#1768,.T.);
#4477=EDGE_CURVE('',#3507,#3509,#1769,.T.);
#4478=EDGE_CURVE('',#3510,#3508,#1770,.T.);
#4479=EDGE_CURVE('',#3510,#3509,#1771,.T.);
#4480=EDGE_CURVE('',#3509,#3511,#1772,.T.);
#4481=EDGE_CURVE('',#3512,#3510,#1773,.T.);
#4482=EDGE_CURVE('',#3512,#3511,#1774,.T.);
#4483=EDGE_CURVE('',#3511,#3513,#1775,.T.);
#4484=EDGE_CURVE('',#3514,#3512,#1776,.T.);
#4485=EDGE_CURVE('',#3514,#3513,#1777,.T.);
#4486=EDGE_CURVE('',#3513,#3515,#1778,.T.);
#4487=EDGE_CURVE('',#3516,#3514,#1779,.T.);
#4488=EDGE_CURVE('',#3516,#3515,#1780,.T.);
#4489=EDGE_CURVE('',#3515,#3517,#1781,.T.);
#4490=EDGE_CURVE('',#3518,#3516,#1782,.T.);
#4491=EDGE_CURVE('',#3518,#3517,#1783,.T.);
#4492=EDGE_CURVE('',#3517,#3519,#1784,.T.);
#4493=EDGE_CURVE('',#3520,#3518,#1785,.T.);
#4494=EDGE_CURVE('',#3520,#3519,#1786,.T.);
#4495=EDGE_CURVE('',#3519,#3521,#1787,.T.);
#4496=EDGE_CURVE('',#3522,#3520,#1788,.T.);
#4497=EDGE_CURVE('',#3522,#3521,#1789,.T.);
#4498=EDGE_CURVE('',#3521,#3523,#1790,.T.);
#4499=EDGE_CURVE('',#3524,#3522,#1791,.T.);
#4500=EDGE_CURVE('',#3524,#3523,#1792,.T.);
#4501=EDGE_CURVE('',#3523,#3525,#1793,.T.);
#4502=EDGE_CURVE('',#3526,#3524,#1794,.T.);
#4503=EDGE_CURVE('',#3526,#3525,#1795,.T.);
#4504=EDGE_CURVE('',#3525,#3527,#1796,.T.);
#4505=EDGE_CURVE('',#3528,#3526,#1797,.T.);
#4506=EDGE_CURVE('',#3528,#3527,#1798,.T.);
#4507=EDGE_CURVE('',#3527,#3529,#1799,.T.);
#4508=EDGE_CURVE('',#3530,#3528,#1800,.T.);
#4509=EDGE_CURVE('',#3530,#3529,#1801,.T.);
#4510=EDGE_CURVE('',#3529,#3531,#1802,.T.);
#4511=EDGE_CURVE('',#3532,#3530,#1803,.T.);
#4512=EDGE_CURVE('',#3532,#3531,#1804,.T.);
#4513=EDGE_CURVE('',#3531,#3533,#1805,.T.);
#4514=EDGE_CURVE('',#3534,#3532,#1806,.T.);
#4515=EDGE_CURVE('',#3534,#3533,#1807,.T.);
#4516=EDGE_CURVE('',#3533,#3535,#1808,.T.);
#4517=EDGE_CURVE('',#3536,#3534,#1809,.T.);
#4518=EDGE_CURVE('',#3536,#3535,#1810,.T.);
#4519=EDGE_CURVE('',#3535,#3453,#1811,.T.);
#4520=EDGE_CURVE('',#3455,#3536,#1812,.T.);
#4521=EDGE_CURVE('',#3537,#3501,#1813,.T.);
#4522=EDGE_CURVE('',#3538,#3537,#1814,.T.);
#4523=EDGE_CURVE('',#3503,#3538,#1815,.T.);
#4524=EDGE_CURVE('',#3539,#3452,#1816,.T.);
#4525=EDGE_CURVE('',#3540,#3539,#1817,.T.);
#4526=EDGE_CURVE('',#3451,#3540,#1818,.T.);
#4527=EDGE_CURVE('',#3538,#3541,#1819,.T.);
#4528=EDGE_CURVE('',#3542,#3541,#1820,.T.);
#4529=EDGE_CURVE('',#3542,#3543,#1821,.T.);
#4530=EDGE_CURVE('',#3543,#3544,#1822,.T.);
#4531=EDGE_CURVE('',#3544,#3545,#1823,.T.);
#4532=EDGE_CURVE('',#3545,#3546,#1824,.T.);
#4533=EDGE_CURVE('',#3546,#3547,#1825,.T.);
#4534=EDGE_CURVE('',#3547,#3548,#1826,.T.);
#4535=EDGE_CURVE('',#3548,#3549,#1827,.T.);
#4536=EDGE_CURVE('',#3550,#3549,#1828,.T.);
#4537=EDGE_CURVE('',#3550,#3551,#1829,.T.);
#4538=EDGE_CURVE('',#3551,#3552,#1830,.T.);
#4539=EDGE_CURVE('',#3552,#3553,#1831,.T.);
#4540=EDGE_CURVE('',#3553,#3554,#1832,.T.);
#4541=EDGE_CURVE('',#3554,#3555,#1833,.T.);
#4542=EDGE_CURVE('',#3555,#3556,#1834,.T.);
#4543=EDGE_CURVE('',#3556,#3557,#1835,.T.);
#4544=EDGE_CURVE('',#3558,#3557,#1836,.T.);
#4545=EDGE_CURVE('',#3539,#3558,#1837,.T.);
#4546=EDGE_CURVE('',#3559,#3560,#1838,.T.);
#4547=EDGE_CURVE('',#3559,#3561,#1839,.T.);
#4548=EDGE_CURVE('',#3562,#3561,#1840,.T.);
#4549=EDGE_CURVE('',#3563,#3562,#1841,.T.);
#4550=EDGE_CURVE('',#3564,#3563,#1842,.T.);
#4551=EDGE_CURVE('',#3564,#3565,#1843,.T.);
#4552=EDGE_CURVE('',#3566,#3565,#1844,.T.);
#4553=EDGE_CURVE('',#3560,#3566,#1845,.T.);
#4554=EDGE_CURVE('',#3565,#3567,#1846,.T.);
#4555=EDGE_CURVE('',#3568,#3564,#1847,.T.);
#4556=EDGE_CURVE('',#3567,#3568,#1848,.T.);
#4557=EDGE_CURVE('',#3569,#3559,#1849,.T.);
#4558=EDGE_CURVE('',#3570,#3569,#1850,.T.);
#4559=EDGE_CURVE('',#3561,#3570,#1851,.T.);
#4560=EDGE_CURVE('',#3571,#3566,#1852,.T.);
#4561=EDGE_CURVE('',#3572,#3571,#1853,.T.);
#4562=EDGE_CURVE('',#3572,#3560,#1854,.T.);
#4563=EDGE_CURVE('',#3573,#3574,#1855,.T.);
#4564=EDGE_CURVE('',#3574,#3575,#1856,.T.);
#4565=EDGE_CURVE('',#3575,#3576,#1857,.T.);
#4566=EDGE_CURVE('',#3576,#3573,#1858,.T.);
#4567=EDGE_CURVE('',#3577,#3578,#1859,.T.);
#4568=EDGE_CURVE('',#3578,#3579,#1860,.T.);
#4569=EDGE_CURVE('',#3579,#3580,#1861,.T.);
#4570=EDGE_CURVE('',#3580,#3577,#1862,.T.);
#4571=EDGE_CURVE('',#3581,#3567,#1863,.T.);
#4572=EDGE_CURVE('',#3582,#3581,#1864,.T.);
#4573=EDGE_CURVE('',#3571,#3582,#1865,.T.);
#4574=EDGE_CURVE('',#3568,#3558,#1866,.T.);
#4575=EDGE_CURVE('',#3557,#3583,#1867,.T.);
#4576=EDGE_CURVE('',#3583,#3584,#1868,.T.);
#4577=EDGE_CURVE('',#3584,#3585,#1869,.T.);
#4578=EDGE_CURVE('',#3585,#3586,#1870,.T.);
#4579=EDGE_CURVE('',#3586,#3587,#1871,.T.);
#4580=EDGE_CURVE('',#3587,#3581,#1872,.T.);
#4581=EDGE_CURVE('',#3540,#3563,#1873,.T.);
#4582=EDGE_CURVE('',#3537,#3562,#1874,.T.);
#4583=EDGE_CURVE('',#3588,#3589,#1875,.T.);
#4584=EDGE_CURVE('',#3589,#3590,#1876,.T.);
#4585=EDGE_CURVE('',#3590,#3591,#1877,.T.);
#4586=EDGE_CURVE('',#3591,#3588,#1878,.T.);
#4587=EDGE_CURVE('',#3592,#3593,#1879,.T.);
#4588=EDGE_CURVE('',#3593,#3594,#1880,.T.);
#4589=EDGE_CURVE('',#3594,#3595,#1881,.T.);
#4590=EDGE_CURVE('',#3595,#3592,#1882,.T.);
#4591=EDGE_CURVE('',#3549,#3596,#1883,.T.);
#4592=EDGE_CURVE('',#3597,#3548,#1884,.T.);
#4593=EDGE_CURVE('',#3596,#3597,#1885,.T.);
#4594=EDGE_CURVE('',#3598,#3542,#1886,.T.);
#4595=EDGE_CURVE('',#3599,#3598,#1887,.T.);
#4596=EDGE_CURVE('',#3543,#3599,#1888,.T.);
#4597=EDGE_CURVE('',#3600,#3556,#1889,.T.);
#4598=EDGE_CURVE('',#3583,#3600,#1890,.T.);
#4599=EDGE_CURVE('',#3601,#3550,#1891,.T.);
#4600=EDGE_CURVE('',#3602,#3601,#1892,.T.);
#4601=EDGE_CURVE('',#3551,#3602,#1893,.T.);
#4602=EDGE_CURVE('',#3547,#3603,#1894,.T.);
#4603=EDGE_CURVE('',#3597,#3603,#1895,.T.);
#4604=EDGE_CURVE('',#3596,#3601,#1896,.T.);
#4605=EDGE_CURVE('',#3569,#3604,#1897,.T.);
#4606=EDGE_CURVE('',#3604,#3605,#1898,.T.);
#4607=EDGE_CURVE('',#3605,#3606,#1899,.T.);
#4608=EDGE_CURVE('',#3606,#3607,#1900,.T.);
#4609=EDGE_CURVE('',#3607,#3608,#1901,.T.);
#4610=EDGE_CURVE('',#3608,#3598,#1902,.T.);
#4611=EDGE_CURVE('',#3541,#3570,#1903,.T.);
#4612=EDGE_CURVE('',#3555,#3609,#1904,.T.);
#4613=EDGE_CURVE('',#3600,#3609,#1905,.T.);
#4614=EDGE_CURVE('',#3610,#3611,#1906,.T.);
#4615=EDGE_CURVE('',#3553,#3610,#1907,.T.);
#4616=EDGE_CURVE('',#3552,#3611,#1908,.T.);
#4617=EDGE_CURVE('',#3579,#3595,#1909,.T.);
#4618=EDGE_CURVE('',#3580,#3594,#1910,.T.);
#4619=EDGE_CURVE('',#3612,#3610,#1911,.T.);
#4620=EDGE_CURVE('',#3554,#3612,#1912,.T.);
#4621=EDGE_CURVE('',#3577,#3593,#1913,.T.);
#4622=EDGE_CURVE('',#3611,#3602,#1914,.T.);
#4623=EDGE_CURVE('',#3609,#3612,#1915,.T.);
#4624=EDGE_CURVE('',#3578,#3592,#1916,.T.);
#4625=EDGE_CURVE('',#3613,#3614,#1917,.T.);
#4626=EDGE_CURVE('',#3545,#3613,#1918,.T.);
#4627=EDGE_CURVE('',#3544,#3614,#1919,.T.);
#4628=EDGE_CURVE('',#3575,#3591,#1920,.T.);
#4629=EDGE_CURVE('',#3576,#3590,#1921,.T.);
#4630=EDGE_CURVE('',#3615,#3613,#1922,.T.);
#4631=EDGE_CURVE('',#3546,#3615,#1923,.T.);
#4632=EDGE_CURVE('',#3573,#3589,#1924,.T.);
#4633=EDGE_CURVE('',#3614,#3599,#1925,.T.);
#4634=EDGE_CURVE('',#3603,#3615,#1926,.T.);
#4635=EDGE_CURVE('',#3574,#3588,#1927,.T.);
#4636=EDGE_CURVE('',#3616,#3617,#1928,.T.);
#4637=EDGE_CURVE('',#3616,#3585,#1929,.T.);
#4638=EDGE_CURVE('',#3617,#3584,#1930,.T.);
#4639=EDGE_CURVE('',#3618,#3616,#1931,.T.);
#4640=EDGE_CURVE('',#3618,#3586,#1932,.T.);
#4641=EDGE_CURVE('',#3619,#3618,#1933,.T.);
#4642=EDGE_CURVE('',#3619,#3587,#1934,.T.);
#4643=EDGE_CURVE('',#3582,#3619,#1935,.T.);
#4644=EDGE_CURVE('',#3620,#3608,#1936,.T.);
#4645=EDGE_CURVE('',#3617,#3620,#1937,.T.);
#4646=EDGE_CURVE('',#3620,#3621,#1938,.T.);
#4647=EDGE_CURVE('',#3621,#3607,#1939,.T.);
#4648=EDGE_CURVE('',#3621,#3622,#1940,.T.);
#4649=EDGE_CURVE('',#3622,#3606,#1941,.T.);
#4650=EDGE_CURVE('',#3622,#3623,#1942,.T.);
#4651=EDGE_CURVE('',#3623,#3605,#1943,.T.);
#4652=EDGE_CURVE('',#3623,#3624,#1944,.T.);
#4653=EDGE_CURVE('',#3624,#3604,#1945,.T.);
#4654=EDGE_CURVE('',#3624,#3572,#1946,.T.);
#4655=ORIENTED_EDGE('',*,*,#3625,.T.);
#4656=ORIENTED_EDGE('',*,*,#3626,.T.);
#4657=ORIENTED_EDGE('',*,*,#3627,.T.);
#4658=ORIENTED_EDGE('',*,*,#3628,.T.);
#4659=ORIENTED_EDGE('',*,*,#3629,.T.);
#4660=ORIENTED_EDGE('',*,*,#3626,.F.);
#4661=ORIENTED_EDGE('',*,*,#3630,.T.);
#4662=ORIENTED_EDGE('',*,*,#3631,.T.);
#4663=ORIENTED_EDGE('',*,*,#3632,.T.);
#4664=ORIENTED_EDGE('',*,*,#3628,.F.);
#4665=ORIENTED_EDGE('',*,*,#3633,.T.);
#4666=ORIENTED_EDGE('',*,*,#3634,.T.);
#4667=ORIENTED_EDGE('',*,*,#3635,.T.);
#4668=ORIENTED_EDGE('',*,*,#3631,.F.);
#4669=ORIENTED_EDGE('',*,*,#3636,.T.);
#4670=ORIENTED_EDGE('',*,*,#3634,.F.);
#4671=ORIENTED_EDGE('',*,*,#3633,.F.);
#4672=ORIENTED_EDGE('',*,*,#3637,.T.);
#4673=ORIENTED_EDGE('',*,*,#3638,.T.);
#4674=ORIENTED_EDGE('',*,*,#3639,.F.);
#4675=ORIENTED_EDGE('',*,*,#3627,.F.);
#4676=ORIENTED_EDGE('',*,*,#3640,.F.);
#4677=ORIENTED_EDGE('',*,*,#3641,.T.);
#4678=ORIENTED_EDGE('',*,*,#3642,.T.);
#4679=ORIENTED_EDGE('',*,*,#3643,.T.);
#4680=ORIENTED_EDGE('',*,*,#3637,.F.);
#4681=ORIENTED_EDGE('',*,*,#3625,.F.);
#4682=ORIENTED_EDGE('',*,*,#3632,.F.);
#4683=ORIENTED_EDGE('',*,*,#3636,.F.);
#4684=ORIENTED_EDGE('',*,*,#3630,.F.);
#4685=ORIENTED_EDGE('',*,*,#3641,.F.);
#4686=ORIENTED_EDGE('',*,*,#3644,.T.);
#4687=ORIENTED_EDGE('',*,*,#3645,.F.);
#4688=ORIENTED_EDGE('',*,*,#3646,.F.);
#4689=ORIENTED_EDGE('',*,*,#3642,.F.);
#4690=ORIENTED_EDGE('',*,*,#3646,.T.);
#4691=ORIENTED_EDGE('',*,*,#3647,.F.);
#4692=ORIENTED_EDGE('',*,*,#3648,.F.);
#4693=ORIENTED_EDGE('',*,*,#3643,.F.);
#4694=ORIENTED_EDGE('',*,*,#3648,.T.);
#4695=ORIENTED_EDGE('',*,*,#3649,.F.);
#4696=ORIENTED_EDGE('',*,*,#3638,.F.);
#4697=ORIENTED_EDGE('',*,*,#3629,.F.);
#4698=ORIENTED_EDGE('',*,*,#3650,.F.);
#4699=ORIENTED_EDGE('',*,*,#3644,.F.);
#4700=ORIENTED_EDGE('',*,*,#3640,.T.);
#4701=ORIENTED_EDGE('',*,*,#3635,.F.);
#4702=ORIENTED_EDGE('',*,*,#3639,.T.);
#4703=ORIENTED_EDGE('',*,*,#3649,.T.);
#4704=ORIENTED_EDGE('',*,*,#3647,.T.);
#4705=ORIENTED_EDGE('',*,*,#3645,.T.);
#4706=ORIENTED_EDGE('',*,*,#3650,.T.);
#4707=ORIENTED_EDGE('',*,*,#3651,.T.);
#4708=ORIENTED_EDGE('',*,*,#3652,.T.);
#4709=ORIENTED_EDGE('',*,*,#3653,.T.);
#4710=ORIENTED_EDGE('',*,*,#3654,.T.);
#4711=ORIENTED_EDGE('',*,*,#3655,.T.);
#4712=ORIENTED_EDGE('',*,*,#3652,.F.);
#4713=ORIENTED_EDGE('',*,*,#3656,.T.);
#4714=ORIENTED_EDGE('',*,*,#3657,.T.);
#4715=ORIENTED_EDGE('',*,*,#3658,.T.);
#4716=ORIENTED_EDGE('',*,*,#3654,.F.);
#4717=ORIENTED_EDGE('',*,*,#3659,.T.);
#4718=ORIENTED_EDGE('',*,*,#3660,.T.);
#4719=ORIENTED_EDGE('',*,*,#3661,.T.);
#4720=ORIENTED_EDGE('',*,*,#3657,.F.);
#4721=ORIENTED_EDGE('',*,*,#3662,.T.);
#4722=ORIENTED_EDGE('',*,*,#3660,.F.);
#4723=ORIENTED_EDGE('',*,*,#3659,.F.);
#4724=ORIENTED_EDGE('',*,*,#3663,.T.);
#4725=ORIENTED_EDGE('',*,*,#3664,.T.);
#4726=ORIENTED_EDGE('',*,*,#3665,.F.);
#4727=ORIENTED_EDGE('',*,*,#3653,.F.);
#4728=ORIENTED_EDGE('',*,*,#3666,.F.);
#4729=ORIENTED_EDGE('',*,*,#3667,.T.);
#4730=ORIENTED_EDGE('',*,*,#3668,.T.);
#4731=ORIENTED_EDGE('',*,*,#3669,.T.);
#4732=ORIENTED_EDGE('',*,*,#3663,.F.);
#4733=ORIENTED_EDGE('',*,*,#3651,.F.);
#4734=ORIENTED_EDGE('',*,*,#3658,.F.);
#4735=ORIENTED_EDGE('',*,*,#3662,.F.);
#4736=ORIENTED_EDGE('',*,*,#3656,.F.);
#4737=ORIENTED_EDGE('',*,*,#3667,.F.);
#4738=ORIENTED_EDGE('',*,*,#3670,.T.);
#4739=ORIENTED_EDGE('',*,*,#3671,.F.);
#4740=ORIENTED_EDGE('',*,*,#3672,.F.);
#4741=ORIENTED_EDGE('',*,*,#3668,.F.);
#4742=ORIENTED_EDGE('',*,*,#3672,.T.);
#4743=ORIENTED_EDGE('',*,*,#3673,.F.);
#4744=ORIENTED_EDGE('',*,*,#3674,.F.);
#4745=ORIENTED_EDGE('',*,*,#3669,.F.);
#4746=ORIENTED_EDGE('',*,*,#3674,.T.);
#4747=ORIENTED_EDGE('',*,*,#3675,.F.);
#4748=ORIENTED_EDGE('',*,*,#3664,.F.);
#4749=ORIENTED_EDGE('',*,*,#3655,.F.);
#4750=ORIENTED_EDGE('',*,*,#3676,.F.);
#4751=ORIENTED_EDGE('',*,*,#3670,.F.);
#4752=ORIENTED_EDGE('',*,*,#3666,.T.);
#4753=ORIENTED_EDGE('',*,*,#3661,.F.);
#4754=ORIENTED_EDGE('',*,*,#3665,.T.);
#4755=ORIENTED_EDGE('',*,*,#3675,.T.);
#4756=ORIENTED_EDGE('',*,*,#3673,.T.);
#4757=ORIENTED_EDGE('',*,*,#3671,.T.);
#4758=ORIENTED_EDGE('',*,*,#3676,.T.);
#4759=ORIENTED_EDGE('',*,*,#3677,.T.);
#4760=ORIENTED_EDGE('',*,*,#3678,.T.);
#4761=ORIENTED_EDGE('',*,*,#3679,.T.);
#4762=ORIENTED_EDGE('',*,*,#3680,.T.);
#4763=ORIENTED_EDGE('',*,*,#3681,.T.);
#4764=ORIENTED_EDGE('',*,*,#3678,.F.);
#4765=ORIENTED_EDGE('',*,*,#3682,.T.);
#4766=ORIENTED_EDGE('',*,*,#3683,.T.);
#4767=ORIENTED_EDGE('',*,*,#3684,.T.);
#4768=ORIENTED_EDGE('',*,*,#3680,.F.);
#4769=ORIENTED_EDGE('',*,*,#3685,.T.);
#4770=ORIENTED_EDGE('',*,*,#3686,.T.);
#4771=ORIENTED_EDGE('',*,*,#3687,.T.);
#4772=ORIENTED_EDGE('',*,*,#3683,.F.);
#4773=ORIENTED_EDGE('',*,*,#3688,.T.);
#4774=ORIENTED_EDGE('',*,*,#3686,.F.);
#4775=ORIENTED_EDGE('',*,*,#3685,.F.);
#4776=ORIENTED_EDGE('',*,*,#3689,.T.);
#4777=ORIENTED_EDGE('',*,*,#3690,.T.);
#4778=ORIENTED_EDGE('',*,*,#3691,.F.);
#4779=ORIENTED_EDGE('',*,*,#3679,.F.);
#4780=ORIENTED_EDGE('',*,*,#3692,.F.);
#4781=ORIENTED_EDGE('',*,*,#3693,.T.);
#4782=ORIENTED_EDGE('',*,*,#3694,.T.);
#4783=ORIENTED_EDGE('',*,*,#3695,.T.);
#4784=ORIENTED_EDGE('',*,*,#3689,.F.);
#4785=ORIENTED_EDGE('',*,*,#3677,.F.);
#4786=ORIENTED_EDGE('',*,*,#3684,.F.);
#4787=ORIENTED_EDGE('',*,*,#3688,.F.);
#4788=ORIENTED_EDGE('',*,*,#3682,.F.);
#4789=ORIENTED_EDGE('',*,*,#3693,.F.);
#4790=ORIENTED_EDGE('',*,*,#3696,.T.);
#4791=ORIENTED_EDGE('',*,*,#3697,.F.);
#4792=ORIENTED_EDGE('',*,*,#3698,.F.);
#4793=ORIENTED_EDGE('',*,*,#3694,.F.);
#4794=ORIENTED_EDGE('',*,*,#3698,.T.);
#4795=ORIENTED_EDGE('',*,*,#3699,.F.);
#4796=ORIENTED_EDGE('',*,*,#3700,.F.);
#4797=ORIENTED_EDGE('',*,*,#3695,.F.);
#4798=ORIENTED_EDGE('',*,*,#3700,.T.);
#4799=ORIENTED_EDGE('',*,*,#3701,.F.);
#4800=ORIENTED_EDGE('',*,*,#3690,.F.);
#4801=ORIENTED_EDGE('',*,*,#3681,.F.);
#4802=ORIENTED_EDGE('',*,*,#3702,.F.);
#4803=ORIENTED_EDGE('',*,*,#3696,.F.);
#4804=ORIENTED_EDGE('',*,*,#3692,.T.);
#4805=ORIENTED_EDGE('',*,*,#3687,.F.);
#4806=ORIENTED_EDGE('',*,*,#3691,.T.);
#4807=ORIENTED_EDGE('',*,*,#3701,.T.);
#4808=ORIENTED_EDGE('',*,*,#3699,.T.);
#4809=ORIENTED_EDGE('',*,*,#3697,.T.);
#4810=ORIENTED_EDGE('',*,*,#3702,.T.);
#4811=ORIENTED_EDGE('',*,*,#3703,.T.);
#4812=ORIENTED_EDGE('',*,*,#3704,.T.);
#4813=ORIENTED_EDGE('',*,*,#3705,.T.);
#4814=ORIENTED_EDGE('',*,*,#3706,.T.);
#4815=ORIENTED_EDGE('',*,*,#3707,.T.);
#4816=ORIENTED_EDGE('',*,*,#3704,.F.);
#4817=ORIENTED_EDGE('',*,*,#3708,.T.);
#4818=ORIENTED_EDGE('',*,*,#3709,.T.);
#4819=ORIENTED_EDGE('',*,*,#3710,.T.);
#4820=ORIENTED_EDGE('',*,*,#3706,.F.);
#4821=ORIENTED_EDGE('',*,*,#3711,.T.);
#4822=ORIENTED_EDGE('',*,*,#3712,.T.);
#4823=ORIENTED_EDGE('',*,*,#3713,.T.);
#4824=ORIENTED_EDGE('',*,*,#3709,.F.);
#4825=ORIENTED_EDGE('',*,*,#3714,.T.);
#4826=ORIENTED_EDGE('',*,*,#3712,.F.);
#4827=ORIENTED_EDGE('',*,*,#3711,.F.);
#4828=ORIENTED_EDGE('',*,*,#3715,.T.);
#4829=ORIENTED_EDGE('',*,*,#3716,.T.);
#4830=ORIENTED_EDGE('',*,*,#3717,.F.);
#4831=ORIENTED_EDGE('',*,*,#3705,.F.);
#4832=ORIENTED_EDGE('',*,*,#3718,.F.);
#4833=ORIENTED_EDGE('',*,*,#3719,.T.);
#4834=ORIENTED_EDGE('',*,*,#3720,.T.);
#4835=ORIENTED_EDGE('',*,*,#3721,.T.);
#4836=ORIENTED_EDGE('',*,*,#3715,.F.);
#4837=ORIENTED_EDGE('',*,*,#3703,.F.);
#4838=ORIENTED_EDGE('',*,*,#3710,.F.);
#4839=ORIENTED_EDGE('',*,*,#3714,.F.);
#4840=ORIENTED_EDGE('',*,*,#3708,.F.);
#4841=ORIENTED_EDGE('',*,*,#3719,.F.);
#4842=ORIENTED_EDGE('',*,*,#3722,.T.);
#4843=ORIENTED_EDGE('',*,*,#3723,.F.);
#4844=ORIENTED_EDGE('',*,*,#3724,.F.);
#4845=ORIENTED_EDGE('',*,*,#3720,.F.);
#4846=ORIENTED_EDGE('',*,*,#3724,.T.);
#4847=ORIENTED_EDGE('',*,*,#3725,.F.);
#4848=ORIENTED_EDGE('',*,*,#3726,.F.);
#4849=ORIENTED_EDGE('',*,*,#3721,.F.);
#4850=ORIENTED_EDGE('',*,*,#3726,.T.);
#4851=ORIENTED_EDGE('',*,*,#3727,.F.);
#4852=ORIENTED_EDGE('',*,*,#3716,.F.);
#4853=ORIENTED_EDGE('',*,*,#3707,.F.);
#4854=ORIENTED_EDGE('',*,*,#3728,.F.);
#4855=ORIENTED_EDGE('',*,*,#3722,.F.);
#4856=ORIENTED_EDGE('',*,*,#3718,.T.);
#4857=ORIENTED_EDGE('',*,*,#3713,.F.);
#4858=ORIENTED_EDGE('',*,*,#3717,.T.);
#4859=ORIENTED_EDGE('',*,*,#3727,.T.);
#4860=ORIENTED_EDGE('',*,*,#3725,.T.);
#4861=ORIENTED_EDGE('',*,*,#3723,.T.);
#4862=ORIENTED_EDGE('',*,*,#3728,.T.);
#4863=ORIENTED_EDGE('',*,*,#3729,.T.);
#4864=ORIENTED_EDGE('',*,*,#3730,.T.);
#4865=ORIENTED_EDGE('',*,*,#3731,.T.);
#4866=ORIENTED_EDGE('',*,*,#3732,.T.);
#4867=ORIENTED_EDGE('',*,*,#3733,.T.);
#4868=ORIENTED_EDGE('',*,*,#3730,.F.);
#4869=ORIENTED_EDGE('',*,*,#3734,.T.);
#4870=ORIENTED_EDGE('',*,*,#3735,.T.);
#4871=ORIENTED_EDGE('',*,*,#3736,.T.);
#4872=ORIENTED_EDGE('',*,*,#3732,.F.);
#4873=ORIENTED_EDGE('',*,*,#3737,.T.);
#4874=ORIENTED_EDGE('',*,*,#3738,.T.);
#4875=ORIENTED_EDGE('',*,*,#3739,.T.);
#4876=ORIENTED_EDGE('',*,*,#3735,.F.);
#4877=ORIENTED_EDGE('',*,*,#3740,.T.);
#4878=ORIENTED_EDGE('',*,*,#3738,.F.);
#4879=ORIENTED_EDGE('',*,*,#3737,.F.);
#4880=ORIENTED_EDGE('',*,*,#3741,.T.);
#4881=ORIENTED_EDGE('',*,*,#3742,.T.);
#4882=ORIENTED_EDGE('',*,*,#3743,.F.);
#4883=ORIENTED_EDGE('',*,*,#3731,.F.);
#4884=ORIENTED_EDGE('',*,*,#3744,.F.);
#4885=ORIENTED_EDGE('',*,*,#3745,.T.);
#4886=ORIENTED_EDGE('',*,*,#3746,.T.);
#4887=ORIENTED_EDGE('',*,*,#3747,.T.);
#4888=ORIENTED_EDGE('',*,*,#3741,.F.);
#4889=ORIENTED_EDGE('',*,*,#3729,.F.);
#4890=ORIENTED_EDGE('',*,*,#3736,.F.);
#4891=ORIENTED_EDGE('',*,*,#3740,.F.);
#4892=ORIENTED_EDGE('',*,*,#3734,.F.);
#4893=ORIENTED_EDGE('',*,*,#3745,.F.);
#4894=ORIENTED_EDGE('',*,*,#3748,.T.);
#4895=ORIENTED_EDGE('',*,*,#3749,.F.);
#4896=ORIENTED_EDGE('',*,*,#3750,.F.);
#4897=ORIENTED_EDGE('',*,*,#3746,.F.);
#4898=ORIENTED_EDGE('',*,*,#3750,.T.);
#4899=ORIENTED_EDGE('',*,*,#3751,.F.);
#4900=ORIENTED_EDGE('',*,*,#3752,.F.);
#4901=ORIENTED_EDGE('',*,*,#3747,.F.);
#4902=ORIENTED_EDGE('',*,*,#3752,.T.);
#4903=ORIENTED_EDGE('',*,*,#3753,.F.);
#4904=ORIENTED_EDGE('',*,*,#3742,.F.);
#4905=ORIENTED_EDGE('',*,*,#3733,.F.);
#4906=ORIENTED_EDGE('',*,*,#3754,.F.);
#4907=ORIENTED_EDGE('',*,*,#3748,.F.);
#4908=ORIENTED_EDGE('',*,*,#3744,.T.);
#4909=ORIENTED_EDGE('',*,*,#3739,.F.);
#4910=ORIENTED_EDGE('',*,*,#3743,.T.);
#4911=ORIENTED_EDGE('',*,*,#3753,.T.);
#4912=ORIENTED_EDGE('',*,*,#3751,.T.);
#4913=ORIENTED_EDGE('',*,*,#3749,.T.);
#4914=ORIENTED_EDGE('',*,*,#3754,.T.);
#4915=ORIENTED_EDGE('',*,*,#3755,.T.);
#4916=ORIENTED_EDGE('',*,*,#3756,.T.);
#4917=ORIENTED_EDGE('',*,*,#3757,.T.);
#4918=ORIENTED_EDGE('',*,*,#3758,.T.);
#4919=ORIENTED_EDGE('',*,*,#3759,.T.);
#4920=ORIENTED_EDGE('',*,*,#3756,.F.);
#4921=ORIENTED_EDGE('',*,*,#3760,.T.);
#4922=ORIENTED_EDGE('',*,*,#3761,.T.);
#4923=ORIENTED_EDGE('',*,*,#3762,.T.);
#4924=ORIENTED_EDGE('',*,*,#3758,.F.);
#4925=ORIENTED_EDGE('',*,*,#3763,.T.);
#4926=ORIENTED_EDGE('',*,*,#3764,.T.);
#4927=ORIENTED_EDGE('',*,*,#3765,.T.);
#4928=ORIENTED_EDGE('',*,*,#3761,.F.);
#4929=ORIENTED_EDGE('',*,*,#3766,.T.);
#4930=ORIENTED_EDGE('',*,*,#3764,.F.);
#4931=ORIENTED_EDGE('',*,*,#3763,.F.);
#4932=ORIENTED_EDGE('',*,*,#3767,.T.);
#4933=ORIENTED_EDGE('',*,*,#3768,.T.);
#4934=ORIENTED_EDGE('',*,*,#3769,.F.);
#4935=ORIENTED_EDGE('',*,*,#3757,.F.);
#4936=ORIENTED_EDGE('',*,*,#3770,.F.);
#4937=ORIENTED_EDGE('',*,*,#3771,.T.);
#4938=ORIENTED_EDGE('',*,*,#3772,.T.);
#4939=ORIENTED_EDGE('',*,*,#3773,.T.);
#4940=ORIENTED_EDGE('',*,*,#3767,.F.);
#4941=ORIENTED_EDGE('',*,*,#3755,.F.);
#4942=ORIENTED_EDGE('',*,*,#3762,.F.);
#4943=ORIENTED_EDGE('',*,*,#3766,.F.);
#4944=ORIENTED_EDGE('',*,*,#3760,.F.);
#4945=ORIENTED_EDGE('',*,*,#3771,.F.);
#4946=ORIENTED_EDGE('',*,*,#3774,.T.);
#4947=ORIENTED_EDGE('',*,*,#3775,.F.);
#4948=ORIENTED_EDGE('',*,*,#3776,.F.);
#4949=ORIENTED_EDGE('',*,*,#3772,.F.);
#4950=ORIENTED_EDGE('',*,*,#3776,.T.);
#4951=ORIENTED_EDGE('',*,*,#3777,.F.);
#4952=ORIENTED_EDGE('',*,*,#3778,.F.);
#4953=ORIENTED_EDGE('',*,*,#3773,.F.);
#4954=ORIENTED_EDGE('',*,*,#3778,.T.);
#4955=ORIENTED_EDGE('',*,*,#3779,.F.);
#4956=ORIENTED_EDGE('',*,*,#3768,.F.);
#4957=ORIENTED_EDGE('',*,*,#3759,.F.);
#4958=ORIENTED_EDGE('',*,*,#3780,.F.);
#4959=ORIENTED_EDGE('',*,*,#3774,.F.);
#4960=ORIENTED_EDGE('',*,*,#3770,.T.);
#4961=ORIENTED_EDGE('',*,*,#3765,.F.);
#4962=ORIENTED_EDGE('',*,*,#3769,.T.);
#4963=ORIENTED_EDGE('',*,*,#3779,.T.);
#4964=ORIENTED_EDGE('',*,*,#3777,.T.);
#4965=ORIENTED_EDGE('',*,*,#3775,.T.);
#4966=ORIENTED_EDGE('',*,*,#3780,.T.);
#4967=ORIENTED_EDGE('',*,*,#3781,.T.);
#4968=ORIENTED_EDGE('',*,*,#3782,.T.);
#4969=ORIENTED_EDGE('',*,*,#3783,.T.);
#4970=ORIENTED_EDGE('',*,*,#3784,.T.);
#4971=ORIENTED_EDGE('',*,*,#3785,.T.);
#4972=ORIENTED_EDGE('',*,*,#3782,.F.);
#4973=ORIENTED_EDGE('',*,*,#3786,.T.);
#4974=ORIENTED_EDGE('',*,*,#3787,.T.);
#4975=ORIENTED_EDGE('',*,*,#3788,.T.);
#4976=ORIENTED_EDGE('',*,*,#3784,.F.);
#4977=ORIENTED_EDGE('',*,*,#3789,.T.);
#4978=ORIENTED_EDGE('',*,*,#3790,.T.);
#4979=ORIENTED_EDGE('',*,*,#3791,.T.);
#4980=ORIENTED_EDGE('',*,*,#3787,.F.);
#4981=ORIENTED_EDGE('',*,*,#3792,.T.);
#4982=ORIENTED_EDGE('',*,*,#3790,.F.);
#4983=ORIENTED_EDGE('',*,*,#3789,.F.);
#4984=ORIENTED_EDGE('',*,*,#3793,.T.);
#4985=ORIENTED_EDGE('',*,*,#3794,.T.);
#4986=ORIENTED_EDGE('',*,*,#3795,.F.);
#4987=ORIENTED_EDGE('',*,*,#3783,.F.);
#4988=ORIENTED_EDGE('',*,*,#3796,.F.);
#4989=ORIENTED_EDGE('',*,*,#3797,.T.);
#4990=ORIENTED_EDGE('',*,*,#3798,.T.);
#4991=ORIENTED_EDGE('',*,*,#3799,.T.);
#4992=ORIENTED_EDGE('',*,*,#3793,.F.);
#4993=ORIENTED_EDGE('',*,*,#3781,.F.);
#4994=ORIENTED_EDGE('',*,*,#3788,.F.);
#4995=ORIENTED_EDGE('',*,*,#3792,.F.);
#4996=ORIENTED_EDGE('',*,*,#3786,.F.);
#4997=ORIENTED_EDGE('',*,*,#3797,.F.);
#4998=ORIENTED_EDGE('',*,*,#3800,.T.);
#4999=ORIENTED_EDGE('',*,*,#3801,.F.);
#5000=ORIENTED_EDGE('',*,*,#3802,.F.);
#5001=ORIENTED_EDGE('',*,*,#3798,.F.);
#5002=ORIENTED_EDGE('',*,*,#3802,.T.);
#5003=ORIENTED_EDGE('',*,*,#3803,.F.);
#5004=ORIENTED_EDGE('',*,*,#3804,.F.);
#5005=ORIENTED_EDGE('',*,*,#3799,.F.);
#5006=ORIENTED_EDGE('',*,*,#3804,.T.);
#5007=ORIENTED_EDGE('',*,*,#3805,.F.);
#5008=ORIENTED_EDGE('',*,*,#3794,.F.);
#5009=ORIENTED_EDGE('',*,*,#3785,.F.);
#5010=ORIENTED_EDGE('',*,*,#3806,.F.);
#5011=ORIENTED_EDGE('',*,*,#3800,.F.);
#5012=ORIENTED_EDGE('',*,*,#3796,.T.);
#5013=ORIENTED_EDGE('',*,*,#3791,.F.);
#5014=ORIENTED_EDGE('',*,*,#3795,.T.);
#5015=ORIENTED_EDGE('',*,*,#3805,.T.);
#5016=ORIENTED_EDGE('',*,*,#3803,.T.);
#5017=ORIENTED_EDGE('',*,*,#3801,.T.);
#5018=ORIENTED_EDGE('',*,*,#3806,.T.);
#5019=ORIENTED_EDGE('',*,*,#3807,.T.);
#5020=ORIENTED_EDGE('',*,*,#3808,.T.);
#5021=ORIENTED_EDGE('',*,*,#3809,.T.);
#5022=ORIENTED_EDGE('',*,*,#3810,.T.);
#5023=ORIENTED_EDGE('',*,*,#3811,.T.);
#5024=ORIENTED_EDGE('',*,*,#3808,.F.);
#5025=ORIENTED_EDGE('',*,*,#3812,.T.);
#5026=ORIENTED_EDGE('',*,*,#3813,.T.);
#5027=ORIENTED_EDGE('',*,*,#3814,.T.);
#5028=ORIENTED_EDGE('',*,*,#3810,.F.);
#5029=ORIENTED_EDGE('',*,*,#3815,.T.);
#5030=ORIENTED_EDGE('',*,*,#3816,.T.);
#5031=ORIENTED_EDGE('',*,*,#3817,.T.);
#5032=ORIENTED_EDGE('',*,*,#3813,.F.);
#5033=ORIENTED_EDGE('',*,*,#3818,.T.);
#5034=ORIENTED_EDGE('',*,*,#3816,.F.);
#5035=ORIENTED_EDGE('',*,*,#3815,.F.);
#5036=ORIENTED_EDGE('',*,*,#3819,.T.);
#5037=ORIENTED_EDGE('',*,*,#3820,.T.);
#5038=ORIENTED_EDGE('',*,*,#3821,.F.);
#5039=ORIENTED_EDGE('',*,*,#3809,.F.);
#5040=ORIENTED_EDGE('',*,*,#3822,.F.);
#5041=ORIENTED_EDGE('',*,*,#3823,.T.);
#5042=ORIENTED_EDGE('',*,*,#3824,.T.);
#5043=ORIENTED_EDGE('',*,*,#3825,.T.);
#5044=ORIENTED_EDGE('',*,*,#3819,.F.);
#5045=ORIENTED_EDGE('',*,*,#3807,.F.);
#5046=ORIENTED_EDGE('',*,*,#3814,.F.);
#5047=ORIENTED_EDGE('',*,*,#3818,.F.);
#5048=ORIENTED_EDGE('',*,*,#3812,.F.);
#5049=ORIENTED_EDGE('',*,*,#3823,.F.);
#5050=ORIENTED_EDGE('',*,*,#3826,.T.);
#5051=ORIENTED_EDGE('',*,*,#3827,.F.);
#5052=ORIENTED_EDGE('',*,*,#3828,.F.);
#5053=ORIENTED_EDGE('',*,*,#3824,.F.);
#5054=ORIENTED_EDGE('',*,*,#3828,.T.);
#5055=ORIENTED_EDGE('',*,*,#3829,.F.);
#5056=ORIENTED_EDGE('',*,*,#3830,.F.);
#5057=ORIENTED_EDGE('',*,*,#3825,.F.);
#5058=ORIENTED_EDGE('',*,*,#3830,.T.);
#5059=ORIENTED_EDGE('',*,*,#3831,.F.);
#5060=ORIENTED_EDGE('',*,*,#3820,.F.);
#5061=ORIENTED_EDGE('',*,*,#3811,.F.);
#5062=ORIENTED_EDGE('',*,*,#3832,.F.);
#5063=ORIENTED_EDGE('',*,*,#3826,.F.);
#5064=ORIENTED_EDGE('',*,*,#3822,.T.);
#5065=ORIENTED_EDGE('',*,*,#3817,.F.);
#5066=ORIENTED_EDGE('',*,*,#3821,.T.);
#5067=ORIENTED_EDGE('',*,*,#3831,.T.);
#5068=ORIENTED_EDGE('',*,*,#3829,.T.);
#5069=ORIENTED_EDGE('',*,*,#3827,.T.);
#5070=ORIENTED_EDGE('',*,*,#3832,.T.);
#5071=ORIENTED_EDGE('',*,*,#3833,.T.);
#5072=ORIENTED_EDGE('',*,*,#3834,.T.);
#5073=ORIENTED_EDGE('',*,*,#3835,.T.);
#5074=ORIENTED_EDGE('',*,*,#3836,.T.);
#5075=ORIENTED_EDGE('',*,*,#3837,.T.);
#5076=ORIENTED_EDGE('',*,*,#3834,.F.);
#5077=ORIENTED_EDGE('',*,*,#3838,.T.);
#5078=ORIENTED_EDGE('',*,*,#3839,.T.);
#5079=ORIENTED_EDGE('',*,*,#3840,.T.);
#5080=ORIENTED_EDGE('',*,*,#3836,.F.);
#5081=ORIENTED_EDGE('',*,*,#3841,.T.);
#5082=ORIENTED_EDGE('',*,*,#3842,.T.);
#5083=ORIENTED_EDGE('',*,*,#3843,.T.);
#5084=ORIENTED_EDGE('',*,*,#3839,.F.);
#5085=ORIENTED_EDGE('',*,*,#3844,.T.);
#5086=ORIENTED_EDGE('',*,*,#3842,.F.);
#5087=ORIENTED_EDGE('',*,*,#3841,.F.);
#5088=ORIENTED_EDGE('',*,*,#3845,.T.);
#5089=ORIENTED_EDGE('',*,*,#3846,.T.);
#5090=ORIENTED_EDGE('',*,*,#3847,.F.);
#5091=ORIENTED_EDGE('',*,*,#3835,.F.);
#5092=ORIENTED_EDGE('',*,*,#3848,.F.);
#5093=ORIENTED_EDGE('',*,*,#3849,.T.);
#5094=ORIENTED_EDGE('',*,*,#3850,.T.);
#5095=ORIENTED_EDGE('',*,*,#3851,.T.);
#5096=ORIENTED_EDGE('',*,*,#3845,.F.);
#5097=ORIENTED_EDGE('',*,*,#3833,.F.);
#5098=ORIENTED_EDGE('',*,*,#3840,.F.);
#5099=ORIENTED_EDGE('',*,*,#3844,.F.);
#5100=ORIENTED_EDGE('',*,*,#3838,.F.);
#5101=ORIENTED_EDGE('',*,*,#3849,.F.);
#5102=ORIENTED_EDGE('',*,*,#3852,.T.);
#5103=ORIENTED_EDGE('',*,*,#3853,.F.);
#5104=ORIENTED_EDGE('',*,*,#3854,.F.);
#5105=ORIENTED_EDGE('',*,*,#3850,.F.);
#5106=ORIENTED_EDGE('',*,*,#3854,.T.);
#5107=ORIENTED_EDGE('',*,*,#3855,.F.);
#5108=ORIENTED_EDGE('',*,*,#3856,.F.);
#5109=ORIENTED_EDGE('',*,*,#3851,.F.);
#5110=ORIENTED_EDGE('',*,*,#3856,.T.);
#5111=ORIENTED_EDGE('',*,*,#3857,.F.);
#5112=ORIENTED_EDGE('',*,*,#3846,.F.);
#5113=ORIENTED_EDGE('',*,*,#3837,.F.);
#5114=ORIENTED_EDGE('',*,*,#3858,.F.);
#5115=ORIENTED_EDGE('',*,*,#3852,.F.);
#5116=ORIENTED_EDGE('',*,*,#3848,.T.);
#5117=ORIENTED_EDGE('',*,*,#3843,.F.);
#5118=ORIENTED_EDGE('',*,*,#3847,.T.);
#5119=ORIENTED_EDGE('',*,*,#3857,.T.);
#5120=ORIENTED_EDGE('',*,*,#3855,.T.);
#5121=ORIENTED_EDGE('',*,*,#3853,.T.);
#5122=ORIENTED_EDGE('',*,*,#3858,.T.);
#5123=ORIENTED_EDGE('',*,*,#3859,.T.);
#5124=ORIENTED_EDGE('',*,*,#3860,.T.);
#5125=ORIENTED_EDGE('',*,*,#3861,.T.);
#5126=ORIENTED_EDGE('',*,*,#3862,.T.);
#5127=ORIENTED_EDGE('',*,*,#3863,.T.);
#5128=ORIENTED_EDGE('',*,*,#3860,.F.);
#5129=ORIENTED_EDGE('',*,*,#3864,.T.);
#5130=ORIENTED_EDGE('',*,*,#3865,.T.);
#5131=ORIENTED_EDGE('',*,*,#3866,.T.);
#5132=ORIENTED_EDGE('',*,*,#3862,.F.);
#5133=ORIENTED_EDGE('',*,*,#3867,.T.);
#5134=ORIENTED_EDGE('',*,*,#3868,.T.);
#5135=ORIENTED_EDGE('',*,*,#3869,.T.);
#5136=ORIENTED_EDGE('',*,*,#3865,.F.);
#5137=ORIENTED_EDGE('',*,*,#3870,.T.);
#5138=ORIENTED_EDGE('',*,*,#3868,.F.);
#5139=ORIENTED_EDGE('',*,*,#3867,.F.);
#5140=ORIENTED_EDGE('',*,*,#3871,.T.);
#5141=ORIENTED_EDGE('',*,*,#3872,.T.);
#5142=ORIENTED_EDGE('',*,*,#3873,.F.);
#5143=ORIENTED_EDGE('',*,*,#3861,.F.);
#5144=ORIENTED_EDGE('',*,*,#3874,.F.);
#5145=ORIENTED_EDGE('',*,*,#3875,.T.);
#5146=ORIENTED_EDGE('',*,*,#3876,.T.);
#5147=ORIENTED_EDGE('',*,*,#3877,.T.);
#5148=ORIENTED_EDGE('',*,*,#3871,.F.);
#5149=ORIENTED_EDGE('',*,*,#3859,.F.);
#5150=ORIENTED_EDGE('',*,*,#3866,.F.);
#5151=ORIENTED_EDGE('',*,*,#3870,.F.);
#5152=ORIENTED_EDGE('',*,*,#3864,.F.);
#5153=ORIENTED_EDGE('',*,*,#3875,.F.);
#5154=ORIENTED_EDGE('',*,*,#3878,.T.);
#5155=ORIENTED_EDGE('',*,*,#3879,.F.);
#5156=ORIENTED_EDGE('',*,*,#3880,.F.);
#5157=ORIENTED_EDGE('',*,*,#3876,.F.);
#5158=ORIENTED_EDGE('',*,*,#3880,.T.);
#5159=ORIENTED_EDGE('',*,*,#3881,.F.);
#5160=ORIENTED_EDGE('',*,*,#3882,.F.);
#5161=ORIENTED_EDGE('',*,*,#3877,.F.);
#5162=ORIENTED_EDGE('',*,*,#3882,.T.);
#5163=ORIENTED_EDGE('',*,*,#3883,.F.);
#5164=ORIENTED_EDGE('',*,*,#3872,.F.);
#5165=ORIENTED_EDGE('',*,*,#3863,.F.);
#5166=ORIENTED_EDGE('',*,*,#3884,.F.);
#5167=ORIENTED_EDGE('',*,*,#3878,.F.);
#5168=ORIENTED_EDGE('',*,*,#3874,.T.);
#5169=ORIENTED_EDGE('',*,*,#3869,.F.);
#5170=ORIENTED_EDGE('',*,*,#3873,.T.);
#5171=ORIENTED_EDGE('',*,*,#3883,.T.);
#5172=ORIENTED_EDGE('',*,*,#3881,.T.);
#5173=ORIENTED_EDGE('',*,*,#3879,.T.);
#5174=ORIENTED_EDGE('',*,*,#3884,.T.);
#5175=ORIENTED_EDGE('',*,*,#3885,.T.);
#5176=ORIENTED_EDGE('',*,*,#3886,.T.);
#5177=ORIENTED_EDGE('',*,*,#3887,.T.);
#5178=ORIENTED_EDGE('',*,*,#3888,.T.);
#5179=ORIENTED_EDGE('',*,*,#3889,.T.);
#5180=ORIENTED_EDGE('',*,*,#3886,.F.);
#5181=ORIENTED_EDGE('',*,*,#3890,.T.);
#5182=ORIENTED_EDGE('',*,*,#3891,.T.);
#5183=ORIENTED_EDGE('',*,*,#3892,.T.);
#5184=ORIENTED_EDGE('',*,*,#3888,.F.);
#5185=ORIENTED_EDGE('',*,*,#3893,.T.);
#5186=ORIENTED_EDGE('',*,*,#3894,.T.);
#5187=ORIENTED_EDGE('',*,*,#3895,.T.);
#5188=ORIENTED_EDGE('',*,*,#3891,.F.);
#5189=ORIENTED_EDGE('',*,*,#3896,.T.);
#5190=ORIENTED_EDGE('',*,*,#3894,.F.);
#5191=ORIENTED_EDGE('',*,*,#3893,.F.);
#5192=ORIENTED_EDGE('',*,*,#3897,.T.);
#5193=ORIENTED_EDGE('',*,*,#3898,.T.);
#5194=ORIENTED_EDGE('',*,*,#3899,.F.);
#5195=ORIENTED_EDGE('',*,*,#3887,.F.);
#5196=ORIENTED_EDGE('',*,*,#3900,.F.);
#5197=ORIENTED_EDGE('',*,*,#3901,.T.);
#5198=ORIENTED_EDGE('',*,*,#3902,.T.);
#5199=ORIENTED_EDGE('',*,*,#3903,.T.);
#5200=ORIENTED_EDGE('',*,*,#3897,.F.);
#5201=ORIENTED_EDGE('',*,*,#3885,.F.);
#5202=ORIENTED_EDGE('',*,*,#3892,.F.);
#5203=ORIENTED_EDGE('',*,*,#3896,.F.);
#5204=ORIENTED_EDGE('',*,*,#3890,.F.);
#5205=ORIENTED_EDGE('',*,*,#3901,.F.);
#5206=ORIENTED_EDGE('',*,*,#3904,.T.);
#5207=ORIENTED_EDGE('',*,*,#3905,.F.);
#5208=ORIENTED_EDGE('',*,*,#3906,.F.);
#5209=ORIENTED_EDGE('',*,*,#3902,.F.);
#5210=ORIENTED_EDGE('',*,*,#3906,.T.);
#5211=ORIENTED_EDGE('',*,*,#3907,.F.);
#5212=ORIENTED_EDGE('',*,*,#3908,.F.);
#5213=ORIENTED_EDGE('',*,*,#3903,.F.);
#5214=ORIENTED_EDGE('',*,*,#3908,.T.);
#5215=ORIENTED_EDGE('',*,*,#3909,.F.);
#5216=ORIENTED_EDGE('',*,*,#3898,.F.);
#5217=ORIENTED_EDGE('',*,*,#3889,.F.);
#5218=ORIENTED_EDGE('',*,*,#3910,.F.);
#5219=ORIENTED_EDGE('',*,*,#3904,.F.);
#5220=ORIENTED_EDGE('',*,*,#3900,.T.);
#5221=ORIENTED_EDGE('',*,*,#3895,.F.);
#5222=ORIENTED_EDGE('',*,*,#3899,.T.);
#5223=ORIENTED_EDGE('',*,*,#3909,.T.);
#5224=ORIENTED_EDGE('',*,*,#3907,.T.);
#5225=ORIENTED_EDGE('',*,*,#3905,.T.);
#5226=ORIENTED_EDGE('',*,*,#3910,.T.);
#5227=ORIENTED_EDGE('',*,*,#3911,.T.);
#5228=ORIENTED_EDGE('',*,*,#3912,.T.);
#5229=ORIENTED_EDGE('',*,*,#3913,.T.);
#5230=ORIENTED_EDGE('',*,*,#3914,.T.);
#5231=ORIENTED_EDGE('',*,*,#3915,.T.);
#5232=ORIENTED_EDGE('',*,*,#3912,.F.);
#5233=ORIENTED_EDGE('',*,*,#3916,.T.);
#5234=ORIENTED_EDGE('',*,*,#3917,.T.);
#5235=ORIENTED_EDGE('',*,*,#3918,.T.);
#5236=ORIENTED_EDGE('',*,*,#3914,.F.);
#5237=ORIENTED_EDGE('',*,*,#3919,.T.);
#5238=ORIENTED_EDGE('',*,*,#3920,.T.);
#5239=ORIENTED_EDGE('',*,*,#3921,.T.);
#5240=ORIENTED_EDGE('',*,*,#3917,.F.);
#5241=ORIENTED_EDGE('',*,*,#3922,.T.);
#5242=ORIENTED_EDGE('',*,*,#3920,.F.);
#5243=ORIENTED_EDGE('',*,*,#3919,.F.);
#5244=ORIENTED_EDGE('',*,*,#3923,.T.);
#5245=ORIENTED_EDGE('',*,*,#3924,.T.);
#5246=ORIENTED_EDGE('',*,*,#3925,.F.);
#5247=ORIENTED_EDGE('',*,*,#3913,.F.);
#5248=ORIENTED_EDGE('',*,*,#3926,.F.);
#5249=ORIENTED_EDGE('',*,*,#3927,.T.);
#5250=ORIENTED_EDGE('',*,*,#3928,.T.);
#5251=ORIENTED_EDGE('',*,*,#3929,.T.);
#5252=ORIENTED_EDGE('',*,*,#3923,.F.);
#5253=ORIENTED_EDGE('',*,*,#3911,.F.);
#5254=ORIENTED_EDGE('',*,*,#3918,.F.);
#5255=ORIENTED_EDGE('',*,*,#3922,.F.);
#5256=ORIENTED_EDGE('',*,*,#3916,.F.);
#5257=ORIENTED_EDGE('',*,*,#3927,.F.);
#5258=ORIENTED_EDGE('',*,*,#3930,.T.);
#5259=ORIENTED_EDGE('',*,*,#3931,.F.);
#5260=ORIENTED_EDGE('',*,*,#3932,.F.);
#5261=ORIENTED_EDGE('',*,*,#3928,.F.);
#5262=ORIENTED_EDGE('',*,*,#3932,.T.);
#5263=ORIENTED_EDGE('',*,*,#3933,.F.);
#5264=ORIENTED_EDGE('',*,*,#3934,.F.);
#5265=ORIENTED_EDGE('',*,*,#3929,.F.);
#5266=ORIENTED_EDGE('',*,*,#3934,.T.);
#5267=ORIENTED_EDGE('',*,*,#3935,.F.);
#5268=ORIENTED_EDGE('',*,*,#3924,.F.);
#5269=ORIENTED_EDGE('',*,*,#3915,.F.);
#5270=ORIENTED_EDGE('',*,*,#3936,.F.);
#5271=ORIENTED_EDGE('',*,*,#3930,.F.);
#5272=ORIENTED_EDGE('',*,*,#3926,.T.);
#5273=ORIENTED_EDGE('',*,*,#3921,.F.);
#5274=ORIENTED_EDGE('',*,*,#3925,.T.);
#5275=ORIENTED_EDGE('',*,*,#3935,.T.);
#5276=ORIENTED_EDGE('',*,*,#3933,.T.);
#5277=ORIENTED_EDGE('',*,*,#3931,.T.);
#5278=ORIENTED_EDGE('',*,*,#3936,.T.);
#5279=ORIENTED_EDGE('',*,*,#3937,.T.);
#5280=ORIENTED_EDGE('',*,*,#3938,.T.);
#5281=ORIENTED_EDGE('',*,*,#3939,.T.);
#5282=ORIENTED_EDGE('',*,*,#3940,.T.);
#5283=ORIENTED_EDGE('',*,*,#3941,.T.);
#5284=ORIENTED_EDGE('',*,*,#3938,.F.);
#5285=ORIENTED_EDGE('',*,*,#3942,.T.);
#5286=ORIENTED_EDGE('',*,*,#3943,.T.);
#5287=ORIENTED_EDGE('',*,*,#3944,.T.);
#5288=ORIENTED_EDGE('',*,*,#3940,.F.);
#5289=ORIENTED_EDGE('',*,*,#3945,.T.);
#5290=ORIENTED_EDGE('',*,*,#3946,.T.);
#5291=ORIENTED_EDGE('',*,*,#3947,.T.);
#5292=ORIENTED_EDGE('',*,*,#3943,.F.);
#5293=ORIENTED_EDGE('',*,*,#3948,.T.);
#5294=ORIENTED_EDGE('',*,*,#3946,.F.);
#5295=ORIENTED_EDGE('',*,*,#3945,.F.);
#5296=ORIENTED_EDGE('',*,*,#3949,.T.);
#5297=ORIENTED_EDGE('',*,*,#3950,.T.);
#5298=ORIENTED_EDGE('',*,*,#3951,.F.);
#5299=ORIENTED_EDGE('',*,*,#3939,.F.);
#5300=ORIENTED_EDGE('',*,*,#3952,.F.);
#5301=ORIENTED_EDGE('',*,*,#3953,.T.);
#5302=ORIENTED_EDGE('',*,*,#3954,.T.);
#5303=ORIENTED_EDGE('',*,*,#3955,.T.);
#5304=ORIENTED_EDGE('',*,*,#3949,.F.);
#5305=ORIENTED_EDGE('',*,*,#3937,.F.);
#5306=ORIENTED_EDGE('',*,*,#3944,.F.);
#5307=ORIENTED_EDGE('',*,*,#3948,.F.);
#5308=ORIENTED_EDGE('',*,*,#3942,.F.);
#5309=ORIENTED_EDGE('',*,*,#3953,.F.);
#5310=ORIENTED_EDGE('',*,*,#3956,.T.);
#5311=ORIENTED_EDGE('',*,*,#3957,.F.);
#5312=ORIENTED_EDGE('',*,*,#3958,.F.);
#5313=ORIENTED_EDGE('',*,*,#3954,.F.);
#5314=ORIENTED_EDGE('',*,*,#3958,.T.);
#5315=ORIENTED_EDGE('',*,*,#3959,.F.);
#5316=ORIENTED_EDGE('',*,*,#3960,.F.);
#5317=ORIENTED_EDGE('',*,*,#3955,.F.);
#5318=ORIENTED_EDGE('',*,*,#3960,.T.);
#5319=ORIENTED_EDGE('',*,*,#3961,.F.);
#5320=ORIENTED_EDGE('',*,*,#3950,.F.);
#5321=ORIENTED_EDGE('',*,*,#3941,.F.);
#5322=ORIENTED_EDGE('',*,*,#3962,.F.);
#5323=ORIENTED_EDGE('',*,*,#3956,.F.);
#5324=ORIENTED_EDGE('',*,*,#3952,.T.);
#5325=ORIENTED_EDGE('',*,*,#3947,.F.);
#5326=ORIENTED_EDGE('',*,*,#3951,.T.);
#5327=ORIENTED_EDGE('',*,*,#3961,.T.);
#5328=ORIENTED_EDGE('',*,*,#3959,.T.);
#5329=ORIENTED_EDGE('',*,*,#3957,.T.);
#5330=ORIENTED_EDGE('',*,*,#3962,.T.);
#5331=ORIENTED_EDGE('',*,*,#3963,.T.);
#5332=ORIENTED_EDGE('',*,*,#3964,.T.);
#5333=ORIENTED_EDGE('',*,*,#3965,.T.);
#5334=ORIENTED_EDGE('',*,*,#3966,.T.);
#5335=ORIENTED_EDGE('',*,*,#3967,.T.);
#5336=ORIENTED_EDGE('',*,*,#3964,.F.);
#5337=ORIENTED_EDGE('',*,*,#3968,.T.);
#5338=ORIENTED_EDGE('',*,*,#3969,.T.);
#5339=ORIENTED_EDGE('',*,*,#3970,.T.);
#5340=ORIENTED_EDGE('',*,*,#3966,.F.);
#5341=ORIENTED_EDGE('',*,*,#3971,.T.);
#5342=ORIENTED_EDGE('',*,*,#3972,.T.);
#5343=ORIENTED_EDGE('',*,*,#3973,.T.);
#5344=ORIENTED_EDGE('',*,*,#3969,.F.);
#5345=ORIENTED_EDGE('',*,*,#3974,.T.);
#5346=ORIENTED_EDGE('',*,*,#3972,.F.);
#5347=ORIENTED_EDGE('',*,*,#3971,.F.);
#5348=ORIENTED_EDGE('',*,*,#3975,.T.);
#5349=ORIENTED_EDGE('',*,*,#3976,.T.);
#5350=ORIENTED_EDGE('',*,*,#3977,.F.);
#5351=ORIENTED_EDGE('',*,*,#3965,.F.);
#5352=ORIENTED_EDGE('',*,*,#3978,.F.);
#5353=ORIENTED_EDGE('',*,*,#3979,.T.);
#5354=ORIENTED_EDGE('',*,*,#3980,.T.);
#5355=ORIENTED_EDGE('',*,*,#3981,.T.);
#5356=ORIENTED_EDGE('',*,*,#3975,.F.);
#5357=ORIENTED_EDGE('',*,*,#3963,.F.);
#5358=ORIENTED_EDGE('',*,*,#3970,.F.);
#5359=ORIENTED_EDGE('',*,*,#3974,.F.);
#5360=ORIENTED_EDGE('',*,*,#3968,.F.);
#5361=ORIENTED_EDGE('',*,*,#3979,.F.);
#5362=ORIENTED_EDGE('',*,*,#3982,.T.);
#5363=ORIENTED_EDGE('',*,*,#3983,.F.);
#5364=ORIENTED_EDGE('',*,*,#3984,.F.);
#5365=ORIENTED_EDGE('',*,*,#3980,.F.);
#5366=ORIENTED_EDGE('',*,*,#3984,.T.);
#5367=ORIENTED_EDGE('',*,*,#3985,.F.);
#5368=ORIENTED_EDGE('',*,*,#3986,.F.);
#5369=ORIENTED_EDGE('',*,*,#3981,.F.);
#5370=ORIENTED_EDGE('',*,*,#3986,.T.);
#5371=ORIENTED_EDGE('',*,*,#3987,.F.);
#5372=ORIENTED_EDGE('',*,*,#3976,.F.);
#5373=ORIENTED_EDGE('',*,*,#3967,.F.);
#5374=ORIENTED_EDGE('',*,*,#3988,.F.);
#5375=ORIENTED_EDGE('',*,*,#3982,.F.);
#5376=ORIENTED_EDGE('',*,*,#3978,.T.);
#5377=ORIENTED_EDGE('',*,*,#3973,.F.);
#5378=ORIENTED_EDGE('',*,*,#3977,.T.);
#5379=ORIENTED_EDGE('',*,*,#3987,.T.);
#5380=ORIENTED_EDGE('',*,*,#3985,.T.);
#5381=ORIENTED_EDGE('',*,*,#3983,.T.);
#5382=ORIENTED_EDGE('',*,*,#3988,.T.);
#5383=ORIENTED_EDGE('',*,*,#3989,.T.);
#5384=ORIENTED_EDGE('',*,*,#3990,.T.);
#5385=ORIENTED_EDGE('',*,*,#3991,.T.);
#5386=ORIENTED_EDGE('',*,*,#3992,.T.);
#5387=ORIENTED_EDGE('',*,*,#3993,.T.);
#5388=ORIENTED_EDGE('',*,*,#3990,.F.);
#5389=ORIENTED_EDGE('',*,*,#3994,.T.);
#5390=ORIENTED_EDGE('',*,*,#3995,.T.);
#5391=ORIENTED_EDGE('',*,*,#3996,.T.);
#5392=ORIENTED_EDGE('',*,*,#3992,.F.);
#5393=ORIENTED_EDGE('',*,*,#3997,.T.);
#5394=ORIENTED_EDGE('',*,*,#3998,.T.);
#5395=ORIENTED_EDGE('',*,*,#3999,.T.);
#5396=ORIENTED_EDGE('',*,*,#3995,.F.);
#5397=ORIENTED_EDGE('',*,*,#4000,.T.);
#5398=ORIENTED_EDGE('',*,*,#3998,.F.);
#5399=ORIENTED_EDGE('',*,*,#3997,.F.);
#5400=ORIENTED_EDGE('',*,*,#4001,.T.);
#5401=ORIENTED_EDGE('',*,*,#4002,.T.);
#5402=ORIENTED_EDGE('',*,*,#4003,.F.);
#5403=ORIENTED_EDGE('',*,*,#3991,.F.);
#5404=ORIENTED_EDGE('',*,*,#4004,.F.);
#5405=ORIENTED_EDGE('',*,*,#4005,.T.);
#5406=ORIENTED_EDGE('',*,*,#4006,.T.);
#5407=ORIENTED_EDGE('',*,*,#4007,.T.);
#5408=ORIENTED_EDGE('',*,*,#4001,.F.);
#5409=ORIENTED_EDGE('',*,*,#3989,.F.);
#5410=ORIENTED_EDGE('',*,*,#3996,.F.);
#5411=ORIENTED_EDGE('',*,*,#4000,.F.);
#5412=ORIENTED_EDGE('',*,*,#3994,.F.);
#5413=ORIENTED_EDGE('',*,*,#4005,.F.);
#5414=ORIENTED_EDGE('',*,*,#4008,.T.);
#5415=ORIENTED_EDGE('',*,*,#4009,.F.);
#5416=ORIENTED_EDGE('',*,*,#4010,.F.);
#5417=ORIENTED_EDGE('',*,*,#4006,.F.);
#5418=ORIENTED_EDGE('',*,*,#4010,.T.);
#5419=ORIENTED_EDGE('',*,*,#4011,.F.);
#5420=ORIENTED_EDGE('',*,*,#4012,.F.);
#5421=ORIENTED_EDGE('',*,*,#4007,.F.);
#5422=ORIENTED_EDGE('',*,*,#4012,.T.);
#5423=ORIENTED_EDGE('',*,*,#4013,.F.);
#5424=ORIENTED_EDGE('',*,*,#4002,.F.);
#5425=ORIENTED_EDGE('',*,*,#3993,.F.);
#5426=ORIENTED_EDGE('',*,*,#4014,.F.);
#5427=ORIENTED_EDGE('',*,*,#4008,.F.);
#5428=ORIENTED_EDGE('',*,*,#4004,.T.);
#5429=ORIENTED_EDGE('',*,*,#3999,.F.);
#5430=ORIENTED_EDGE('',*,*,#4003,.T.);
#5431=ORIENTED_EDGE('',*,*,#4013,.T.);
#5432=ORIENTED_EDGE('',*,*,#4011,.T.);
#5433=ORIENTED_EDGE('',*,*,#4009,.T.);
#5434=ORIENTED_EDGE('',*,*,#4014,.T.);
#5435=ORIENTED_EDGE('',*,*,#4015,.T.);
#5436=ORIENTED_EDGE('',*,*,#4016,.T.);
#5437=ORIENTED_EDGE('',*,*,#4017,.T.);
#5438=ORIENTED_EDGE('',*,*,#4018,.T.);
#5439=ORIENTED_EDGE('',*,*,#4019,.T.);
#5440=ORIENTED_EDGE('',*,*,#4016,.F.);
#5441=ORIENTED_EDGE('',*,*,#4020,.T.);
#5442=ORIENTED_EDGE('',*,*,#4021,.T.);
#5443=ORIENTED_EDGE('',*,*,#4022,.T.);
#5444=ORIENTED_EDGE('',*,*,#4018,.F.);
#5445=ORIENTED_EDGE('',*,*,#4023,.T.);
#5446=ORIENTED_EDGE('',*,*,#4024,.T.);
#5447=ORIENTED_EDGE('',*,*,#4025,.T.);
#5448=ORIENTED_EDGE('',*,*,#4021,.F.);
#5449=ORIENTED_EDGE('',*,*,#4026,.T.);
#5450=ORIENTED_EDGE('',*,*,#4024,.F.);
#5451=ORIENTED_EDGE('',*,*,#4023,.F.);
#5452=ORIENTED_EDGE('',*,*,#4027,.T.);
#5453=ORIENTED_EDGE('',*,*,#4028,.T.);
#5454=ORIENTED_EDGE('',*,*,#4029,.F.);
#5455=ORIENTED_EDGE('',*,*,#4017,.F.);
#5456=ORIENTED_EDGE('',*,*,#4030,.F.);
#5457=ORIENTED_EDGE('',*,*,#4031,.T.);
#5458=ORIENTED_EDGE('',*,*,#4032,.T.);
#5459=ORIENTED_EDGE('',*,*,#4033,.T.);
#5460=ORIENTED_EDGE('',*,*,#4027,.F.);
#5461=ORIENTED_EDGE('',*,*,#4015,.F.);
#5462=ORIENTED_EDGE('',*,*,#4022,.F.);
#5463=ORIENTED_EDGE('',*,*,#4026,.F.);
#5464=ORIENTED_EDGE('',*,*,#4020,.F.);
#5465=ORIENTED_EDGE('',*,*,#4031,.F.);
#5466=ORIENTED_EDGE('',*,*,#4034,.T.);
#5467=ORIENTED_EDGE('',*,*,#4035,.F.);
#5468=ORIENTED_EDGE('',*,*,#4036,.F.);
#5469=ORIENTED_EDGE('',*,*,#4032,.F.);
#5470=ORIENTED_EDGE('',*,*,#4036,.T.);
#5471=ORIENTED_EDGE('',*,*,#4037,.F.);
#5472=ORIENTED_EDGE('',*,*,#4038,.F.);
#5473=ORIENTED_EDGE('',*,*,#4033,.F.);
#5474=ORIENTED_EDGE('',*,*,#4038,.T.);
#5475=ORIENTED_EDGE('',*,*,#4039,.F.);
#5476=ORIENTED_EDGE('',*,*,#4028,.F.);
#5477=ORIENTED_EDGE('',*,*,#4019,.F.);
#5478=ORIENTED_EDGE('',*,*,#4040,.F.);
#5479=ORIENTED_EDGE('',*,*,#4034,.F.);
#5480=ORIENTED_EDGE('',*,*,#4030,.T.);
#5481=ORIENTED_EDGE('',*,*,#4025,.F.);
#5482=ORIENTED_EDGE('',*,*,#4029,.T.);
#5483=ORIENTED_EDGE('',*,*,#4039,.T.);
#5484=ORIENTED_EDGE('',*,*,#4037,.T.);
#5485=ORIENTED_EDGE('',*,*,#4035,.T.);
#5486=ORIENTED_EDGE('',*,*,#4040,.T.);
#5487=ORIENTED_EDGE('',*,*,#4041,.T.);
#5488=ORIENTED_EDGE('',*,*,#4042,.T.);
#5489=ORIENTED_EDGE('',*,*,#4043,.T.);
#5490=ORIENTED_EDGE('',*,*,#4044,.T.);
#5491=ORIENTED_EDGE('',*,*,#4045,.T.);
#5492=ORIENTED_EDGE('',*,*,#4042,.F.);
#5493=ORIENTED_EDGE('',*,*,#4046,.T.);
#5494=ORIENTED_EDGE('',*,*,#4047,.T.);
#5495=ORIENTED_EDGE('',*,*,#4048,.T.);
#5496=ORIENTED_EDGE('',*,*,#4044,.F.);
#5497=ORIENTED_EDGE('',*,*,#4049,.T.);
#5498=ORIENTED_EDGE('',*,*,#4050,.T.);
#5499=ORIENTED_EDGE('',*,*,#4051,.T.);
#5500=ORIENTED_EDGE('',*,*,#4047,.F.);
#5501=ORIENTED_EDGE('',*,*,#4052,.T.);
#5502=ORIENTED_EDGE('',*,*,#4050,.F.);
#5503=ORIENTED_EDGE('',*,*,#4049,.F.);
#5504=ORIENTED_EDGE('',*,*,#4053,.T.);
#5505=ORIENTED_EDGE('',*,*,#4054,.T.);
#5506=ORIENTED_EDGE('',*,*,#4055,.F.);
#5507=ORIENTED_EDGE('',*,*,#4043,.F.);
#5508=ORIENTED_EDGE('',*,*,#4056,.F.);
#5509=ORIENTED_EDGE('',*,*,#4057,.T.);
#5510=ORIENTED_EDGE('',*,*,#4058,.T.);
#5511=ORIENTED_EDGE('',*,*,#4059,.T.);
#5512=ORIENTED_EDGE('',*,*,#4053,.F.);
#5513=ORIENTED_EDGE('',*,*,#4041,.F.);
#5514=ORIENTED_EDGE('',*,*,#4048,.F.);
#5515=ORIENTED_EDGE('',*,*,#4052,.F.);
#5516=ORIENTED_EDGE('',*,*,#4046,.F.);
#5517=ORIENTED_EDGE('',*,*,#4057,.F.);
#5518=ORIENTED_EDGE('',*,*,#4060,.T.);
#5519=ORIENTED_EDGE('',*,*,#4061,.F.);
#5520=ORIENTED_EDGE('',*,*,#4062,.F.);
#5521=ORIENTED_EDGE('',*,*,#4058,.F.);
#5522=ORIENTED_EDGE('',*,*,#4062,.T.);
#5523=ORIENTED_EDGE('',*,*,#4063,.F.);
#5524=ORIENTED_EDGE('',*,*,#4064,.F.);
#5525=ORIENTED_EDGE('',*,*,#4059,.F.);
#5526=ORIENTED_EDGE('',*,*,#4064,.T.);
#5527=ORIENTED_EDGE('',*,*,#4065,.F.);
#5528=ORIENTED_EDGE('',*,*,#4054,.F.);
#5529=ORIENTED_EDGE('',*,*,#4045,.F.);
#5530=ORIENTED_EDGE('',*,*,#4066,.F.);
#5531=ORIENTED_EDGE('',*,*,#4060,.F.);
#5532=ORIENTED_EDGE('',*,*,#4056,.T.);
#5533=ORIENTED_EDGE('',*,*,#4051,.F.);
#5534=ORIENTED_EDGE('',*,*,#4055,.T.);
#5535=ORIENTED_EDGE('',*,*,#4065,.T.);
#5536=ORIENTED_EDGE('',*,*,#4063,.T.);
#5537=ORIENTED_EDGE('',*,*,#4061,.T.);
#5538=ORIENTED_EDGE('',*,*,#4066,.T.);
#5539=ORIENTED_EDGE('',*,*,#4067,.T.);
#5540=ORIENTED_EDGE('',*,*,#4068,.T.);
#5541=ORIENTED_EDGE('',*,*,#4069,.T.);
#5542=ORIENTED_EDGE('',*,*,#4070,.T.);
#5543=ORIENTED_EDGE('',*,*,#4071,.T.);
#5544=ORIENTED_EDGE('',*,*,#4068,.F.);
#5545=ORIENTED_EDGE('',*,*,#4072,.T.);
#5546=ORIENTED_EDGE('',*,*,#4073,.T.);
#5547=ORIENTED_EDGE('',*,*,#4074,.T.);
#5548=ORIENTED_EDGE('',*,*,#4070,.F.);
#5549=ORIENTED_EDGE('',*,*,#4075,.T.);
#5550=ORIENTED_EDGE('',*,*,#4076,.T.);
#5551=ORIENTED_EDGE('',*,*,#4077,.T.);
#5552=ORIENTED_EDGE('',*,*,#4073,.F.);
#5553=ORIENTED_EDGE('',*,*,#4078,.T.);
#5554=ORIENTED_EDGE('',*,*,#4076,.F.);
#5555=ORIENTED_EDGE('',*,*,#4075,.F.);
#5556=ORIENTED_EDGE('',*,*,#4079,.T.);
#5557=ORIENTED_EDGE('',*,*,#4080,.T.);
#5558=ORIENTED_EDGE('',*,*,#4081,.F.);
#5559=ORIENTED_EDGE('',*,*,#4069,.F.);
#5560=ORIENTED_EDGE('',*,*,#4082,.F.);
#5561=ORIENTED_EDGE('',*,*,#4083,.T.);
#5562=ORIENTED_EDGE('',*,*,#4084,.T.);
#5563=ORIENTED_EDGE('',*,*,#4085,.T.);
#5564=ORIENTED_EDGE('',*,*,#4079,.F.);
#5565=ORIENTED_EDGE('',*,*,#4067,.F.);
#5566=ORIENTED_EDGE('',*,*,#4074,.F.);
#5567=ORIENTED_EDGE('',*,*,#4078,.F.);
#5568=ORIENTED_EDGE('',*,*,#4072,.F.);
#5569=ORIENTED_EDGE('',*,*,#4083,.F.);
#5570=ORIENTED_EDGE('',*,*,#4086,.T.);
#5571=ORIENTED_EDGE('',*,*,#4087,.F.);
#5572=ORIENTED_EDGE('',*,*,#4088,.F.);
#5573=ORIENTED_EDGE('',*,*,#4084,.F.);
#5574=ORIENTED_EDGE('',*,*,#4088,.T.);
#5575=ORIENTED_EDGE('',*,*,#4089,.F.);
#5576=ORIENTED_EDGE('',*,*,#4090,.F.);
#5577=ORIENTED_EDGE('',*,*,#4085,.F.);
#5578=ORIENTED_EDGE('',*,*,#4090,.T.);
#5579=ORIENTED_EDGE('',*,*,#4091,.F.);
#5580=ORIENTED_EDGE('',*,*,#4080,.F.);
#5581=ORIENTED_EDGE('',*,*,#4071,.F.);
#5582=ORIENTED_EDGE('',*,*,#4092,.F.);
#5583=ORIENTED_EDGE('',*,*,#4086,.F.);
#5584=ORIENTED_EDGE('',*,*,#4082,.T.);
#5585=ORIENTED_EDGE('',*,*,#4077,.F.);
#5586=ORIENTED_EDGE('',*,*,#4081,.T.);
#5587=ORIENTED_EDGE('',*,*,#4091,.T.);
#5588=ORIENTED_EDGE('',*,*,#4089,.T.);
#5589=ORIENTED_EDGE('',*,*,#4087,.T.);
#5590=ORIENTED_EDGE('',*,*,#4092,.T.);
#5591=ORIENTED_EDGE('',*,*,#4093,.T.);
#5592=ORIENTED_EDGE('',*,*,#4094,.T.);
#5593=ORIENTED_EDGE('',*,*,#4095,.T.);
#5594=ORIENTED_EDGE('',*,*,#4096,.T.);
#5595=ORIENTED_EDGE('',*,*,#4097,.T.);
#5596=ORIENTED_EDGE('',*,*,#4094,.F.);
#5597=ORIENTED_EDGE('',*,*,#4098,.T.);
#5598=ORIENTED_EDGE('',*,*,#4099,.T.);
#5599=ORIENTED_EDGE('',*,*,#4100,.T.);
#5600=ORIENTED_EDGE('',*,*,#4096,.F.);
#5601=ORIENTED_EDGE('',*,*,#4101,.T.);
#5602=ORIENTED_EDGE('',*,*,#4102,.T.);
#5603=ORIENTED_EDGE('',*,*,#4103,.T.);
#5604=ORIENTED_EDGE('',*,*,#4099,.F.);
#5605=ORIENTED_EDGE('',*,*,#4104,.T.);
#5606=ORIENTED_EDGE('',*,*,#4102,.F.);
#5607=ORIENTED_EDGE('',*,*,#4101,.F.);
#5608=ORIENTED_EDGE('',*,*,#4105,.T.);
#5609=ORIENTED_EDGE('',*,*,#4106,.T.);
#5610=ORIENTED_EDGE('',*,*,#4107,.F.);
#5611=ORIENTED_EDGE('',*,*,#4095,.F.);
#5612=ORIENTED_EDGE('',*,*,#4108,.F.);
#5613=ORIENTED_EDGE('',*,*,#4109,.T.);
#5614=ORIENTED_EDGE('',*,*,#4110,.T.);
#5615=ORIENTED_EDGE('',*,*,#4111,.T.);
#5616=ORIENTED_EDGE('',*,*,#4105,.F.);
#5617=ORIENTED_EDGE('',*,*,#4093,.F.);
#5618=ORIENTED_EDGE('',*,*,#4100,.F.);
#5619=ORIENTED_EDGE('',*,*,#4104,.F.);
#5620=ORIENTED_EDGE('',*,*,#4098,.F.);
#5621=ORIENTED_EDGE('',*,*,#4109,.F.);
#5622=ORIENTED_EDGE('',*,*,#4112,.T.);
#5623=ORIENTED_EDGE('',*,*,#4113,.F.);
#5624=ORIENTED_EDGE('',*,*,#4114,.F.);
#5625=ORIENTED_EDGE('',*,*,#4110,.F.);
#5626=ORIENTED_EDGE('',*,*,#4114,.T.);
#5627=ORIENTED_EDGE('',*,*,#4115,.F.);
#5628=ORIENTED_EDGE('',*,*,#4116,.F.);
#5629=ORIENTED_EDGE('',*,*,#4111,.F.);
#5630=ORIENTED_EDGE('',*,*,#4116,.T.);
#5631=ORIENTED_EDGE('',*,*,#4117,.F.);
#5632=ORIENTED_EDGE('',*,*,#4106,.F.);
#5633=ORIENTED_EDGE('',*,*,#4097,.F.);
#5634=ORIENTED_EDGE('',*,*,#4118,.F.);
#5635=ORIENTED_EDGE('',*,*,#4112,.F.);
#5636=ORIENTED_EDGE('',*,*,#4108,.T.);
#5637=ORIENTED_EDGE('',*,*,#4103,.F.);
#5638=ORIENTED_EDGE('',*,*,#4107,.T.);
#5639=ORIENTED_EDGE('',*,*,#4117,.T.);
#5640=ORIENTED_EDGE('',*,*,#4115,.T.);
#5641=ORIENTED_EDGE('',*,*,#4113,.T.);
#5642=ORIENTED_EDGE('',*,*,#4118,.T.);
#5643=ORIENTED_EDGE('',*,*,#4119,.T.);
#5644=ORIENTED_EDGE('',*,*,#4120,.T.);
#5645=ORIENTED_EDGE('',*,*,#4121,.T.);
#5646=ORIENTED_EDGE('',*,*,#4122,.T.);
#5647=ORIENTED_EDGE('',*,*,#4123,.T.);
#5648=ORIENTED_EDGE('',*,*,#4120,.F.);
#5649=ORIENTED_EDGE('',*,*,#4124,.T.);
#5650=ORIENTED_EDGE('',*,*,#4125,.T.);
#5651=ORIENTED_EDGE('',*,*,#4126,.T.);
#5652=ORIENTED_EDGE('',*,*,#4122,.F.);
#5653=ORIENTED_EDGE('',*,*,#4127,.T.);
#5654=ORIENTED_EDGE('',*,*,#4128,.T.);
#5655=ORIENTED_EDGE('',*,*,#4129,.T.);
#5656=ORIENTED_EDGE('',*,*,#4125,.F.);
#5657=ORIENTED_EDGE('',*,*,#4130,.T.);
#5658=ORIENTED_EDGE('',*,*,#4128,.F.);
#5659=ORIENTED_EDGE('',*,*,#4127,.F.);
#5660=ORIENTED_EDGE('',*,*,#4131,.T.);
#5661=ORIENTED_EDGE('',*,*,#4132,.T.);
#5662=ORIENTED_EDGE('',*,*,#4133,.F.);
#5663=ORIENTED_EDGE('',*,*,#4121,.F.);
#5664=ORIENTED_EDGE('',*,*,#4134,.F.);
#5665=ORIENTED_EDGE('',*,*,#4135,.T.);
#5666=ORIENTED_EDGE('',*,*,#4136,.T.);
#5667=ORIENTED_EDGE('',*,*,#4137,.T.);
#5668=ORIENTED_EDGE('',*,*,#4131,.F.);
#5669=ORIENTED_EDGE('',*,*,#4119,.F.);
#5670=ORIENTED_EDGE('',*,*,#4126,.F.);
#5671=ORIENTED_EDGE('',*,*,#4130,.F.);
#5672=ORIENTED_EDGE('',*,*,#4124,.F.);
#5673=ORIENTED_EDGE('',*,*,#4135,.F.);
#5674=ORIENTED_EDGE('',*,*,#4138,.T.);
#5675=ORIENTED_EDGE('',*,*,#4139,.F.);
#5676=ORIENTED_EDGE('',*,*,#4140,.F.);
#5677=ORIENTED_EDGE('',*,*,#4136,.F.);
#5678=ORIENTED_EDGE('',*,*,#4140,.T.);
#5679=ORIENTED_EDGE('',*,*,#4141,.F.);
#5680=ORIENTED_EDGE('',*,*,#4142,.F.);
#5681=ORIENTED_EDGE('',*,*,#4137,.F.);
#5682=ORIENTED_EDGE('',*,*,#4142,.T.);
#5683=ORIENTED_EDGE('',*,*,#4143,.F.);
#5684=ORIENTED_EDGE('',*,*,#4132,.F.);
#5685=ORIENTED_EDGE('',*,*,#4123,.F.);
#5686=ORIENTED_EDGE('',*,*,#4144,.F.);
#5687=ORIENTED_EDGE('',*,*,#4138,.F.);
#5688=ORIENTED_EDGE('',*,*,#4134,.T.);
#5689=ORIENTED_EDGE('',*,*,#4129,.F.);
#5690=ORIENTED_EDGE('',*,*,#4133,.T.);
#5691=ORIENTED_EDGE('',*,*,#4143,.T.);
#5692=ORIENTED_EDGE('',*,*,#4141,.T.);
#5693=ORIENTED_EDGE('',*,*,#4139,.T.);
#5694=ORIENTED_EDGE('',*,*,#4144,.T.);
#5695=ORIENTED_EDGE('',*,*,#4145,.F.);
#5696=ORIENTED_EDGE('',*,*,#4146,.T.);
#5697=ORIENTED_EDGE('',*,*,#4147,.F.);
#5698=ORIENTED_EDGE('',*,*,#4148,.F.);
#5699=ORIENTED_EDGE('',*,*,#4149,.F.);
#5700=ORIENTED_EDGE('',*,*,#4148,.T.);
#5701=ORIENTED_EDGE('',*,*,#4150,.F.);
#5702=ORIENTED_EDGE('',*,*,#4151,.F.);
#5703=ORIENTED_EDGE('',*,*,#4152,.T.);
#5704=ORIENTED_EDGE('',*,*,#4153,.T.);
#5705=ORIENTED_EDGE('',*,*,#4154,.F.);
#5706=ORIENTED_EDGE('',*,*,#4146,.F.);
#5707=ORIENTED_EDGE('',*,*,#4155,.F.);
#5708=ORIENTED_EDGE('',*,*,#4151,.T.);
#5709=ORIENTED_EDGE('',*,*,#4156,.F.);
#5710=ORIENTED_EDGE('',*,*,#4153,.F.);
#5711=ORIENTED_EDGE('',*,*,#4157,.F.);
#5712=ORIENTED_EDGE('',*,*,#4158,.T.);
#5713=ORIENTED_EDGE('',*,*,#4159,.F.);
#5714=ORIENTED_EDGE('',*,*,#4160,.F.);
#5715=ORIENTED_EDGE('',*,*,#4161,.F.);
#5716=ORIENTED_EDGE('',*,*,#4160,.T.);
#5717=ORIENTED_EDGE('',*,*,#4162,.F.);
#5718=ORIENTED_EDGE('',*,*,#4163,.F.);
#5719=ORIENTED_EDGE('',*,*,#4164,.T.);
#5720=ORIENTED_EDGE('',*,*,#4165,.T.);
#5721=ORIENTED_EDGE('',*,*,#4166,.F.);
#5722=ORIENTED_EDGE('',*,*,#4158,.F.);
#5723=ORIENTED_EDGE('',*,*,#4167,.F.);
#5724=ORIENTED_EDGE('',*,*,#4163,.T.);
#5725=ORIENTED_EDGE('',*,*,#4168,.F.);
#5726=ORIENTED_EDGE('',*,*,#4165,.F.);
#5727=ORIENTED_EDGE('',*,*,#4169,.F.);
#5728=ORIENTED_EDGE('',*,*,#4170,.T.);
#5729=ORIENTED_EDGE('',*,*,#4171,.F.);
#5730=ORIENTED_EDGE('',*,*,#4172,.F.);
#5731=ORIENTED_EDGE('',*,*,#4173,.F.);
#5732=ORIENTED_EDGE('',*,*,#4172,.T.);
#5733=ORIENTED_EDGE('',*,*,#4174,.F.);
#5734=ORIENTED_EDGE('',*,*,#4175,.F.);
#5735=ORIENTED_EDGE('',*,*,#4176,.T.);
#5736=ORIENTED_EDGE('',*,*,#4177,.T.);
#5737=ORIENTED_EDGE('',*,*,#4178,.F.);
#5738=ORIENTED_EDGE('',*,*,#4170,.F.);
#5739=ORIENTED_EDGE('',*,*,#4179,.F.);
#5740=ORIENTED_EDGE('',*,*,#4175,.T.);
#5741=ORIENTED_EDGE('',*,*,#4180,.F.);
#5742=ORIENTED_EDGE('',*,*,#4177,.F.);
#5743=ORIENTED_EDGE('',*,*,#4181,.F.);
#5744=ORIENTED_EDGE('',*,*,#4182,.T.);
#5745=ORIENTED_EDGE('',*,*,#4183,.F.);
#5746=ORIENTED_EDGE('',*,*,#4184,.F.);
#5747=ORIENTED_EDGE('',*,*,#4185,.F.);
#5748=ORIENTED_EDGE('',*,*,#4184,.T.);
#5749=ORIENTED_EDGE('',*,*,#4186,.F.);
#5750=ORIENTED_EDGE('',*,*,#4187,.F.);
#5751=ORIENTED_EDGE('',*,*,#4188,.T.);
#5752=ORIENTED_EDGE('',*,*,#4189,.T.);
#5753=ORIENTED_EDGE('',*,*,#4190,.F.);
#5754=ORIENTED_EDGE('',*,*,#4182,.F.);
#5755=ORIENTED_EDGE('',*,*,#4191,.F.);
#5756=ORIENTED_EDGE('',*,*,#4187,.T.);
#5757=ORIENTED_EDGE('',*,*,#4192,.F.);
#5758=ORIENTED_EDGE('',*,*,#4189,.F.);
#5759=ORIENTED_EDGE('',*,*,#4193,.F.);
#5760=ORIENTED_EDGE('',*,*,#4194,.T.);
#5761=ORIENTED_EDGE('',*,*,#4195,.F.);
#5762=ORIENTED_EDGE('',*,*,#4196,.F.);
#5763=ORIENTED_EDGE('',*,*,#4197,.F.);
#5764=ORIENTED_EDGE('',*,*,#4196,.T.);
#5765=ORIENTED_EDGE('',*,*,#4198,.F.);
#5766=ORIENTED_EDGE('',*,*,#4199,.F.);
#5767=ORIENTED_EDGE('',*,*,#4200,.T.);
#5768=ORIENTED_EDGE('',*,*,#4201,.T.);
#5769=ORIENTED_EDGE('',*,*,#4202,.F.);
#5770=ORIENTED_EDGE('',*,*,#4194,.F.);
#5771=ORIENTED_EDGE('',*,*,#4203,.F.);
#5772=ORIENTED_EDGE('',*,*,#4199,.T.);
#5773=ORIENTED_EDGE('',*,*,#4204,.F.);
#5774=ORIENTED_EDGE('',*,*,#4201,.F.);
#5775=ORIENTED_EDGE('',*,*,#4205,.F.);
#5776=ORIENTED_EDGE('',*,*,#4206,.T.);
#5777=ORIENTED_EDGE('',*,*,#4207,.F.);
#5778=ORIENTED_EDGE('',*,*,#4208,.F.);
#5779=ORIENTED_EDGE('',*,*,#4209,.F.);
#5780=ORIENTED_EDGE('',*,*,#4208,.T.);
#5781=ORIENTED_EDGE('',*,*,#4210,.F.);
#5782=ORIENTED_EDGE('',*,*,#4211,.F.);
#5783=ORIENTED_EDGE('',*,*,#4212,.T.);
#5784=ORIENTED_EDGE('',*,*,#4213,.T.);
#5785=ORIENTED_EDGE('',*,*,#4214,.F.);
#5786=ORIENTED_EDGE('',*,*,#4206,.F.);
#5787=ORIENTED_EDGE('',*,*,#4215,.F.);
#5788=ORIENTED_EDGE('',*,*,#4211,.T.);
#5789=ORIENTED_EDGE('',*,*,#4216,.F.);
#5790=ORIENTED_EDGE('',*,*,#4213,.F.);
#5791=ORIENTED_EDGE('',*,*,#4217,.F.);
#5792=ORIENTED_EDGE('',*,*,#4218,.T.);
#5793=ORIENTED_EDGE('',*,*,#4219,.F.);
#5794=ORIENTED_EDGE('',*,*,#4220,.F.);
#5795=ORIENTED_EDGE('',*,*,#4221,.F.);
#5796=ORIENTED_EDGE('',*,*,#4220,.T.);
#5797=ORIENTED_EDGE('',*,*,#4222,.F.);
#5798=ORIENTED_EDGE('',*,*,#4223,.F.);
#5799=ORIENTED_EDGE('',*,*,#4224,.T.);
#5800=ORIENTED_EDGE('',*,*,#4225,.T.);
#5801=ORIENTED_EDGE('',*,*,#4226,.F.);
#5802=ORIENTED_EDGE('',*,*,#4218,.F.);
#5803=ORIENTED_EDGE('',*,*,#4227,.F.);
#5804=ORIENTED_EDGE('',*,*,#4223,.T.);
#5805=ORIENTED_EDGE('',*,*,#4228,.F.);
#5806=ORIENTED_EDGE('',*,*,#4225,.F.);
#5807=ORIENTED_EDGE('',*,*,#4229,.F.);
#5808=ORIENTED_EDGE('',*,*,#4230,.T.);
#5809=ORIENTED_EDGE('',*,*,#4231,.F.);
#5810=ORIENTED_EDGE('',*,*,#4232,.F.);
#5811=ORIENTED_EDGE('',*,*,#4233,.F.);
#5812=ORIENTED_EDGE('',*,*,#4232,.T.);
#5813=ORIENTED_EDGE('',*,*,#4234,.F.);
#5814=ORIENTED_EDGE('',*,*,#4235,.F.);
#5815=ORIENTED_EDGE('',*,*,#4236,.T.);
#5816=ORIENTED_EDGE('',*,*,#4237,.T.);
#5817=ORIENTED_EDGE('',*,*,#4238,.F.);
#5818=ORIENTED_EDGE('',*,*,#4230,.F.);
#5819=ORIENTED_EDGE('',*,*,#4239,.F.);
#5820=ORIENTED_EDGE('',*,*,#4235,.T.);
#5821=ORIENTED_EDGE('',*,*,#4240,.F.);
#5822=ORIENTED_EDGE('',*,*,#4237,.F.);
#5823=ORIENTED_EDGE('',*,*,#4241,.F.);
#5824=ORIENTED_EDGE('',*,*,#4242,.T.);
#5825=ORIENTED_EDGE('',*,*,#4243,.F.);
#5826=ORIENTED_EDGE('',*,*,#4244,.F.);
#5827=ORIENTED_EDGE('',*,*,#4245,.F.);
#5828=ORIENTED_EDGE('',*,*,#4244,.T.);
#5829=ORIENTED_EDGE('',*,*,#4246,.F.);
#5830=ORIENTED_EDGE('',*,*,#4247,.F.);
#5831=ORIENTED_EDGE('',*,*,#4248,.T.);
#5832=ORIENTED_EDGE('',*,*,#4249,.T.);
#5833=ORIENTED_EDGE('',*,*,#4250,.F.);
#5834=ORIENTED_EDGE('',*,*,#4242,.F.);
#5835=ORIENTED_EDGE('',*,*,#4251,.F.);
#5836=ORIENTED_EDGE('',*,*,#4247,.T.);
#5837=ORIENTED_EDGE('',*,*,#4252,.F.);
#5838=ORIENTED_EDGE('',*,*,#4249,.F.);
#5839=ORIENTED_EDGE('',*,*,#4155,.T.);
#5840=ORIENTED_EDGE('',*,*,#4253,.T.);
#5841=ORIENTED_EDGE('',*,*,#4254,.F.);
#5842=ORIENTED_EDGE('',*,*,#4255,.F.);
#5843=ORIENTED_EDGE('',*,*,#4145,.T.);
#5844=ORIENTED_EDGE('',*,*,#4256,.F.);
#5845=ORIENTED_EDGE('',*,*,#4257,.F.);
#5846=ORIENTED_EDGE('',*,*,#4258,.T.);
#5847=ORIENTED_EDGE('',*,*,#4167,.T.);
#5848=ORIENTED_EDGE('',*,*,#4259,.T.);
#5849=ORIENTED_EDGE('',*,*,#4260,.F.);
#5850=ORIENTED_EDGE('',*,*,#4261,.F.);
#5851=ORIENTED_EDGE('',*,*,#4157,.T.);
#5852=ORIENTED_EDGE('',*,*,#4262,.F.);
#5853=ORIENTED_EDGE('',*,*,#4263,.F.);
#5854=ORIENTED_EDGE('',*,*,#4264,.T.);
#5855=ORIENTED_EDGE('',*,*,#4179,.T.);
#5856=ORIENTED_EDGE('',*,*,#4265,.T.);
#5857=ORIENTED_EDGE('',*,*,#4266,.F.);
#5858=ORIENTED_EDGE('',*,*,#4267,.F.);
#5859=ORIENTED_EDGE('',*,*,#4169,.T.);
#5860=ORIENTED_EDGE('',*,*,#4268,.F.);
#5861=ORIENTED_EDGE('',*,*,#4269,.F.);
#5862=ORIENTED_EDGE('',*,*,#4270,.T.);
#5863=ORIENTED_EDGE('',*,*,#4191,.T.);
#5864=ORIENTED_EDGE('',*,*,#4271,.T.);
#5865=ORIENTED_EDGE('',*,*,#4272,.F.);
#5866=ORIENTED_EDGE('',*,*,#4273,.F.);
#5867=ORIENTED_EDGE('',*,*,#4181,.T.);
#5868=ORIENTED_EDGE('',*,*,#4274,.F.);
#5869=ORIENTED_EDGE('',*,*,#4275,.F.);
#5870=ORIENTED_EDGE('',*,*,#4276,.T.);
#5871=ORIENTED_EDGE('',*,*,#4203,.T.);
#5872=ORIENTED_EDGE('',*,*,#4277,.T.);
#5873=ORIENTED_EDGE('',*,*,#4278,.F.);
#5874=ORIENTED_EDGE('',*,*,#4279,.F.);
#5875=ORIENTED_EDGE('',*,*,#4193,.T.);
#5876=ORIENTED_EDGE('',*,*,#4280,.F.);
#5877=ORIENTED_EDGE('',*,*,#4281,.F.);
#5878=ORIENTED_EDGE('',*,*,#4282,.T.);
#5879=ORIENTED_EDGE('',*,*,#4215,.T.);
#5880=ORIENTED_EDGE('',*,*,#4283,.T.);
#5881=ORIENTED_EDGE('',*,*,#4284,.F.);
#5882=ORIENTED_EDGE('',*,*,#4285,.F.);
#5883=ORIENTED_EDGE('',*,*,#4205,.T.);
#5884=ORIENTED_EDGE('',*,*,#4286,.F.);
#5885=ORIENTED_EDGE('',*,*,#4287,.F.);
#5886=ORIENTED_EDGE('',*,*,#4288,.T.);
#5887=ORIENTED_EDGE('',*,*,#4227,.T.);
#5888=ORIENTED_EDGE('',*,*,#4289,.T.);
#5889=ORIENTED_EDGE('',*,*,#4290,.F.);
#5890=ORIENTED_EDGE('',*,*,#4291,.F.);
#5891=ORIENTED_EDGE('',*,*,#4217,.T.);
#5892=ORIENTED_EDGE('',*,*,#4292,.F.);
#5893=ORIENTED_EDGE('',*,*,#4293,.F.);
#5894=ORIENTED_EDGE('',*,*,#4294,.T.);
#5895=ORIENTED_EDGE('',*,*,#4239,.T.);
#5896=ORIENTED_EDGE('',*,*,#4295,.T.);
#5897=ORIENTED_EDGE('',*,*,#4296,.F.);
#5898=ORIENTED_EDGE('',*,*,#4297,.F.);
#5899=ORIENTED_EDGE('',*,*,#4229,.T.);
#5900=ORIENTED_EDGE('',*,*,#4298,.F.);
#5901=ORIENTED_EDGE('',*,*,#4299,.F.);
#5902=ORIENTED_EDGE('',*,*,#4300,.T.);
#5903=ORIENTED_EDGE('',*,*,#4251,.T.);
#5904=ORIENTED_EDGE('',*,*,#4301,.T.);
#5905=ORIENTED_EDGE('',*,*,#4302,.F.);
#5906=ORIENTED_EDGE('',*,*,#4303,.F.);
#5907=ORIENTED_EDGE('',*,*,#4241,.T.);
#5908=ORIENTED_EDGE('',*,*,#4304,.F.);
#5909=ORIENTED_EDGE('',*,*,#4305,.F.);
#5910=ORIENTED_EDGE('',*,*,#4306,.T.);
#5911=ORIENTED_EDGE('',*,*,#4307,.F.);
#5912=ORIENTED_EDGE('',*,*,#4308,.F.);
#5913=ORIENTED_EDGE('',*,*,#4309,.F.);
#5914=ORIENTED_EDGE('',*,*,#4310,.T.);
#5915=ORIENTED_EDGE('',*,*,#4311,.F.);
#5916=ORIENTED_EDGE('',*,*,#4310,.F.);
#5917=ORIENTED_EDGE('',*,*,#4312,.F.);
#5918=ORIENTED_EDGE('',*,*,#4313,.T.);
#5919=ORIENTED_EDGE('',*,*,#4314,.F.);
#5920=ORIENTED_EDGE('',*,*,#4313,.F.);
#5921=ORIENTED_EDGE('',*,*,#4315,.F.);
#5922=ORIENTED_EDGE('',*,*,#4316,.T.);
#5923=ORIENTED_EDGE('',*,*,#4317,.F.);
#5924=ORIENTED_EDGE('',*,*,#4316,.F.);
#5925=ORIENTED_EDGE('',*,*,#4318,.F.);
#5926=ORIENTED_EDGE('',*,*,#4319,.T.);
#5927=ORIENTED_EDGE('',*,*,#4320,.F.);
#5928=ORIENTED_EDGE('',*,*,#4319,.F.);
#5929=ORIENTED_EDGE('',*,*,#4321,.F.);
#5930=ORIENTED_EDGE('',*,*,#4304,.T.);
#5931=ORIENTED_EDGE('',*,*,#4245,.T.);
#5932=ORIENTED_EDGE('',*,*,#4303,.T.);
#5933=ORIENTED_EDGE('',*,*,#4322,.F.);
#5934=ORIENTED_EDGE('',*,*,#4301,.F.);
#5935=ORIENTED_EDGE('',*,*,#4248,.F.);
#5936=ORIENTED_EDGE('',*,*,#4306,.F.);
#5937=ORIENTED_EDGE('',*,*,#4323,.F.);
#5938=ORIENTED_EDGE('',*,*,#4324,.T.);
#5939=ORIENTED_EDGE('',*,*,#4325,.F.);
#5940=ORIENTED_EDGE('',*,*,#4324,.F.);
#5941=ORIENTED_EDGE('',*,*,#4326,.F.);
#5942=ORIENTED_EDGE('',*,*,#4327,.T.);
#5943=ORIENTED_EDGE('',*,*,#4328,.F.);
#5944=ORIENTED_EDGE('',*,*,#4327,.F.);
#5945=ORIENTED_EDGE('',*,*,#4329,.F.);
#5946=ORIENTED_EDGE('',*,*,#4280,.T.);
#5947=ORIENTED_EDGE('',*,*,#4197,.T.);
#5948=ORIENTED_EDGE('',*,*,#4279,.T.);
#5949=ORIENTED_EDGE('',*,*,#4330,.F.);
#5950=ORIENTED_EDGE('',*,*,#4277,.F.);
#5951=ORIENTED_EDGE('',*,*,#4200,.F.);
#5952=ORIENTED_EDGE('',*,*,#4282,.F.);
#5953=ORIENTED_EDGE('',*,*,#4331,.F.);
#5954=ORIENTED_EDGE('',*,*,#4332,.T.);
#5955=ORIENTED_EDGE('',*,*,#4333,.F.);
#5956=ORIENTED_EDGE('',*,*,#4332,.F.);
#5957=ORIENTED_EDGE('',*,*,#4334,.F.);
#5958=ORIENTED_EDGE('',*,*,#4335,.T.);
#5959=ORIENTED_EDGE('',*,*,#4336,.F.);
#5960=ORIENTED_EDGE('',*,*,#4335,.F.);
#5961=ORIENTED_EDGE('',*,*,#4337,.F.);
#5962=ORIENTED_EDGE('',*,*,#4256,.T.);
#5963=ORIENTED_EDGE('',*,*,#4149,.T.);
#5964=ORIENTED_EDGE('',*,*,#4255,.T.);
#5965=ORIENTED_EDGE('',*,*,#4338,.F.);
#5966=ORIENTED_EDGE('',*,*,#4253,.F.);
#5967=ORIENTED_EDGE('',*,*,#4152,.F.);
#5968=ORIENTED_EDGE('',*,*,#4258,.F.);
#5969=ORIENTED_EDGE('',*,*,#4339,.F.);
#5970=ORIENTED_EDGE('',*,*,#4340,.T.);
#5971=ORIENTED_EDGE('',*,*,#4341,.F.);
#5972=ORIENTED_EDGE('',*,*,#4340,.F.);
#5973=ORIENTED_EDGE('',*,*,#4342,.F.);
#5974=ORIENTED_EDGE('',*,*,#4343,.T.);
#5975=ORIENTED_EDGE('',*,*,#4344,.F.);
#5976=ORIENTED_EDGE('',*,*,#4343,.F.);
#5977=ORIENTED_EDGE('',*,*,#4345,.F.);
#5978=ORIENTED_EDGE('',*,*,#4274,.T.);
#5979=ORIENTED_EDGE('',*,*,#4185,.T.);
#5980=ORIENTED_EDGE('',*,*,#4273,.T.);
#5981=ORIENTED_EDGE('',*,*,#4346,.F.);
#5982=ORIENTED_EDGE('',*,*,#4271,.F.);
#5983=ORIENTED_EDGE('',*,*,#4188,.F.);
#5984=ORIENTED_EDGE('',*,*,#4276,.F.);
#5985=ORIENTED_EDGE('',*,*,#4347,.F.);
#5986=ORIENTED_EDGE('',*,*,#4348,.T.);
#5987=ORIENTED_EDGE('',*,*,#4349,.F.);
#5988=ORIENTED_EDGE('',*,*,#4348,.F.);
#5989=ORIENTED_EDGE('',*,*,#4350,.F.);
#5990=ORIENTED_EDGE('',*,*,#4351,.T.);
#5991=ORIENTED_EDGE('',*,*,#4352,.F.);
#5992=ORIENTED_EDGE('',*,*,#4351,.F.);
#5993=ORIENTED_EDGE('',*,*,#4353,.F.);
#5994=ORIENTED_EDGE('',*,*,#4298,.T.);
#5995=ORIENTED_EDGE('',*,*,#4233,.T.);
#5996=ORIENTED_EDGE('',*,*,#4297,.T.);
#5997=ORIENTED_EDGE('',*,*,#4354,.F.);
#5998=ORIENTED_EDGE('',*,*,#4295,.F.);
#5999=ORIENTED_EDGE('',*,*,#4236,.F.);
#6000=ORIENTED_EDGE('',*,*,#4300,.F.);
#6001=ORIENTED_EDGE('',*,*,#4355,.F.);
#6002=ORIENTED_EDGE('',*,*,#4356,.T.);
#6003=ORIENTED_EDGE('',*,*,#4357,.F.);
#6004=ORIENTED_EDGE('',*,*,#4356,.F.);
#6005=ORIENTED_EDGE('',*,*,#4358,.F.);
#6006=ORIENTED_EDGE('',*,*,#4359,.T.);
#6007=ORIENTED_EDGE('',*,*,#4360,.F.);
#6008=ORIENTED_EDGE('',*,*,#4359,.F.);
#6009=ORIENTED_EDGE('',*,*,#4361,.F.);
#6010=ORIENTED_EDGE('',*,*,#4286,.T.);
#6011=ORIENTED_EDGE('',*,*,#4209,.T.);
#6012=ORIENTED_EDGE('',*,*,#4285,.T.);
#6013=ORIENTED_EDGE('',*,*,#4362,.F.);
#6014=ORIENTED_EDGE('',*,*,#4283,.F.);
#6015=ORIENTED_EDGE('',*,*,#4212,.F.);
#6016=ORIENTED_EDGE('',*,*,#4288,.F.);
#6017=ORIENTED_EDGE('',*,*,#4363,.F.);
#6018=ORIENTED_EDGE('',*,*,#4364,.T.);
#6019=ORIENTED_EDGE('',*,*,#4365,.F.);
#6020=ORIENTED_EDGE('',*,*,#4364,.F.);
#6021=ORIENTED_EDGE('',*,*,#4366,.F.);
#6022=ORIENTED_EDGE('',*,*,#4367,.T.);
#6023=ORIENTED_EDGE('',*,*,#4368,.F.);
#6024=ORIENTED_EDGE('',*,*,#4367,.F.);
#6025=ORIENTED_EDGE('',*,*,#4369,.F.);
#6026=ORIENTED_EDGE('',*,*,#4262,.T.);
#6027=ORIENTED_EDGE('',*,*,#4161,.T.);
#6028=ORIENTED_EDGE('',*,*,#4261,.T.);
#6029=ORIENTED_EDGE('',*,*,#4370,.F.);
#6030=ORIENTED_EDGE('',*,*,#4259,.F.);
#6031=ORIENTED_EDGE('',*,*,#4164,.F.);
#6032=ORIENTED_EDGE('',*,*,#4264,.F.);
#6033=ORIENTED_EDGE('',*,*,#4371,.F.);
#6034=ORIENTED_EDGE('',*,*,#4372,.T.);
#6035=ORIENTED_EDGE('',*,*,#4373,.F.);
#6036=ORIENTED_EDGE('',*,*,#4372,.F.);
#6037=ORIENTED_EDGE('',*,*,#4374,.F.);
#6038=ORIENTED_EDGE('',*,*,#4375,.T.);
#6039=ORIENTED_EDGE('',*,*,#4376,.F.);
#6040=ORIENTED_EDGE('',*,*,#4375,.F.);
#6041=ORIENTED_EDGE('',*,*,#4377,.F.);
#6042=ORIENTED_EDGE('',*,*,#4268,.T.);
#6043=ORIENTED_EDGE('',*,*,#4173,.T.);
#6044=ORIENTED_EDGE('',*,*,#4267,.T.);
#6045=ORIENTED_EDGE('',*,*,#4378,.F.);
#6046=ORIENTED_EDGE('',*,*,#4265,.F.);
#6047=ORIENTED_EDGE('',*,*,#4176,.F.);
#6048=ORIENTED_EDGE('',*,*,#4270,.F.);
#6049=ORIENTED_EDGE('',*,*,#4379,.F.);
#6050=ORIENTED_EDGE('',*,*,#4380,.T.);
#6051=ORIENTED_EDGE('',*,*,#4381,.F.);
#6052=ORIENTED_EDGE('',*,*,#4380,.F.);
#6053=ORIENTED_EDGE('',*,*,#4382,.F.);
#6054=ORIENTED_EDGE('',*,*,#4383,.T.);
#6055=ORIENTED_EDGE('',*,*,#4384,.F.);
#6056=ORIENTED_EDGE('',*,*,#4383,.F.);
#6057=ORIENTED_EDGE('',*,*,#4385,.F.);
#6058=ORIENTED_EDGE('',*,*,#4292,.T.);
#6059=ORIENTED_EDGE('',*,*,#4221,.T.);
#6060=ORIENTED_EDGE('',*,*,#4291,.T.);
#6061=ORIENTED_EDGE('',*,*,#4386,.F.);
#6062=ORIENTED_EDGE('',*,*,#4289,.F.);
#6063=ORIENTED_EDGE('',*,*,#4224,.F.);
#6064=ORIENTED_EDGE('',*,*,#4294,.F.);
#6065=ORIENTED_EDGE('',*,*,#4387,.F.);
#6066=ORIENTED_EDGE('',*,*,#4388,.T.);
#6067=ORIENTED_EDGE('',*,*,#4389,.F.);
#6068=ORIENTED_EDGE('',*,*,#4388,.F.);
#6069=ORIENTED_EDGE('',*,*,#4390,.F.);
#6070=ORIENTED_EDGE('',*,*,#4391,.T.);
#6071=ORIENTED_EDGE('',*,*,#4392,.F.);
#6072=ORIENTED_EDGE('',*,*,#4391,.F.);
#6073=ORIENTED_EDGE('',*,*,#4393,.F.);
#6074=ORIENTED_EDGE('',*,*,#4394,.F.);
#6075=ORIENTED_EDGE('',*,*,#4395,.F.);
#6076=ORIENTED_EDGE('',*,*,#4396,.F.);
#6077=ORIENTED_EDGE('',*,*,#4397,.F.);
#6078=ORIENTED_EDGE('',*,*,#4398,.T.);
#6079=ORIENTED_EDGE('',*,*,#4399,.F.);
#6080=ORIENTED_EDGE('',*,*,#4398,.F.);
#6081=ORIENTED_EDGE('',*,*,#4400,.F.);
#6082=ORIENTED_EDGE('',*,*,#4401,.T.);
#6083=ORIENTED_EDGE('',*,*,#4402,.F.);
#6084=ORIENTED_EDGE('',*,*,#4401,.F.);
#6085=ORIENTED_EDGE('',*,*,#4403,.F.);
#6086=ORIENTED_EDGE('',*,*,#4404,.T.);
#6087=ORIENTED_EDGE('',*,*,#4405,.F.);
#6088=ORIENTED_EDGE('',*,*,#4404,.F.);
#6089=ORIENTED_EDGE('',*,*,#4406,.F.);
#6090=ORIENTED_EDGE('',*,*,#4407,.T.);
#6091=ORIENTED_EDGE('',*,*,#4408,.F.);
#6092=ORIENTED_EDGE('',*,*,#4407,.F.);
#6093=ORIENTED_EDGE('',*,*,#4409,.F.);
#6094=ORIENTED_EDGE('',*,*,#4410,.T.);
#6095=ORIENTED_EDGE('',*,*,#4411,.F.);
#6096=ORIENTED_EDGE('',*,*,#4410,.F.);
#6097=ORIENTED_EDGE('',*,*,#4412,.F.);
#6098=ORIENTED_EDGE('',*,*,#4413,.T.);
#6099=ORIENTED_EDGE('',*,*,#4414,.F.);
#6100=ORIENTED_EDGE('',*,*,#4413,.F.);
#6101=ORIENTED_EDGE('',*,*,#4415,.F.);
#6102=ORIENTED_EDGE('',*,*,#4416,.T.);
#6103=ORIENTED_EDGE('',*,*,#4417,.F.);
#6104=ORIENTED_EDGE('',*,*,#4416,.F.);
#6105=ORIENTED_EDGE('',*,*,#4418,.F.);
#6106=ORIENTED_EDGE('',*,*,#4419,.T.);
#6107=ORIENTED_EDGE('',*,*,#4420,.F.);
#6108=ORIENTED_EDGE('',*,*,#4419,.F.);
#6109=ORIENTED_EDGE('',*,*,#4421,.F.);
#6110=ORIENTED_EDGE('',*,*,#4422,.T.);
#6111=ORIENTED_EDGE('',*,*,#4423,.F.);
#6112=ORIENTED_EDGE('',*,*,#4422,.F.);
#6113=ORIENTED_EDGE('',*,*,#4424,.F.);
#6114=ORIENTED_EDGE('',*,*,#4425,.T.);
#6115=ORIENTED_EDGE('',*,*,#4426,.F.);
#6116=ORIENTED_EDGE('',*,*,#4425,.F.);
#6117=ORIENTED_EDGE('',*,*,#4427,.F.);
#6118=ORIENTED_EDGE('',*,*,#4428,.T.);
#6119=ORIENTED_EDGE('',*,*,#4429,.F.);
#6120=ORIENTED_EDGE('',*,*,#4428,.F.);
#6121=ORIENTED_EDGE('',*,*,#4430,.F.);
#6122=ORIENTED_EDGE('',*,*,#4431,.T.);
#6123=ORIENTED_EDGE('',*,*,#4432,.F.);
#6124=ORIENTED_EDGE('',*,*,#4431,.F.);
#6125=ORIENTED_EDGE('',*,*,#4433,.F.);
#6126=ORIENTED_EDGE('',*,*,#4434,.T.);
#6127=ORIENTED_EDGE('',*,*,#4435,.F.);
#6128=ORIENTED_EDGE('',*,*,#4434,.F.);
#6129=ORIENTED_EDGE('',*,*,#4436,.F.);
#6130=ORIENTED_EDGE('',*,*,#4437,.T.);
#6131=ORIENTED_EDGE('',*,*,#4438,.F.);
#6132=ORIENTED_EDGE('',*,*,#4437,.F.);
#6133=ORIENTED_EDGE('',*,*,#4439,.F.);
#6134=ORIENTED_EDGE('',*,*,#4440,.T.);
#6135=ORIENTED_EDGE('',*,*,#4441,.F.);
#6136=ORIENTED_EDGE('',*,*,#4440,.F.);
#6137=ORIENTED_EDGE('',*,*,#4442,.F.);
#6138=ORIENTED_EDGE('',*,*,#4443,.T.);
#6139=ORIENTED_EDGE('',*,*,#4444,.F.);
#6140=ORIENTED_EDGE('',*,*,#4443,.F.);
#6141=ORIENTED_EDGE('',*,*,#4445,.F.);
#6142=ORIENTED_EDGE('',*,*,#4446,.T.);
#6143=ORIENTED_EDGE('',*,*,#4447,.F.);
#6144=ORIENTED_EDGE('',*,*,#4446,.F.);
#6145=ORIENTED_EDGE('',*,*,#4448,.F.);
#6146=ORIENTED_EDGE('',*,*,#4449,.T.);
#6147=ORIENTED_EDGE('',*,*,#4450,.F.);
#6148=ORIENTED_EDGE('',*,*,#4449,.F.);
#6149=ORIENTED_EDGE('',*,*,#4451,.F.);
#6150=ORIENTED_EDGE('',*,*,#4452,.T.);
#6151=ORIENTED_EDGE('',*,*,#4453,.F.);
#6152=ORIENTED_EDGE('',*,*,#4452,.F.);
#6153=ORIENTED_EDGE('',*,*,#4454,.F.);
#6154=ORIENTED_EDGE('',*,*,#4455,.T.);
#6155=ORIENTED_EDGE('',*,*,#4456,.F.);
#6156=ORIENTED_EDGE('',*,*,#4455,.F.);
#6157=ORIENTED_EDGE('',*,*,#4457,.F.);
#6158=ORIENTED_EDGE('',*,*,#4458,.T.);
#6159=ORIENTED_EDGE('',*,*,#4459,.F.);
#6160=ORIENTED_EDGE('',*,*,#4458,.F.);
#6161=ORIENTED_EDGE('',*,*,#4460,.F.);
#6162=ORIENTED_EDGE('',*,*,#4461,.T.);
#6163=ORIENTED_EDGE('',*,*,#4462,.F.);
#6164=ORIENTED_EDGE('',*,*,#4461,.F.);
#6165=ORIENTED_EDGE('',*,*,#4463,.F.);
#6166=ORIENTED_EDGE('',*,*,#4464,.T.);
#6167=ORIENTED_EDGE('',*,*,#4465,.F.);
#6168=ORIENTED_EDGE('',*,*,#4464,.F.);
#6169=ORIENTED_EDGE('',*,*,#4466,.F.);
#6170=ORIENTED_EDGE('',*,*,#4308,.T.);
#6171=ORIENTED_EDGE('',*,*,#4467,.F.);
#6172=ORIENTED_EDGE('',*,*,#4468,.F.);
#6173=ORIENTED_EDGE('',*,*,#4469,.F.);
#6174=ORIENTED_EDGE('',*,*,#4470,.T.);
#6175=ORIENTED_EDGE('',*,*,#4471,.F.);
#6176=ORIENTED_EDGE('',*,*,#4470,.F.);
#6177=ORIENTED_EDGE('',*,*,#4472,.F.);
#6178=ORIENTED_EDGE('',*,*,#4473,.T.);
#6179=ORIENTED_EDGE('',*,*,#4474,.F.);
#6180=ORIENTED_EDGE('',*,*,#4473,.F.);
#6181=ORIENTED_EDGE('',*,*,#4475,.F.);
#6182=ORIENTED_EDGE('',*,*,#4476,.T.);
#6183=ORIENTED_EDGE('',*,*,#4477,.F.);
#6184=ORIENTED_EDGE('',*,*,#4476,.F.);
#6185=ORIENTED_EDGE('',*,*,#4478,.F.);
#6186=ORIENTED_EDGE('',*,*,#4479,.T.);
#6187=ORIENTED_EDGE('',*,*,#4480,.F.);
#6188=ORIENTED_EDGE('',*,*,#4479,.F.);
#6189=ORIENTED_EDGE('',*,*,#4481,.F.);
#6190=ORIENTED_EDGE('',*,*,#4482,.T.);
#6191=ORIENTED_EDGE('',*,*,#4483,.F.);
#6192=ORIENTED_EDGE('',*,*,#4482,.F.);
#6193=ORIENTED_EDGE('',*,*,#4484,.F.);
#6194=ORIENTED_EDGE('',*,*,#4485,.T.);
#6195=ORIENTED_EDGE('',*,*,#4486,.F.);
#6196=ORIENTED_EDGE('',*,*,#4485,.F.);
#6197=ORIENTED_EDGE('',*,*,#4487,.F.);
#6198=ORIENTED_EDGE('',*,*,#4488,.T.);
#6199=ORIENTED_EDGE('',*,*,#4489,.F.);
#6200=ORIENTED_EDGE('',*,*,#4488,.F.);
#6201=ORIENTED_EDGE('',*,*,#4490,.F.);
#6202=ORIENTED_EDGE('',*,*,#4491,.T.);
#6203=ORIENTED_EDGE('',*,*,#4492,.F.);
#6204=ORIENTED_EDGE('',*,*,#4491,.F.);
#6205=ORIENTED_EDGE('',*,*,#4493,.F.);
#6206=ORIENTED_EDGE('',*,*,#4494,.T.);
#6207=ORIENTED_EDGE('',*,*,#4495,.F.);
#6208=ORIENTED_EDGE('',*,*,#4494,.F.);
#6209=ORIENTED_EDGE('',*,*,#4496,.F.);
#6210=ORIENTED_EDGE('',*,*,#4497,.T.);
#6211=ORIENTED_EDGE('',*,*,#4498,.F.);
#6212=ORIENTED_EDGE('',*,*,#4497,.F.);
#6213=ORIENTED_EDGE('',*,*,#4499,.F.);
#6214=ORIENTED_EDGE('',*,*,#4500,.T.);
#6215=ORIENTED_EDGE('',*,*,#4501,.F.);
#6216=ORIENTED_EDGE('',*,*,#4500,.F.);
#6217=ORIENTED_EDGE('',*,*,#4502,.F.);
#6218=ORIENTED_EDGE('',*,*,#4503,.T.);
#6219=ORIENTED_EDGE('',*,*,#4504,.F.);
#6220=ORIENTED_EDGE('',*,*,#4503,.F.);
#6221=ORIENTED_EDGE('',*,*,#4505,.F.);
#6222=ORIENTED_EDGE('',*,*,#4506,.T.);
#6223=ORIENTED_EDGE('',*,*,#4507,.F.);
#6224=ORIENTED_EDGE('',*,*,#4506,.F.);
#6225=ORIENTED_EDGE('',*,*,#4508,.F.);
#6226=ORIENTED_EDGE('',*,*,#4509,.T.);
#6227=ORIENTED_EDGE('',*,*,#4510,.F.);
#6228=ORIENTED_EDGE('',*,*,#4509,.F.);
#6229=ORIENTED_EDGE('',*,*,#4511,.F.);
#6230=ORIENTED_EDGE('',*,*,#4512,.T.);
#6231=ORIENTED_EDGE('',*,*,#4513,.F.);
#6232=ORIENTED_EDGE('',*,*,#4512,.F.);
#6233=ORIENTED_EDGE('',*,*,#4514,.F.);
#6234=ORIENTED_EDGE('',*,*,#4515,.T.);
#6235=ORIENTED_EDGE('',*,*,#4516,.F.);
#6236=ORIENTED_EDGE('',*,*,#4515,.F.);
#6237=ORIENTED_EDGE('',*,*,#4517,.F.);
#6238=ORIENTED_EDGE('',*,*,#4518,.T.);
#6239=ORIENTED_EDGE('',*,*,#4519,.F.);
#6240=ORIENTED_EDGE('',*,*,#4518,.F.);
#6241=ORIENTED_EDGE('',*,*,#4520,.F.);
#6242=ORIENTED_EDGE('',*,*,#4396,.T.);
#6243=ORIENTED_EDGE('',*,*,#4468,.T.);
#6244=ORIENTED_EDGE('',*,*,#4521,.F.);
#6245=ORIENTED_EDGE('',*,*,#4522,.F.);
#6246=ORIENTED_EDGE('',*,*,#4523,.F.);
#6247=ORIENTED_EDGE('',*,*,#4394,.T.);
#6248=ORIENTED_EDGE('',*,*,#4524,.F.);
#6249=ORIENTED_EDGE('',*,*,#4525,.F.);
#6250=ORIENTED_EDGE('',*,*,#4526,.F.);
#6251=ORIENTED_EDGE('',*,*,#4393,.T.);
#6252=ORIENTED_EDGE('',*,*,#4390,.T.);
#6253=ORIENTED_EDGE('',*,*,#4387,.T.);
#6254=ORIENTED_EDGE('',*,*,#4293,.T.);
#6255=ORIENTED_EDGE('',*,*,#4385,.T.);
#6256=ORIENTED_EDGE('',*,*,#4382,.T.);
#6257=ORIENTED_EDGE('',*,*,#4379,.T.);
#6258=ORIENTED_EDGE('',*,*,#4269,.T.);
#6259=ORIENTED_EDGE('',*,*,#4377,.T.);
#6260=ORIENTED_EDGE('',*,*,#4374,.T.);
#6261=ORIENTED_EDGE('',*,*,#4371,.T.);
#6262=ORIENTED_EDGE('',*,*,#4263,.T.);
#6263=ORIENTED_EDGE('',*,*,#4369,.T.);
#6264=ORIENTED_EDGE('',*,*,#4366,.T.);
#6265=ORIENTED_EDGE('',*,*,#4363,.T.);
#6266=ORIENTED_EDGE('',*,*,#4287,.T.);
#6267=ORIENTED_EDGE('',*,*,#4361,.T.);
#6268=ORIENTED_EDGE('',*,*,#4358,.T.);
#6269=ORIENTED_EDGE('',*,*,#4355,.T.);
#6270=ORIENTED_EDGE('',*,*,#4299,.T.);
#6271=ORIENTED_EDGE('',*,*,#4353,.T.);
#6272=ORIENTED_EDGE('',*,*,#4350,.T.);
#6273=ORIENTED_EDGE('',*,*,#4347,.T.);
#6274=ORIENTED_EDGE('',*,*,#4275,.T.);
#6275=ORIENTED_EDGE('',*,*,#4345,.T.);
#6276=ORIENTED_EDGE('',*,*,#4342,.T.);
#6277=ORIENTED_EDGE('',*,*,#4339,.T.);
#6278=ORIENTED_EDGE('',*,*,#4257,.T.);
#6279=ORIENTED_EDGE('',*,*,#4337,.T.);
#6280=ORIENTED_EDGE('',*,*,#4334,.T.);
#6281=ORIENTED_EDGE('',*,*,#4331,.T.);
#6282=ORIENTED_EDGE('',*,*,#4281,.T.);
#6283=ORIENTED_EDGE('',*,*,#4329,.T.);
#6284=ORIENTED_EDGE('',*,*,#4326,.T.);
#6285=ORIENTED_EDGE('',*,*,#4323,.T.);
#6286=ORIENTED_EDGE('',*,*,#4305,.T.);
#6287=ORIENTED_EDGE('',*,*,#4321,.T.);
#6288=ORIENTED_EDGE('',*,*,#4318,.T.);
#6289=ORIENTED_EDGE('',*,*,#4315,.T.);
#6290=ORIENTED_EDGE('',*,*,#4312,.T.);
#6291=ORIENTED_EDGE('',*,*,#4309,.T.);
#6292=ORIENTED_EDGE('',*,*,#4466,.T.);
#6293=ORIENTED_EDGE('',*,*,#4463,.T.);
#6294=ORIENTED_EDGE('',*,*,#4460,.T.);
#6295=ORIENTED_EDGE('',*,*,#4457,.T.);
#6296=ORIENTED_EDGE('',*,*,#4454,.T.);
#6297=ORIENTED_EDGE('',*,*,#4451,.T.);
#6298=ORIENTED_EDGE('',*,*,#4448,.T.);
#6299=ORIENTED_EDGE('',*,*,#4445,.T.);
#6300=ORIENTED_EDGE('',*,*,#4442,.T.);
#6301=ORIENTED_EDGE('',*,*,#4439,.T.);
#6302=ORIENTED_EDGE('',*,*,#4436,.T.);
#6303=ORIENTED_EDGE('',*,*,#4433,.T.);
#6304=ORIENTED_EDGE('',*,*,#4430,.T.);
#6305=ORIENTED_EDGE('',*,*,#4427,.T.);
#6306=ORIENTED_EDGE('',*,*,#4424,.T.);
#6307=ORIENTED_EDGE('',*,*,#4421,.T.);
#6308=ORIENTED_EDGE('',*,*,#4418,.T.);
#6309=ORIENTED_EDGE('',*,*,#4415,.T.);
#6310=ORIENTED_EDGE('',*,*,#4412,.T.);
#6311=ORIENTED_EDGE('',*,*,#4409,.T.);
#6312=ORIENTED_EDGE('',*,*,#4406,.T.);
#6313=ORIENTED_EDGE('',*,*,#4403,.T.);
#6314=ORIENTED_EDGE('',*,*,#4400,.T.);
#6315=ORIENTED_EDGE('',*,*,#4397,.T.);
#6316=ORIENTED_EDGE('',*,*,#4520,.T.);
#6317=ORIENTED_EDGE('',*,*,#4517,.T.);
#6318=ORIENTED_EDGE('',*,*,#4514,.T.);
#6319=ORIENTED_EDGE('',*,*,#4511,.T.);
#6320=ORIENTED_EDGE('',*,*,#4508,.T.);
#6321=ORIENTED_EDGE('',*,*,#4505,.T.);
#6322=ORIENTED_EDGE('',*,*,#4502,.T.);
#6323=ORIENTED_EDGE('',*,*,#4499,.T.);
#6324=ORIENTED_EDGE('',*,*,#4496,.T.);
#6325=ORIENTED_EDGE('',*,*,#4493,.T.);
#6326=ORIENTED_EDGE('',*,*,#4490,.T.);
#6327=ORIENTED_EDGE('',*,*,#4487,.T.);
#6328=ORIENTED_EDGE('',*,*,#4484,.T.);
#6329=ORIENTED_EDGE('',*,*,#4481,.T.);
#6330=ORIENTED_EDGE('',*,*,#4478,.T.);
#6331=ORIENTED_EDGE('',*,*,#4475,.T.);
#6332=ORIENTED_EDGE('',*,*,#4472,.T.);
#6333=ORIENTED_EDGE('',*,*,#4469,.T.);
#6334=ORIENTED_EDGE('',*,*,#4523,.T.);
#6335=ORIENTED_EDGE('',*,*,#4527,.T.);
#6336=ORIENTED_EDGE('',*,*,#4528,.F.);
#6337=ORIENTED_EDGE('',*,*,#4529,.T.);
#6338=ORIENTED_EDGE('',*,*,#4530,.T.);
#6339=ORIENTED_EDGE('',*,*,#4531,.T.);
#6340=ORIENTED_EDGE('',*,*,#4532,.T.);
#6341=ORIENTED_EDGE('',*,*,#4533,.T.);
#6342=ORIENTED_EDGE('',*,*,#4534,.T.);
#6343=ORIENTED_EDGE('',*,*,#4535,.T.);
#6344=ORIENTED_EDGE('',*,*,#4536,.F.);
#6345=ORIENTED_EDGE('',*,*,#4537,.T.);
#6346=ORIENTED_EDGE('',*,*,#4538,.T.);
#6347=ORIENTED_EDGE('',*,*,#4539,.T.);
#6348=ORIENTED_EDGE('',*,*,#4540,.T.);
#6349=ORIENTED_EDGE('',*,*,#4541,.T.);
#6350=ORIENTED_EDGE('',*,*,#4542,.T.);
#6351=ORIENTED_EDGE('',*,*,#4543,.T.);
#6352=ORIENTED_EDGE('',*,*,#4544,.F.);
#6353=ORIENTED_EDGE('',*,*,#4545,.F.);
#6354=ORIENTED_EDGE('',*,*,#4524,.T.);
#6355=ORIENTED_EDGE('',*,*,#4546,.F.);
#6356=ORIENTED_EDGE('',*,*,#4547,.T.);
#6357=ORIENTED_EDGE('',*,*,#4548,.F.);
#6358=ORIENTED_EDGE('',*,*,#4549,.F.);
#6359=ORIENTED_EDGE('',*,*,#4550,.F.);
#6360=ORIENTED_EDGE('',*,*,#4551,.T.);
#6361=ORIENTED_EDGE('',*,*,#4552,.F.);
#6362=ORIENTED_EDGE('',*,*,#4553,.F.);
#6363=ORIENTED_EDGE('',*,*,#4554,.F.);
#6364=ORIENTED_EDGE('',*,*,#4551,.F.);
#6365=ORIENTED_EDGE('',*,*,#4555,.F.);
#6366=ORIENTED_EDGE('',*,*,#4556,.F.);
#6367=ORIENTED_EDGE('',*,*,#4557,.F.);
#6368=ORIENTED_EDGE('',*,*,#4558,.F.);
#6369=ORIENTED_EDGE('',*,*,#4559,.F.);
#6370=ORIENTED_EDGE('',*,*,#4547,.F.);
#6371=ORIENTED_EDGE('',*,*,#4553,.T.);
#6372=ORIENTED_EDGE('',*,*,#4560,.F.);
#6373=ORIENTED_EDGE('',*,*,#4561,.F.);
#6374=ORIENTED_EDGE('',*,*,#4562,.T.);
#6375=ORIENTED_EDGE('',*,*,#4563,.T.);
#6376=ORIENTED_EDGE('',*,*,#4564,.T.);
#6377=ORIENTED_EDGE('',*,*,#4565,.T.);
#6378=ORIENTED_EDGE('',*,*,#4566,.T.);
#6379=ORIENTED_EDGE('',*,*,#4567,.T.);
#6380=ORIENTED_EDGE('',*,*,#4568,.T.);
#6381=ORIENTED_EDGE('',*,*,#4569,.T.);
#6382=ORIENTED_EDGE('',*,*,#4570,.T.);
#6383=ORIENTED_EDGE('',*,*,#4552,.T.);
#6384=ORIENTED_EDGE('',*,*,#4554,.T.);
#6385=ORIENTED_EDGE('',*,*,#4571,.F.);
#6386=ORIENTED_EDGE('',*,*,#4572,.F.);
#6387=ORIENTED_EDGE('',*,*,#4573,.F.);
#6388=ORIENTED_EDGE('',*,*,#4560,.T.);
#6389=ORIENTED_EDGE('',*,*,#4556,.T.);
#6390=ORIENTED_EDGE('',*,*,#4574,.T.);
#6391=ORIENTED_EDGE('',*,*,#4544,.T.);
#6392=ORIENTED_EDGE('',*,*,#4575,.T.);
#6393=ORIENTED_EDGE('',*,*,#4576,.T.);
#6394=ORIENTED_EDGE('',*,*,#4577,.T.);
#6395=ORIENTED_EDGE('',*,*,#4578,.T.);
#6396=ORIENTED_EDGE('',*,*,#4579,.T.);
#6397=ORIENTED_EDGE('',*,*,#4580,.T.);
#6398=ORIENTED_EDGE('',*,*,#4571,.T.);
#6399=ORIENTED_EDGE('',*,*,#4392,.T.);
#6400=ORIENTED_EDGE('',*,*,#4526,.T.);
#6401=ORIENTED_EDGE('',*,*,#4581,.T.);
#6402=ORIENTED_EDGE('',*,*,#4549,.T.);
#6403=ORIENTED_EDGE('',*,*,#4582,.F.);
#6404=ORIENTED_EDGE('',*,*,#4521,.T.);
#6405=ORIENTED_EDGE('',*,*,#4467,.T.);
#6406=ORIENTED_EDGE('',*,*,#4471,.T.);
#6407=ORIENTED_EDGE('',*,*,#4474,.T.);
#6408=ORIENTED_EDGE('',*,*,#4477,.T.);
#6409=ORIENTED_EDGE('',*,*,#4480,.T.);
#6410=ORIENTED_EDGE('',*,*,#4483,.T.);
#6411=ORIENTED_EDGE('',*,*,#4486,.T.);
#6412=ORIENTED_EDGE('',*,*,#4489,.T.);
#6413=ORIENTED_EDGE('',*,*,#4492,.T.);
#6414=ORIENTED_EDGE('',*,*,#4495,.T.);
#6415=ORIENTED_EDGE('',*,*,#4498,.T.);
#6416=ORIENTED_EDGE('',*,*,#4501,.T.);
#6417=ORIENTED_EDGE('',*,*,#4504,.T.);
#6418=ORIENTED_EDGE('',*,*,#4507,.T.);
#6419=ORIENTED_EDGE('',*,*,#4510,.T.);
#6420=ORIENTED_EDGE('',*,*,#4513,.T.);
#6421=ORIENTED_EDGE('',*,*,#4516,.T.);
#6422=ORIENTED_EDGE('',*,*,#4519,.T.);
#6423=ORIENTED_EDGE('',*,*,#4395,.T.);
#6424=ORIENTED_EDGE('',*,*,#4399,.T.);
#6425=ORIENTED_EDGE('',*,*,#4402,.T.);
#6426=ORIENTED_EDGE('',*,*,#4405,.T.);
#6427=ORIENTED_EDGE('',*,*,#4408,.T.);
#6428=ORIENTED_EDGE('',*,*,#4411,.T.);
#6429=ORIENTED_EDGE('',*,*,#4414,.T.);
#6430=ORIENTED_EDGE('',*,*,#4417,.T.);
#6431=ORIENTED_EDGE('',*,*,#4420,.T.);
#6432=ORIENTED_EDGE('',*,*,#4423,.T.);
#6433=ORIENTED_EDGE('',*,*,#4426,.T.);
#6434=ORIENTED_EDGE('',*,*,#4429,.T.);
#6435=ORIENTED_EDGE('',*,*,#4432,.T.);
#6436=ORIENTED_EDGE('',*,*,#4435,.T.);
#6437=ORIENTED_EDGE('',*,*,#4438,.T.);
#6438=ORIENTED_EDGE('',*,*,#4441,.T.);
#6439=ORIENTED_EDGE('',*,*,#4444,.T.);
#6440=ORIENTED_EDGE('',*,*,#4447,.T.);
#6441=ORIENTED_EDGE('',*,*,#4450,.T.);
#6442=ORIENTED_EDGE('',*,*,#4453,.T.);
#6443=ORIENTED_EDGE('',*,*,#4456,.T.);
#6444=ORIENTED_EDGE('',*,*,#4459,.T.);
#6445=ORIENTED_EDGE('',*,*,#4462,.T.);
#6446=ORIENTED_EDGE('',*,*,#4465,.T.);
#6447=ORIENTED_EDGE('',*,*,#4307,.T.);
#6448=ORIENTED_EDGE('',*,*,#4311,.T.);
#6449=ORIENTED_EDGE('',*,*,#4314,.T.);
#6450=ORIENTED_EDGE('',*,*,#4317,.T.);
#6451=ORIENTED_EDGE('',*,*,#4320,.T.);
#6452=ORIENTED_EDGE('',*,*,#4302,.T.);
#6453=ORIENTED_EDGE('',*,*,#4322,.T.);
#6454=ORIENTED_EDGE('',*,*,#4325,.T.);
#6455=ORIENTED_EDGE('',*,*,#4328,.T.);
#6456=ORIENTED_EDGE('',*,*,#4278,.T.);
#6457=ORIENTED_EDGE('',*,*,#4330,.T.);
#6458=ORIENTED_EDGE('',*,*,#4333,.T.);
#6459=ORIENTED_EDGE('',*,*,#4336,.T.);
#6460=ORIENTED_EDGE('',*,*,#4254,.T.);
#6461=ORIENTED_EDGE('',*,*,#4338,.T.);
#6462=ORIENTED_EDGE('',*,*,#4341,.T.);
#6463=ORIENTED_EDGE('',*,*,#4344,.T.);
#6464=ORIENTED_EDGE('',*,*,#4272,.T.);
#6465=ORIENTED_EDGE('',*,*,#4346,.T.);
#6466=ORIENTED_EDGE('',*,*,#4349,.T.);
#6467=ORIENTED_EDGE('',*,*,#4352,.T.);
#6468=ORIENTED_EDGE('',*,*,#4296,.T.);
#6469=ORIENTED_EDGE('',*,*,#4354,.T.);
#6470=ORIENTED_EDGE('',*,*,#4357,.T.);
#6471=ORIENTED_EDGE('',*,*,#4360,.T.);
#6472=ORIENTED_EDGE('',*,*,#4284,.T.);
#6473=ORIENTED_EDGE('',*,*,#4362,.T.);
#6474=ORIENTED_EDGE('',*,*,#4365,.T.);
#6475=ORIENTED_EDGE('',*,*,#4368,.T.);
#6476=ORIENTED_EDGE('',*,*,#4260,.T.);
#6477=ORIENTED_EDGE('',*,*,#4370,.T.);
#6478=ORIENTED_EDGE('',*,*,#4373,.T.);
#6479=ORIENTED_EDGE('',*,*,#4376,.T.);
#6480=ORIENTED_EDGE('',*,*,#4266,.T.);
#6481=ORIENTED_EDGE('',*,*,#4378,.T.);
#6482=ORIENTED_EDGE('',*,*,#4381,.T.);
#6483=ORIENTED_EDGE('',*,*,#4384,.T.);
#6484=ORIENTED_EDGE('',*,*,#4290,.T.);
#6485=ORIENTED_EDGE('',*,*,#4386,.T.);
#6486=ORIENTED_EDGE('',*,*,#4389,.T.);
#6487=ORIENTED_EDGE('',*,*,#4583,.T.);
#6488=ORIENTED_EDGE('',*,*,#4584,.T.);
#6489=ORIENTED_EDGE('',*,*,#4585,.T.);
#6490=ORIENTED_EDGE('',*,*,#4586,.T.);
#6491=ORIENTED_EDGE('',*,*,#4587,.T.);
#6492=ORIENTED_EDGE('',*,*,#4588,.T.);
#6493=ORIENTED_EDGE('',*,*,#4589,.T.);
#6494=ORIENTED_EDGE('',*,*,#4590,.T.);
#6495=ORIENTED_EDGE('',*,*,#4591,.F.);
#6496=ORIENTED_EDGE('',*,*,#4535,.F.);
#6497=ORIENTED_EDGE('',*,*,#4592,.F.);
#6498=ORIENTED_EDGE('',*,*,#4593,.F.);
#6499=ORIENTED_EDGE('',*,*,#4594,.F.);
#6500=ORIENTED_EDGE('',*,*,#4595,.F.);
#6501=ORIENTED_EDGE('',*,*,#4596,.F.);
#6502=ORIENTED_EDGE('',*,*,#4529,.F.);
#6503=ORIENTED_EDGE('',*,*,#4575,.F.);
#6504=ORIENTED_EDGE('',*,*,#4543,.F.);
#6505=ORIENTED_EDGE('',*,*,#4597,.F.);
#6506=ORIENTED_EDGE('',*,*,#4598,.F.);
#6507=ORIENTED_EDGE('',*,*,#4599,.F.);
#6508=ORIENTED_EDGE('',*,*,#4600,.F.);
#6509=ORIENTED_EDGE('',*,*,#4601,.F.);
#6510=ORIENTED_EDGE('',*,*,#4537,.F.);
#6511=ORIENTED_EDGE('',*,*,#4592,.T.);
#6512=ORIENTED_EDGE('',*,*,#4534,.F.);
#6513=ORIENTED_EDGE('',*,*,#4602,.T.);
#6514=ORIENTED_EDGE('',*,*,#4603,.F.);
#6515=ORIENTED_EDGE('',*,*,#4591,.T.);
#6516=ORIENTED_EDGE('',*,*,#4604,.T.);
#6517=ORIENTED_EDGE('',*,*,#4599,.T.);
#6518=ORIENTED_EDGE('',*,*,#4536,.T.);
#6519=ORIENTED_EDGE('',*,*,#4558,.T.);
#6520=ORIENTED_EDGE('',*,*,#4605,.T.);
#6521=ORIENTED_EDGE('',*,*,#4606,.T.);
#6522=ORIENTED_EDGE('',*,*,#4607,.T.);
#6523=ORIENTED_EDGE('',*,*,#4608,.T.);
#6524=ORIENTED_EDGE('',*,*,#4609,.T.);
#6525=ORIENTED_EDGE('',*,*,#4610,.T.);
#6526=ORIENTED_EDGE('',*,*,#4594,.T.);
#6527=ORIENTED_EDGE('',*,*,#4528,.T.);
#6528=ORIENTED_EDGE('',*,*,#4611,.T.);
#6529=ORIENTED_EDGE('',*,*,#4597,.T.);
#6530=ORIENTED_EDGE('',*,*,#4542,.F.);
#6531=ORIENTED_EDGE('',*,*,#4612,.T.);
#6532=ORIENTED_EDGE('',*,*,#4613,.F.);
#6533=ORIENTED_EDGE('',*,*,#4614,.F.);
#6534=ORIENTED_EDGE('',*,*,#4615,.F.);
#6535=ORIENTED_EDGE('',*,*,#4539,.F.);
#6536=ORIENTED_EDGE('',*,*,#4616,.T.);
#6537=ORIENTED_EDGE('',*,*,#4569,.F.);
#6538=ORIENTED_EDGE('',*,*,#4617,.T.);
#6539=ORIENTED_EDGE('',*,*,#4589,.F.);
#6540=ORIENTED_EDGE('',*,*,#4618,.F.);
#6541=ORIENTED_EDGE('',*,*,#4619,.F.);
#6542=ORIENTED_EDGE('',*,*,#4620,.F.);
#6543=ORIENTED_EDGE('',*,*,#4540,.F.);
#6544=ORIENTED_EDGE('',*,*,#4615,.T.);
#6545=ORIENTED_EDGE('',*,*,#4570,.F.);
#6546=ORIENTED_EDGE('',*,*,#4618,.T.);
#6547=ORIENTED_EDGE('',*,*,#4588,.F.);
#6548=ORIENTED_EDGE('',*,*,#4621,.F.);
#6549=ORIENTED_EDGE('',*,*,#4601,.T.);
#6550=ORIENTED_EDGE('',*,*,#4622,.F.);
#6551=ORIENTED_EDGE('',*,*,#4616,.F.);
#6552=ORIENTED_EDGE('',*,*,#4538,.F.);
#6553=ORIENTED_EDGE('',*,*,#4623,.F.);
#6554=ORIENTED_EDGE('',*,*,#4612,.F.);
#6555=ORIENTED_EDGE('',*,*,#4541,.F.);
#6556=ORIENTED_EDGE('',*,*,#4620,.T.);
#6557=ORIENTED_EDGE('',*,*,#4567,.F.);
#6558=ORIENTED_EDGE('',*,*,#4621,.T.);
#6559=ORIENTED_EDGE('',*,*,#4587,.F.);
#6560=ORIENTED_EDGE('',*,*,#4624,.F.);
#6561=ORIENTED_EDGE('',*,*,#4568,.F.);
#6562=ORIENTED_EDGE('',*,*,#4624,.T.);
#6563=ORIENTED_EDGE('',*,*,#4590,.F.);
#6564=ORIENTED_EDGE('',*,*,#4617,.F.);
#6565=ORIENTED_EDGE('',*,*,#4625,.F.);
#6566=ORIENTED_EDGE('',*,*,#4626,.F.);
#6567=ORIENTED_EDGE('',*,*,#4531,.F.);
#6568=ORIENTED_EDGE('',*,*,#4627,.T.);
#6569=ORIENTED_EDGE('',*,*,#4565,.F.);
#6570=ORIENTED_EDGE('',*,*,#4628,.T.);
#6571=ORIENTED_EDGE('',*,*,#4585,.F.);
#6572=ORIENTED_EDGE('',*,*,#4629,.F.);
#6573=ORIENTED_EDGE('',*,*,#4630,.F.);
#6574=ORIENTED_EDGE('',*,*,#4631,.F.);
#6575=ORIENTED_EDGE('',*,*,#4532,.F.);
#6576=ORIENTED_EDGE('',*,*,#4626,.T.);
#6577=ORIENTED_EDGE('',*,*,#4566,.F.);
#6578=ORIENTED_EDGE('',*,*,#4629,.T.);
#6579=ORIENTED_EDGE('',*,*,#4584,.F.);
#6580=ORIENTED_EDGE('',*,*,#4632,.F.);
#6581=ORIENTED_EDGE('',*,*,#4596,.T.);
#6582=ORIENTED_EDGE('',*,*,#4633,.F.);
#6583=ORIENTED_EDGE('',*,*,#4627,.F.);
#6584=ORIENTED_EDGE('',*,*,#4530,.F.);
#6585=ORIENTED_EDGE('',*,*,#4634,.F.);
#6586=ORIENTED_EDGE('',*,*,#4602,.F.);
#6587=ORIENTED_EDGE('',*,*,#4533,.F.);
#6588=ORIENTED_EDGE('',*,*,#4631,.T.);
#6589=ORIENTED_EDGE('',*,*,#4563,.F.);
#6590=ORIENTED_EDGE('',*,*,#4632,.T.);
#6591=ORIENTED_EDGE('',*,*,#4583,.F.);
#6592=ORIENTED_EDGE('',*,*,#4635,.F.);
#6593=ORIENTED_EDGE('',*,*,#4564,.F.);
#6594=ORIENTED_EDGE('',*,*,#4635,.T.);
#6595=ORIENTED_EDGE('',*,*,#4586,.F.);
#6596=ORIENTED_EDGE('',*,*,#4628,.F.);
#6597=ORIENTED_EDGE('',*,*,#4636,.F.);
#6598=ORIENTED_EDGE('',*,*,#4637,.T.);
#6599=ORIENTED_EDGE('',*,*,#4577,.F.);
#6600=ORIENTED_EDGE('',*,*,#4638,.F.);
#6601=ORIENTED_EDGE('',*,*,#4639,.F.);
#6602=ORIENTED_EDGE('',*,*,#4640,.T.);
#6603=ORIENTED_EDGE('',*,*,#4578,.F.);
#6604=ORIENTED_EDGE('',*,*,#4637,.F.);
#6605=ORIENTED_EDGE('',*,*,#4641,.F.);
#6606=ORIENTED_EDGE('',*,*,#4642,.T.);
#6607=ORIENTED_EDGE('',*,*,#4579,.F.);
#6608=ORIENTED_EDGE('',*,*,#4640,.F.);
#6609=ORIENTED_EDGE('',*,*,#4643,.F.);
#6610=ORIENTED_EDGE('',*,*,#4572,.T.);
#6611=ORIENTED_EDGE('',*,*,#4580,.F.);
#6612=ORIENTED_EDGE('',*,*,#4642,.F.);
#6613=ORIENTED_EDGE('',*,*,#4595,.T.);
#6614=ORIENTED_EDGE('',*,*,#4610,.F.);
#6615=ORIENTED_EDGE('',*,*,#4644,.F.);
#6616=ORIENTED_EDGE('',*,*,#4645,.F.);
#6617=ORIENTED_EDGE('',*,*,#4638,.T.);
#6618=ORIENTED_EDGE('',*,*,#4576,.F.);
#6619=ORIENTED_EDGE('',*,*,#4598,.T.);
#6620=ORIENTED_EDGE('',*,*,#4613,.T.);
#6621=ORIENTED_EDGE('',*,*,#4623,.T.);
#6622=ORIENTED_EDGE('',*,*,#4619,.T.);
#6623=ORIENTED_EDGE('',*,*,#4614,.T.);
#6624=ORIENTED_EDGE('',*,*,#4622,.T.);
#6625=ORIENTED_EDGE('',*,*,#4600,.T.);
#6626=ORIENTED_EDGE('',*,*,#4604,.F.);
#6627=ORIENTED_EDGE('',*,*,#4593,.T.);
#6628=ORIENTED_EDGE('',*,*,#4603,.T.);
#6629=ORIENTED_EDGE('',*,*,#4634,.T.);
#6630=ORIENTED_EDGE('',*,*,#4630,.T.);
#6631=ORIENTED_EDGE('',*,*,#4625,.T.);
#6632=ORIENTED_EDGE('',*,*,#4633,.T.);
#6633=ORIENTED_EDGE('',*,*,#4646,.F.);
#6634=ORIENTED_EDGE('',*,*,#4644,.T.);
#6635=ORIENTED_EDGE('',*,*,#4609,.F.);
#6636=ORIENTED_EDGE('',*,*,#4647,.F.);
#6637=ORIENTED_EDGE('',*,*,#4648,.F.);
#6638=ORIENTED_EDGE('',*,*,#4647,.T.);
#6639=ORIENTED_EDGE('',*,*,#4608,.F.);
#6640=ORIENTED_EDGE('',*,*,#4649,.F.);
#6641=ORIENTED_EDGE('',*,*,#4650,.F.);
#6642=ORIENTED_EDGE('',*,*,#4649,.T.);
#6643=ORIENTED_EDGE('',*,*,#4607,.F.);
#6644=ORIENTED_EDGE('',*,*,#4651,.F.);
#6645=ORIENTED_EDGE('',*,*,#4652,.F.);
#6646=ORIENTED_EDGE('',*,*,#4651,.T.);
#6647=ORIENTED_EDGE('',*,*,#4606,.F.);
#6648=ORIENTED_EDGE('',*,*,#4653,.F.);
#6649=ORIENTED_EDGE('',*,*,#4546,.T.);
#6650=ORIENTED_EDGE('',*,*,#4562,.F.);
#6651=ORIENTED_EDGE('',*,*,#4654,.F.);
#6652=ORIENTED_EDGE('',*,*,#4653,.T.);
#6653=ORIENTED_EDGE('',*,*,#4605,.F.);
#6654=ORIENTED_EDGE('',*,*,#4557,.T.);
#6655=ORIENTED_EDGE('',*,*,#4559,.T.);
#6656=ORIENTED_EDGE('',*,*,#4611,.F.);
#6657=ORIENTED_EDGE('',*,*,#4527,.F.);
#6658=ORIENTED_EDGE('',*,*,#4522,.T.);
#6659=ORIENTED_EDGE('',*,*,#4582,.T.);
#6660=ORIENTED_EDGE('',*,*,#4548,.T.);
#6661=ORIENTED_EDGE('',*,*,#4550,.T.);
#6662=ORIENTED_EDGE('',*,*,#4581,.F.);
#6663=ORIENTED_EDGE('',*,*,#4525,.T.);
#6664=ORIENTED_EDGE('',*,*,#4545,.T.);
#6665=ORIENTED_EDGE('',*,*,#4574,.F.);
#6666=ORIENTED_EDGE('',*,*,#4555,.T.);
#6667=ORIENTED_EDGE('',*,*,#4561,.T.);
#6668=ORIENTED_EDGE('',*,*,#4573,.T.);
#6669=ORIENTED_EDGE('',*,*,#4643,.T.);
#6670=ORIENTED_EDGE('',*,*,#4641,.T.);
#6671=ORIENTED_EDGE('',*,*,#4639,.T.);
#6672=ORIENTED_EDGE('',*,*,#4636,.T.);
#6673=ORIENTED_EDGE('',*,*,#4645,.T.);
#6674=ORIENTED_EDGE('',*,*,#4646,.T.);
#6675=ORIENTED_EDGE('',*,*,#4648,.T.);
#6676=ORIENTED_EDGE('',*,*,#4650,.T.);
#6677=ORIENTED_EDGE('',*,*,#4652,.T.);
#6678=ORIENTED_EDGE('',*,*,#4654,.T.);
#6679=ORIENTED_EDGE('',*,*,#4150,.T.);
#6680=ORIENTED_EDGE('',*,*,#4147,.T.);
#6681=ORIENTED_EDGE('',*,*,#4154,.T.);
#6682=ORIENTED_EDGE('',*,*,#4156,.T.);
#6683=ORIENTED_EDGE('',*,*,#4162,.T.);
#6684=ORIENTED_EDGE('',*,*,#4159,.T.);
#6685=ORIENTED_EDGE('',*,*,#4166,.T.);
#6686=ORIENTED_EDGE('',*,*,#4168,.T.);
#6687=ORIENTED_EDGE('',*,*,#4174,.T.);
#6688=ORIENTED_EDGE('',*,*,#4171,.T.);
#6689=ORIENTED_EDGE('',*,*,#4178,.T.);
#6690=ORIENTED_EDGE('',*,*,#4180,.T.);
#6691=ORIENTED_EDGE('',*,*,#4186,.T.);
#6692=ORIENTED_EDGE('',*,*,#4183,.T.);
#6693=ORIENTED_EDGE('',*,*,#4190,.T.);
#6694=ORIENTED_EDGE('',*,*,#4192,.T.);
#6695=ORIENTED_EDGE('',*,*,#4198,.T.);
#6696=ORIENTED_EDGE('',*,*,#4195,.T.);
#6697=ORIENTED_EDGE('',*,*,#4202,.T.);
#6698=ORIENTED_EDGE('',*,*,#4204,.T.);
#6699=ORIENTED_EDGE('',*,*,#4210,.T.);
#6700=ORIENTED_EDGE('',*,*,#4207,.T.);
#6701=ORIENTED_EDGE('',*,*,#4214,.T.);
#6702=ORIENTED_EDGE('',*,*,#4216,.T.);
#6703=ORIENTED_EDGE('',*,*,#4222,.T.);
#6704=ORIENTED_EDGE('',*,*,#4219,.T.);
#6705=ORIENTED_EDGE('',*,*,#4226,.T.);
#6706=ORIENTED_EDGE('',*,*,#4228,.T.);
#6707=ORIENTED_EDGE('',*,*,#4234,.T.);
#6708=ORIENTED_EDGE('',*,*,#4231,.T.);
#6709=ORIENTED_EDGE('',*,*,#4238,.T.);
#6710=ORIENTED_EDGE('',*,*,#4240,.T.);
#6711=ORIENTED_EDGE('',*,*,#4246,.T.);
#6712=ORIENTED_EDGE('',*,*,#4243,.T.);
#6713=ORIENTED_EDGE('',*,*,#4250,.T.);
#6714=ORIENTED_EDGE('',*,*,#4252,.T.);
#6715=PLANE('',#7580);
#6716=PLANE('',#7581);
#6717=PLANE('',#7582);
#6718=PLANE('',#7583);
#6719=PLANE('',#7584);
#6720=PLANE('',#7585);
#6721=PLANE('',#7586);
#6722=PLANE('',#7587);
#6723=PLANE('',#7588);
#6724=PLANE('',#7589);
#6725=PLANE('',#7590);
#6726=PLANE('',#7591);
#6727=PLANE('',#7592);
#6728=PLANE('',#7593);
#6729=PLANE('',#7594);
#6730=PLANE('',#7595);
#6731=PLANE('',#7596);
#6732=PLANE('',#7597);
#6733=PLANE('',#7598);
#6734=PLANE('',#7599);
#6735=PLANE('',#7600);
#6736=PLANE('',#7601);
#6737=PLANE('',#7602);
#6738=PLANE('',#7603);
#6739=PLANE('',#7604);
#6740=PLANE('',#7605);
#6741=PLANE('',#7606);
#6742=PLANE('',#7607);
#6743=PLANE('',#7608);
#6744=PLANE('',#7609);
#6745=PLANE('',#7610);
#6746=PLANE('',#7611);
#6747=PLANE('',#7612);
#6748=PLANE('',#7613);
#6749=PLANE('',#7614);
#6750=PLANE('',#7615);
#6751=PLANE('',#7616);
#6752=PLANE('',#7617);
#6753=PLANE('',#7618);
#6754=PLANE('',#7619);
#6755=PLANE('',#7620);
#6756=PLANE('',#7621);
#6757=PLANE('',#7622);
#6758=PLANE('',#7623);
#6759=PLANE('',#7624);
#6760=PLANE('',#7625);
#6761=PLANE('',#7626);
#6762=PLANE('',#7627);
#6763=PLANE('',#7628);
#6764=PLANE('',#7629);
#6765=PLANE('',#7630);
#6766=PLANE('',#7631);
#6767=PLANE('',#7632);
#6768=PLANE('',#7633);
#6769=PLANE('',#7634);
#6770=PLANE('',#7635);
#6771=PLANE('',#7636);
#6772=PLANE('',#7637);
#6773=PLANE('',#7638);
#6774=PLANE('',#7639);
#6775=PLANE('',#7640);
#6776=PLANE('',#7641);
#6777=PLANE('',#7642);
#6778=PLANE('',#7643);
#6779=PLANE('',#7644);
#6780=PLANE('',#7645);
#6781=PLANE('',#7646);
#6782=PLANE('',#7647);
#6783=PLANE('',#7648);
#6784=PLANE('',#7649);
#6785=PLANE('',#7650);
#6786=PLANE('',#7651);
#6787=PLANE('',#7652);
#6788=PLANE('',#7653);
#6789=PLANE('',#7654);
#6790=PLANE('',#7655);
#6791=PLANE('',#7656);
#6792=PLANE('',#7657);
#6793=PLANE('',#7658);
#6794=PLANE('',#7659);
#6795=PLANE('',#7660);
#6796=PLANE('',#7661);
#6797=PLANE('',#7662);
#6798=PLANE('',#7663);
#6799=PLANE('',#7664);
#6800=PLANE('',#7665);
#6801=PLANE('',#7666);
#6802=PLANE('',#7667);
#6803=PLANE('',#7668);
#6804=PLANE('',#7669);
#6805=PLANE('',#7670);
#6806=PLANE('',#7671);
#6807=PLANE('',#7672);
#6808=PLANE('',#7673);
#6809=PLANE('',#7674);
#6810=PLANE('',#7675);
#6811=PLANE('',#7676);
#6812=PLANE('',#7677);
#6813=PLANE('',#7678);
#6814=PLANE('',#7679);
#6815=PLANE('',#7680);
#6816=PLANE('',#7681);
#6817=PLANE('',#7682);
#6818=PLANE('',#7683);
#6819=PLANE('',#7684);
#6820=PLANE('',#7685);
#6821=PLANE('',#7686);
#6822=PLANE('',#7687);
#6823=PLANE('',#7688);
#6824=PLANE('',#7689);
#6825=PLANE('',#7690);
#6826=PLANE('',#7691);
#6827=PLANE('',#7692);
#6828=PLANE('',#7693);
#6829=PLANE('',#7694);
#6830=PLANE('',#7695);
#6831=PLANE('',#7696);
#6832=PLANE('',#7697);
#6833=PLANE('',#7698);
#6834=PLANE('',#7699);
#6835=PLANE('',#7700);
#6836=PLANE('',#7701);
#6837=PLANE('',#7702);
#6838=PLANE('',#7703);
#6839=PLANE('',#7704);
#6840=PLANE('',#7705);
#6841=PLANE('',#7706);
#6842=PLANE('',#7707);
#6843=PLANE('',#7708);
#6844=PLANE('',#7709);
#6845=PLANE('',#7710);
#6846=PLANE('',#7711);
#6847=PLANE('',#7712);
#6848=PLANE('',#7713);
#6849=PLANE('',#7714);
#6850=PLANE('',#7715);
#6851=PLANE('',#7716);
#6852=PLANE('',#7717);
#6853=PLANE('',#7718);
#6854=PLANE('',#7719);
#6855=PLANE('',#7720);
#6856=PLANE('',#7721);
#6857=PLANE('',#7722);
#6858=PLANE('',#7723);
#6859=PLANE('',#7724);
#6860=PLANE('',#7725);
#6861=PLANE('',#7726);
#6862=PLANE('',#7727);
#6863=PLANE('',#7728);
#6864=PLANE('',#7729);
#6865=PLANE('',#7730);
#6866=PLANE('',#7731);
#6867=PLANE('',#7732);
#6868=PLANE('',#7733);
#6869=PLANE('',#7734);
#6870=PLANE('',#7735);
#6871=PLANE('',#7736);
#6872=PLANE('',#7737);
#6873=PLANE('',#7738);
#6874=PLANE('',#7739);
#6875=PLANE('',#7740);
#6876=PLANE('',#7741);
#6877=PLANE('',#7742);
#6878=PLANE('',#7743);
#6879=PLANE('',#7744);
#6880=PLANE('',#7745);
#6881=PLANE('',#7746);
#6882=PLANE('',#7747);
#6883=PLANE('',#7748);
#6884=PLANE('',#7749);
#6885=PLANE('',#7750);
#6886=PLANE('',#7751);
#6887=PLANE('',#7752);
#6888=PLANE('',#7753);
#6889=PLANE('',#7754);
#6890=PLANE('',#7755);
#6891=PLANE('',#7756);
#6892=PLANE('',#7757);
#6893=PLANE('',#7758);
#6894=PLANE('',#7759);
#6895=PLANE('',#7760);
#6896=PLANE('',#7761);
#6897=PLANE('',#7762);
#6898=PLANE('',#7763);
#6899=PLANE('',#7764);
#6900=PLANE('',#7765);
#6901=PLANE('',#7766);
#6902=PLANE('',#7767);
#6903=PLANE('',#7768);
#6904=PLANE('',#7769);
#6905=PLANE('',#7770);
#6906=PLANE('',#7771);
#6907=PLANE('',#7772);
#6908=PLANE('',#7773);
#6909=PLANE('',#7774);
#6910=PLANE('',#7775);
#6911=PLANE('',#7776);
#6912=PLANE('',#7777);
#6913=PLANE('',#7778);
#6914=PLANE('',#7779);
#6915=PLANE('',#7780);
#6916=PLANE('',#7781);
#6917=PLANE('',#7782);
#6918=PLANE('',#7783);
#6919=PLANE('',#7784);
#6920=PLANE('',#7785);
#6921=PLANE('',#7786);
#6922=PLANE('',#7787);
#6923=PLANE('',#7788);
#6924=PLANE('',#7789);
#6925=PLANE('',#7790);
#6926=PLANE('',#7791);
#6927=PLANE('',#7792);
#6928=PLANE('',#7793);
#6929=PLANE('',#7794);
#6930=PLANE('',#7795);
#6931=PLANE('',#7796);
#6932=PLANE('',#7797);
#6933=PLANE('',#7798);
#6934=PLANE('',#7799);
#6935=PLANE('',#7800);
#6936=PLANE('',#7801);
#6937=PLANE('',#7802);
#6938=PLANE('',#7803);
#6939=PLANE('',#7804);
#6940=PLANE('',#7805);
#6941=PLANE('',#7806);
#6942=PLANE('',#7807);
#6943=PLANE('',#7808);
#6944=PLANE('',#7809);
#6945=PLANE('',#7810);
#6946=PLANE('',#7811);
#6947=PLANE('',#7812);
#6948=PLANE('',#7813);
#6949=PLANE('',#7814);
#6950=PLANE('',#7815);
#6951=PLANE('',#7816);
#6952=PLANE('',#7817);
#6953=PLANE('',#7818);
#6954=PLANE('',#7819);
#6955=PLANE('',#7820);
#6956=PLANE('',#7821);
#6957=PLANE('',#7822);
#6958=PLANE('',#7823);
#6959=PLANE('',#7824);
#6960=PLANE('',#7825);
#6961=PLANE('',#7826);
#6962=PLANE('',#7827);
#6963=PLANE('',#7828);
#6964=PLANE('',#7829);
#6965=PLANE('',#7830);
#6966=PLANE('',#7831);
#6967=PLANE('',#7832);
#6968=PLANE('',#7833);
#6969=PLANE('',#7834);
#6970=PLANE('',#7835);
#6971=PLANE('',#7836);
#6972=PLANE('',#7837);
#6973=PLANE('',#7838);
#6974=PLANE('',#7839);
#6975=PLANE('',#7840);
#6976=PLANE('',#7841);
#6977=PLANE('',#7842);
#6978=PLANE('',#7843);
#6979=PLANE('',#7844);
#6980=PLANE('',#7845);
#6981=PLANE('',#7846);
#6982=PLANE('',#7847);
#6983=PLANE('',#7848);
#6984=PLANE('',#7849);
#6985=PLANE('',#7850);
#6986=PLANE('',#7851);
#6987=PLANE('',#7852);
#6988=PLANE('',#7853);
#6989=PLANE('',#7854);
#6990=PLANE('',#7855);
#6991=PLANE('',#7856);
#6992=PLANE('',#7857);
#6993=PLANE('',#7858);
#6994=PLANE('',#7859);
#6995=PLANE('',#7860);
#6996=PLANE('',#7861);
#6997=PLANE('',#7862);
#6998=PLANE('',#7863);
#6999=PLANE('',#7864);
#7000=PLANE('',#7865);
#7001=PLANE('',#7866);
#7002=PLANE('',#7867);
#7003=PLANE('',#7868);
#7004=PLANE('',#7869);
#7005=PLANE('',#7870);
#7006=PLANE('',#7871);
#7007=PLANE('',#7872);
#7008=PLANE('',#7873);
#7009=PLANE('',#7874);
#7010=PLANE('',#7875);
#7011=PLANE('',#7876);
#7012=PLANE('',#7877);
#7013=PLANE('',#7878);
#7014=PLANE('',#7879);
#7015=PLANE('',#7880);
#7016=PLANE('',#7881);
#7017=PLANE('',#7882);
#7018=PLANE('',#7883);
#7019=PLANE('',#7884);
#7020=PLANE('',#7885);
#7021=PLANE('',#7886);
#7022=PLANE('',#7887);
#7023=PLANE('',#7888);
#7024=PLANE('',#7889);
#7025=PLANE('',#7890);
#7026=PLANE('',#7891);
#7027=PLANE('',#7892);
#7028=PLANE('',#7893);
#7029=PLANE('',#7894);
#7030=PLANE('',#7895);
#7031=PLANE('',#7896);
#7032=PLANE('',#7897);
#7033=PLANE('',#7898);
#7034=PLANE('',#7899);
#7035=PLANE('',#7900);
#7036=PLANE('',#7901);
#7037=PLANE('',#7902);
#7038=PLANE('',#7903);
#7039=PLANE('',#7904);
#7040=PLANE('',#7905);
#7041=PLANE('',#7906);
#7042=PLANE('',#7907);
#7043=PLANE('',#7908);
#7044=PLANE('',#7909);
#7045=PLANE('',#7910);
#7046=PLANE('',#7911);
#7047=PLANE('',#7912);
#7048=PLANE('',#7913);
#7049=PLANE('',#7914);
#7050=PLANE('',#7915);
#7051=PLANE('',#7916);
#7052=PLANE('',#7917);
#7053=PLANE('',#7918);
#7054=PLANE('',#7919);
#7055=PLANE('',#7920);
#7056=PLANE('',#7921);
#7057=PLANE('',#7922);
#7058=PLANE('',#7923);
#7059=PLANE('',#7924);
#7060=PLANE('',#7925);
#7061=PLANE('',#7926);
#7062=PLANE('',#7927);
#7063=PLANE('',#7928);
#7064=PLANE('',#7929);
#7065=PLANE('',#7930);
#7066=PLANE('',#7931);
#7067=PLANE('',#7932);
#7068=PLANE('',#7933);
#7069=PLANE('',#7934);
#7070=PLANE('',#7935);
#7071=PLANE('',#7936);
#7072=PLANE('',#7937);
#7073=PLANE('',#7938);
#7074=PLANE('',#7939);
#7075=PLANE('',#7940);
#7076=PLANE('',#7941);
#7077=PLANE('',#7942);
#7078=PLANE('',#7943);
#7079=PLANE('',#7944);
#7080=PLANE('',#7945);
#7081=PLANE('',#7946);
#7082=PLANE('',#7947);
#7083=PLANE('',#7948);
#7084=PLANE('',#7949);
#7085=PLANE('',#7950);
#7086=PLANE('',#7951);
#7087=PLANE('',#7952);
#7088=PLANE('',#7953);
#7089=PLANE('',#7954);
#7090=PLANE('',#7955);
#7091=PLANE('',#7956);
#7092=PLANE('',#7957);
#7093=PLANE('',#7958);
#7094=PLANE('',#7959);
#7095=PLANE('',#7960);
#7096=PLANE('',#7961);
#7097=PLANE('',#7962);
#7098=PLANE('',#7963);
#7099=PLANE('',#7964);
#7100=PLANE('',#7965);
#7101=PLANE('',#7966);
#7102=PLANE('',#7967);
#7103=PLANE('',#7968);
#7104=PLANE('',#7969);
#7105=PLANE('',#7970);
#7106=PLANE('',#7971);
#7107=PLANE('',#7972);
#7108=PLANE('',#7973);
#7109=PLANE('',#7974);
#7110=PLANE('',#7975);
#7111=PLANE('',#7976);
#7112=PLANE('',#7977);
#7113=PLANE('',#7978);
#7114=PLANE('',#7979);
#7115=PLANE('',#7980);
#7116=PLANE('',#7981);
#7117=PLANE('',#7982);
#7118=PLANE('',#7983);
#7119=PLANE('',#7984);
#7120=PLANE('',#7985);
#7121=PLANE('',#7986);
#7122=PLANE('',#7987);
#7123=PLANE('',#7988);
#7124=PLANE('',#7989);
#7125=PLANE('',#7990);
#7126=PLANE('',#7991);
#7127=PLANE('',#7992);
#7128=PLANE('',#7993);
#7129=PLANE('',#7994);
#7130=ADVANCED_FACE('',(#74),#6715,.T.);
#7131=ADVANCED_FACE('',(#75),#6716,.T.);
#7132=ADVANCED_FACE('',(#76),#6717,.T.);
#7133=ADVANCED_FACE('',(#77),#6718,.T.);
#7134=ADVANCED_FACE('',(#78),#6719,.T.);
#7135=ADVANCED_FACE('',(#79),#6720,.F.);
#7136=ADVANCED_FACE('',(#80),#6721,.T.);
#7137=ADVANCED_FACE('',(#81),#6722,.T.);
#7138=ADVANCED_FACE('',(#82),#6723,.T.);
#7139=ADVANCED_FACE('',(#83),#6724,.T.);
#7140=ADVANCED_FACE('',(#84),#6725,.T.);
#7141=ADVANCED_FACE('',(#85),#6726,.T.);
#7142=ADVANCED_FACE('',(#86),#6727,.T.);
#7143=ADVANCED_FACE('',(#87),#6728,.T.);
#7144=ADVANCED_FACE('',(#88),#6729,.T.);
#7145=ADVANCED_FACE('',(#89),#6730,.T.);
#7146=ADVANCED_FACE('',(#90),#6731,.T.);
#7147=ADVANCED_FACE('',(#91),#6732,.F.);
#7148=ADVANCED_FACE('',(#92),#6733,.T.);
#7149=ADVANCED_FACE('',(#93),#6734,.T.);
#7150=ADVANCED_FACE('',(#94),#6735,.T.);
#7151=ADVANCED_FACE('',(#95),#6736,.T.);
#7152=ADVANCED_FACE('',(#96),#6737,.T.);
#7153=ADVANCED_FACE('',(#97),#6738,.T.);
#7154=ADVANCED_FACE('',(#98),#6739,.T.);
#7155=ADVANCED_FACE('',(#99),#6740,.T.);
#7156=ADVANCED_FACE('',(#100),#6741,.T.);
#7157=ADVANCED_FACE('',(#101),#6742,.T.);
#7158=ADVANCED_FACE('',(#102),#6743,.T.);
#7159=ADVANCED_FACE('',(#103),#6744,.F.);
#7160=ADVANCED_FACE('',(#104),#6745,.T.);
#7161=ADVANCED_FACE('',(#105),#6746,.T.);
#7162=ADVANCED_FACE('',(#106),#6747,.T.);
#7163=ADVANCED_FACE('',(#107),#6748,.T.);
#7164=ADVANCED_FACE('',(#108),#6749,.T.);
#7165=ADVANCED_FACE('',(#109),#6750,.T.);
#7166=ADVANCED_FACE('',(#110),#6751,.T.);
#7167=ADVANCED_FACE('',(#111),#6752,.T.);
#7168=ADVANCED_FACE('',(#112),#6753,.T.);
#7169=ADVANCED_FACE('',(#113),#6754,.T.);
#7170=ADVANCED_FACE('',(#114),#6755,.T.);
#7171=ADVANCED_FACE('',(#115),#6756,.F.);
#7172=ADVANCED_FACE('',(#116),#6757,.T.);
#7173=ADVANCED_FACE('',(#117),#6758,.T.);
#7174=ADVANCED_FACE('',(#118),#6759,.T.);
#7175=ADVANCED_FACE('',(#119),#6760,.T.);
#7176=ADVANCED_FACE('',(#120),#6761,.T.);
#7177=ADVANCED_FACE('',(#121),#6762,.T.);
#7178=ADVANCED_FACE('',(#122),#6763,.T.);
#7179=ADVANCED_FACE('',(#123),#6764,.T.);
#7180=ADVANCED_FACE('',(#124),#6765,.T.);
#7181=ADVANCED_FACE('',(#125),#6766,.T.);
#7182=ADVANCED_FACE('',(#126),#6767,.T.);
#7183=ADVANCED_FACE('',(#127),#6768,.F.);
#7184=ADVANCED_FACE('',(#128),#6769,.T.);
#7185=ADVANCED_FACE('',(#129),#6770,.T.);
#7186=ADVANCED_FACE('',(#130),#6771,.T.);
#7187=ADVANCED_FACE('',(#131),#6772,.T.);
#7188=ADVANCED_FACE('',(#132),#6773,.T.);
#7189=ADVANCED_FACE('',(#133),#6774,.T.);
#7190=ADVANCED_FACE('',(#134),#6775,.T.);
#7191=ADVANCED_FACE('',(#135),#6776,.T.);
#7192=ADVANCED_FACE('',(#136),#6777,.T.);
#7193=ADVANCED_FACE('',(#137),#6778,.T.);
#7194=ADVANCED_FACE('',(#138),#6779,.T.);
#7195=ADVANCED_FACE('',(#139),#6780,.F.);
#7196=ADVANCED_FACE('',(#140),#6781,.T.);
#7197=ADVANCED_FACE('',(#141),#6782,.T.);
#7198=ADVANCED_FACE('',(#142),#6783,.T.);
#7199=ADVANCED_FACE('',(#143),#6784,.T.);
#7200=ADVANCED_FACE('',(#144),#6785,.T.);
#7201=ADVANCED_FACE('',(#145),#6786,.T.);
#7202=ADVANCED_FACE('',(#146),#6787,.T.);
#7203=ADVANCED_FACE('',(#147),#6788,.T.);
#7204=ADVANCED_FACE('',(#148),#6789,.T.);
#7205=ADVANCED_FACE('',(#149),#6790,.T.);
#7206=ADVANCED_FACE('',(#150),#6791,.T.);
#7207=ADVANCED_FACE('',(#151),#6792,.F.);
#7208=ADVANCED_FACE('',(#152),#6793,.T.);
#7209=ADVANCED_FACE('',(#153),#6794,.T.);
#7210=ADVANCED_FACE('',(#154),#6795,.T.);
#7211=ADVANCED_FACE('',(#155),#6796,.T.);
#7212=ADVANCED_FACE('',(#156),#6797,.T.);
#7213=ADVANCED_FACE('',(#157),#6798,.T.);
#7214=ADVANCED_FACE('',(#158),#6799,.T.);
#7215=ADVANCED_FACE('',(#159),#6800,.T.);
#7216=ADVANCED_FACE('',(#160),#6801,.T.);
#7217=ADVANCED_FACE('',(#161),#6802,.T.);
#7218=ADVANCED_FACE('',(#162),#6803,.T.);
#7219=ADVANCED_FACE('',(#163),#6804,.F.);
#7220=ADVANCED_FACE('',(#164),#6805,.T.);
#7221=ADVANCED_FACE('',(#165),#6806,.T.);
#7222=ADVANCED_FACE('',(#166),#6807,.T.);
#7223=ADVANCED_FACE('',(#167),#6808,.T.);
#7224=ADVANCED_FACE('',(#168),#6809,.T.);
#7225=ADVANCED_FACE('',(#169),#6810,.T.);
#7226=ADVANCED_FACE('',(#170),#6811,.T.);
#7227=ADVANCED_FACE('',(#171),#6812,.T.);
#7228=ADVANCED_FACE('',(#172),#6813,.T.);
#7229=ADVANCED_FACE('',(#173),#6814,.T.);
#7230=ADVANCED_FACE('',(#174),#6815,.T.);
#7231=ADVANCED_FACE('',(#175),#6816,.F.);
#7232=ADVANCED_FACE('',(#176),#6817,.T.);
#7233=ADVANCED_FACE('',(#177),#6818,.T.);
#7234=ADVANCED_FACE('',(#178),#6819,.T.);
#7235=ADVANCED_FACE('',(#179),#6820,.T.);
#7236=ADVANCED_FACE('',(#180),#6821,.T.);
#7237=ADVANCED_FACE('',(#181),#6822,.T.);
#7238=ADVANCED_FACE('',(#182),#6823,.T.);
#7239=ADVANCED_FACE('',(#183),#6824,.T.);
#7240=ADVANCED_FACE('',(#184),#6825,.T.);
#7241=ADVANCED_FACE('',(#185),#6826,.T.);
#7242=ADVANCED_FACE('',(#186),#6827,.T.);
#7243=ADVANCED_FACE('',(#187),#6828,.F.);
#7244=ADVANCED_FACE('',(#188),#6829,.T.);
#7245=ADVANCED_FACE('',(#189),#6830,.T.);
#7246=ADVANCED_FACE('',(#190),#6831,.T.);
#7247=ADVANCED_FACE('',(#191),#6832,.T.);
#7248=ADVANCED_FACE('',(#192),#6833,.T.);
#7249=ADVANCED_FACE('',(#193),#6834,.T.);
#7250=ADVANCED_FACE('',(#194),#6835,.T.);
#7251=ADVANCED_FACE('',(#195),#6836,.T.);
#7252=ADVANCED_FACE('',(#196),#6837,.T.);
#7253=ADVANCED_FACE('',(#197),#6838,.T.);
#7254=ADVANCED_FACE('',(#198),#6839,.T.);
#7255=ADVANCED_FACE('',(#199),#6840,.F.);
#7256=ADVANCED_FACE('',(#200),#6841,.T.);
#7257=ADVANCED_FACE('',(#201),#6842,.T.);
#7258=ADVANCED_FACE('',(#202),#6843,.T.);
#7259=ADVANCED_FACE('',(#203),#6844,.T.);
#7260=ADVANCED_FACE('',(#204),#6845,.T.);
#7261=ADVANCED_FACE('',(#205),#6846,.T.);
#7262=ADVANCED_FACE('',(#206),#6847,.T.);
#7263=ADVANCED_FACE('',(#207),#6848,.T.);
#7264=ADVANCED_FACE('',(#208),#6849,.T.);
#7265=ADVANCED_FACE('',(#209),#6850,.T.);
#7266=ADVANCED_FACE('',(#210),#6851,.T.);
#7267=ADVANCED_FACE('',(#211),#6852,.F.);
#7268=ADVANCED_FACE('',(#212),#6853,.T.);
#7269=ADVANCED_FACE('',(#213),#6854,.T.);
#7270=ADVANCED_FACE('',(#214),#6855,.T.);
#7271=ADVANCED_FACE('',(#215),#6856,.T.);
#7272=ADVANCED_FACE('',(#216),#6857,.T.);
#7273=ADVANCED_FACE('',(#217),#6858,.T.);
#7274=ADVANCED_FACE('',(#218),#6859,.T.);
#7275=ADVANCED_FACE('',(#219),#6860,.T.);
#7276=ADVANCED_FACE('',(#220),#6861,.T.);
#7277=ADVANCED_FACE('',(#221),#6862,.T.);
#7278=ADVANCED_FACE('',(#222),#6863,.T.);
#7279=ADVANCED_FACE('',(#223),#6864,.F.);
#7280=ADVANCED_FACE('',(#224),#6865,.T.);
#7281=ADVANCED_FACE('',(#225),#6866,.T.);
#7282=ADVANCED_FACE('',(#226),#6867,.T.);
#7283=ADVANCED_FACE('',(#227),#6868,.T.);
#7284=ADVANCED_FACE('',(#228),#6869,.T.);
#7285=ADVANCED_FACE('',(#229),#6870,.T.);
#7286=ADVANCED_FACE('',(#230),#6871,.T.);
#7287=ADVANCED_FACE('',(#231),#6872,.T.);
#7288=ADVANCED_FACE('',(#232),#6873,.T.);
#7289=ADVANCED_FACE('',(#233),#6874,.T.);
#7290=ADVANCED_FACE('',(#234),#6875,.T.);
#7291=ADVANCED_FACE('',(#235),#6876,.F.);
#7292=ADVANCED_FACE('',(#236),#6877,.T.);
#7293=ADVANCED_FACE('',(#237),#6878,.T.);
#7294=ADVANCED_FACE('',(#238),#6879,.T.);
#7295=ADVANCED_FACE('',(#239),#6880,.T.);
#7296=ADVANCED_FACE('',(#240),#6881,.T.);
#7297=ADVANCED_FACE('',(#241),#6882,.T.);
#7298=ADVANCED_FACE('',(#242),#6883,.T.);
#7299=ADVANCED_FACE('',(#243),#6884,.T.);
#7300=ADVANCED_FACE('',(#244),#6885,.T.);
#7301=ADVANCED_FACE('',(#245),#6886,.T.);
#7302=ADVANCED_FACE('',(#246),#6887,.T.);
#7303=ADVANCED_FACE('',(#247),#6888,.F.);
#7304=ADVANCED_FACE('',(#248),#6889,.T.);
#7305=ADVANCED_FACE('',(#249),#6890,.T.);
#7306=ADVANCED_FACE('',(#250),#6891,.T.);
#7307=ADVANCED_FACE('',(#251),#6892,.T.);
#7308=ADVANCED_FACE('',(#252),#6893,.T.);
#7309=ADVANCED_FACE('',(#253),#6894,.T.);
#7310=ADVANCED_FACE('',(#254),#6895,.T.);
#7311=ADVANCED_FACE('',(#255),#6896,.T.);
#7312=ADVANCED_FACE('',(#256),#6897,.T.);
#7313=ADVANCED_FACE('',(#257),#6898,.T.);
#7314=ADVANCED_FACE('',(#258),#6899,.T.);
#7315=ADVANCED_FACE('',(#259),#6900,.F.);
#7316=ADVANCED_FACE('',(#260),#6901,.T.);
#7317=ADVANCED_FACE('',(#261),#6902,.T.);
#7318=ADVANCED_FACE('',(#262),#6903,.T.);
#7319=ADVANCED_FACE('',(#263),#6904,.T.);
#7320=ADVANCED_FACE('',(#264),#6905,.T.);
#7321=ADVANCED_FACE('',(#265),#6906,.T.);
#7322=ADVANCED_FACE('',(#266),#6907,.T.);
#7323=ADVANCED_FACE('',(#267),#6908,.T.);
#7324=ADVANCED_FACE('',(#268),#6909,.T.);
#7325=ADVANCED_FACE('',(#269),#6910,.T.);
#7326=ADVANCED_FACE('',(#270),#6911,.T.);
#7327=ADVANCED_FACE('',(#271),#6912,.F.);
#7328=ADVANCED_FACE('',(#272),#6913,.T.);
#7329=ADVANCED_FACE('',(#273),#6914,.T.);
#7330=ADVANCED_FACE('',(#274),#6915,.T.);
#7331=ADVANCED_FACE('',(#275),#6916,.T.);
#7332=ADVANCED_FACE('',(#276),#6917,.T.);
#7333=ADVANCED_FACE('',(#277),#6918,.T.);
#7334=ADVANCED_FACE('',(#278),#6919,.T.);
#7335=ADVANCED_FACE('',(#279),#6920,.T.);
#7336=ADVANCED_FACE('',(#280),#6921,.T.);
#7337=ADVANCED_FACE('',(#281),#6922,.T.);
#7338=ADVANCED_FACE('',(#282),#6923,.T.);
#7339=ADVANCED_FACE('',(#283),#6924,.F.);
#7340=ADVANCED_FACE('',(#284),#6925,.T.);
#7341=ADVANCED_FACE('',(#285),#6926,.T.);
#7342=ADVANCED_FACE('',(#286),#6927,.T.);
#7343=ADVANCED_FACE('',(#287),#6928,.T.);
#7344=ADVANCED_FACE('',(#288),#6929,.T.);
#7345=ADVANCED_FACE('',(#289),#6930,.T.);
#7346=ADVANCED_FACE('',(#290),#6931,.T.);
#7347=ADVANCED_FACE('',(#291),#6932,.T.);
#7348=ADVANCED_FACE('',(#292),#6933,.T.);
#7349=ADVANCED_FACE('',(#293),#6934,.T.);
#7350=ADVANCED_FACE('',(#294),#6935,.T.);
#7351=ADVANCED_FACE('',(#295),#6936,.F.);
#7352=ADVANCED_FACE('',(#296),#6937,.T.);
#7353=ADVANCED_FACE('',(#297),#6938,.T.);
#7354=ADVANCED_FACE('',(#298),#6939,.T.);
#7355=ADVANCED_FACE('',(#299),#6940,.T.);
#7356=ADVANCED_FACE('',(#300),#6941,.T.);
#7357=ADVANCED_FACE('',(#301),#6942,.T.);
#7358=ADVANCED_FACE('',(#302),#6943,.T.);
#7359=ADVANCED_FACE('',(#303),#6944,.T.);
#7360=ADVANCED_FACE('',(#304),#6945,.T.);
#7361=ADVANCED_FACE('',(#305),#6946,.T.);
#7362=ADVANCED_FACE('',(#306),#6947,.T.);
#7363=ADVANCED_FACE('',(#307),#6948,.F.);
#7364=ADVANCED_FACE('',(#308),#6949,.T.);
#7365=ADVANCED_FACE('',(#309),#6950,.T.);
#7366=ADVANCED_FACE('',(#310),#6951,.T.);
#7367=ADVANCED_FACE('',(#311),#6952,.T.);
#7368=ADVANCED_FACE('',(#312),#6953,.T.);
#7369=ADVANCED_FACE('',(#313),#6954,.T.);
#7370=ADVANCED_FACE('',(#314),#6955,.F.);
#7371=ADVANCED_FACE('',(#315),#6956,.F.);
#7372=ADVANCED_FACE('',(#316),#6957,.F.);
#7373=ADVANCED_FACE('',(#317),#6958,.F.);
#7374=ADVANCED_FACE('',(#318),#6959,.F.);
#7375=ADVANCED_FACE('',(#319),#6960,.F.);
#7376=ADVANCED_FACE('',(#320),#6961,.F.);
#7377=ADVANCED_FACE('',(#321),#6962,.F.);
#7378=ADVANCED_FACE('',(#322),#6963,.F.);
#7379=ADVANCED_FACE('',(#323),#6964,.F.);
#7380=ADVANCED_FACE('',(#324),#6965,.F.);
#7381=ADVANCED_FACE('',(#325),#6966,.F.);
#7382=ADVANCED_FACE('',(#326),#6967,.F.);
#7383=ADVANCED_FACE('',(#327),#6968,.F.);
#7384=ADVANCED_FACE('',(#328),#6969,.F.);
#7385=ADVANCED_FACE('',(#329),#6970,.F.);
#7386=ADVANCED_FACE('',(#330),#6971,.F.);
#7387=ADVANCED_FACE('',(#331),#6972,.F.);
#7388=ADVANCED_FACE('',(#332),#6973,.F.);
#7389=ADVANCED_FACE('',(#333),#6974,.F.);
#7390=ADVANCED_FACE('',(#334),#6975,.F.);
#7391=ADVANCED_FACE('',(#335),#6976,.F.);
#7392=ADVANCED_FACE('',(#336),#6977,.F.);
#7393=ADVANCED_FACE('',(#337),#6978,.F.);
#7394=ADVANCED_FACE('',(#338),#6979,.F.);
#7395=ADVANCED_FACE('',(#339),#6980,.F.);
#7396=ADVANCED_FACE('',(#340),#6981,.F.);
#7397=ADVANCED_FACE('',(#341),#6982,.F.);
#7398=ADVANCED_FACE('',(#342),#6983,.F.);
#7399=ADVANCED_FACE('',(#343),#6984,.F.);
#7400=ADVANCED_FACE('',(#344),#6985,.F.);
#7401=ADVANCED_FACE('',(#345),#6986,.F.);
#7402=ADVANCED_FACE('',(#346),#6987,.F.);
#7403=ADVANCED_FACE('',(#347),#6988,.F.);
#7404=ADVANCED_FACE('',(#348),#6989,.F.);
#7405=ADVANCED_FACE('',(#349),#6990,.F.);
#7406=ADVANCED_FACE('',(#350),#6991,.F.);
#7407=ADVANCED_FACE('',(#351),#6992,.F.);
#7408=ADVANCED_FACE('',(#352),#6993,.F.);
#7409=ADVANCED_FACE('',(#353),#6994,.F.);
#7410=ADVANCED_FACE('',(#354),#6995,.F.);
#7411=ADVANCED_FACE('',(#355),#6996,.F.);
#7412=ADVANCED_FACE('',(#356),#6997,.F.);
#7413=ADVANCED_FACE('',(#357),#6998,.F.);
#7414=ADVANCED_FACE('',(#358),#6999,.F.);
#7415=ADVANCED_FACE('',(#359),#7000,.F.);
#7416=ADVANCED_FACE('',(#360),#7001,.F.);
#7417=ADVANCED_FACE('',(#361),#7002,.F.);
#7418=ADVANCED_FACE('',(#362),#7003,.F.);
#7419=ADVANCED_FACE('',(#363),#7004,.F.);
#7420=ADVANCED_FACE('',(#364),#7005,.F.);
#7421=ADVANCED_FACE('',(#365),#7006,.F.);
#7422=ADVANCED_FACE('',(#366),#7007,.F.);
#7423=ADVANCED_FACE('',(#367),#7008,.F.);
#7424=ADVANCED_FACE('',(#368),#7009,.F.);
#7425=ADVANCED_FACE('',(#369),#7010,.F.);
#7426=ADVANCED_FACE('',(#370),#7011,.F.);
#7427=ADVANCED_FACE('',(#371),#7012,.F.);
#7428=ADVANCED_FACE('',(#372),#7013,.F.);
#7429=ADVANCED_FACE('',(#373),#7014,.F.);
#7430=ADVANCED_FACE('',(#374),#7015,.F.);
#7431=ADVANCED_FACE('',(#375),#7016,.F.);
#7432=ADVANCED_FACE('',(#376),#7017,.F.);
#7433=ADVANCED_FACE('',(#377),#7018,.F.);
#7434=ADVANCED_FACE('',(#378),#7019,.F.);
#7435=ADVANCED_FACE('',(#379),#7020,.F.);
#7436=ADVANCED_FACE('',(#380),#7021,.F.);
#7437=ADVANCED_FACE('',(#381),#7022,.F.);
#7438=ADVANCED_FACE('',(#382),#7023,.F.);
#7439=ADVANCED_FACE('',(#383),#7024,.F.);
#7440=ADVANCED_FACE('',(#384),#7025,.F.);
#7441=ADVANCED_FACE('',(#385),#7026,.F.);
#7442=ADVANCED_FACE('',(#386),#7027,.F.);
#7443=ADVANCED_FACE('',(#387),#7028,.F.);
#7444=ADVANCED_FACE('',(#388),#7029,.F.);
#7445=ADVANCED_FACE('',(#389),#7030,.F.);
#7446=ADVANCED_FACE('',(#390),#7031,.F.);
#7447=ADVANCED_FACE('',(#391),#7032,.F.);
#7448=ADVANCED_FACE('',(#392),#7033,.F.);
#7449=ADVANCED_FACE('',(#393),#7034,.F.);
#7450=ADVANCED_FACE('',(#394),#7035,.F.);
#7451=ADVANCED_FACE('',(#395),#7036,.F.);
#7452=ADVANCED_FACE('',(#396),#7037,.F.);
#7453=ADVANCED_FACE('',(#397),#7038,.F.);
#7454=ADVANCED_FACE('',(#398),#7039,.F.);
#7455=ADVANCED_FACE('',(#399),#7040,.F.);
#7456=ADVANCED_FACE('',(#400),#7041,.F.);
#7457=ADVANCED_FACE('',(#401),#7042,.F.);
#7458=ADVANCED_FACE('',(#402),#7043,.F.);
#7459=ADVANCED_FACE('',(#403),#7044,.F.);
#7460=ADVANCED_FACE('',(#404),#7045,.F.);
#7461=ADVANCED_FACE('',(#405),#7046,.F.);
#7462=ADVANCED_FACE('',(#406),#7047,.F.);
#7463=ADVANCED_FACE('',(#407),#7048,.F.);
#7464=ADVANCED_FACE('',(#408),#7049,.F.);
#7465=ADVANCED_FACE('',(#409),#7050,.F.);
#7466=ADVANCED_FACE('',(#410),#7051,.F.);
#7467=ADVANCED_FACE('',(#411),#7052,.F.);
#7468=ADVANCED_FACE('',(#412),#7053,.F.);
#7469=ADVANCED_FACE('',(#413),#7054,.F.);
#7470=ADVANCED_FACE('',(#414),#7055,.F.);
#7471=ADVANCED_FACE('',(#415),#7056,.F.);
#7472=ADVANCED_FACE('',(#416),#7057,.F.);
#7473=ADVANCED_FACE('',(#417),#7058,.F.);
#7474=ADVANCED_FACE('',(#418),#7059,.F.);
#7475=ADVANCED_FACE('',(#419),#7060,.F.);
#7476=ADVANCED_FACE('',(#420),#7061,.F.);
#7477=ADVANCED_FACE('',(#421),#7062,.F.);
#7478=ADVANCED_FACE('',(#422),#7063,.F.);
#7479=ADVANCED_FACE('',(#423),#7064,.F.);
#7480=ADVANCED_FACE('',(#424),#7065,.F.);
#7481=ADVANCED_FACE('',(#425),#7066,.F.);
#7482=ADVANCED_FACE('',(#426),#7067,.F.);
#7483=ADVANCED_FACE('',(#427),#7068,.F.);
#7484=ADVANCED_FACE('',(#428),#7069,.F.);
#7485=ADVANCED_FACE('',(#429),#7070,.F.);
#7486=ADVANCED_FACE('',(#430),#7071,.F.);
#7487=ADVANCED_FACE('',(#431),#7072,.F.);
#7488=ADVANCED_FACE('',(#432),#7073,.F.);
#7489=ADVANCED_FACE('',(#433),#7074,.F.);
#7490=ADVANCED_FACE('',(#434),#7075,.F.);
#7491=ADVANCED_FACE('',(#435),#7076,.F.);
#7492=ADVANCED_FACE('',(#436),#7077,.F.);
#7493=ADVANCED_FACE('',(#437),#7078,.F.);
#7494=ADVANCED_FACE('',(#438),#7079,.F.);
#7495=ADVANCED_FACE('',(#439),#7080,.F.);
#7496=ADVANCED_FACE('',(#440),#7081,.F.);
#7497=ADVANCED_FACE('',(#441),#7082,.F.);
#7498=ADVANCED_FACE('',(#442),#7083,.F.);
#7499=ADVANCED_FACE('',(#443),#7084,.F.);
#7500=ADVANCED_FACE('',(#444),#7085,.T.);
#7501=ADVANCED_FACE('',(#445),#7086,.F.);
#7502=ADVANCED_FACE('',(#446),#7087,.F.);
#7503=ADVANCED_FACE('',(#447),#7088,.F.);
#7504=ADVANCED_FACE('',(#448,#15,#16),#7089,.T.);
#7505=ADVANCED_FACE('',(#449),#7090,.T.);
#7506=ADVANCED_FACE('',(#450),#7091,.T.);
#7507=ADVANCED_FACE('',(#451,#17,#18),#7092,.T.);
#7508=ADVANCED_FACE('',(#452),#7093,.F.);
#7509=ADVANCED_FACE('',(#453),#7094,.F.);
#7510=ADVANCED_FACE('',(#454),#7095,.F.);
#7511=ADVANCED_FACE('',(#455),#7096,.F.);
#7512=ADVANCED_FACE('',(#456),#7097,.F.);
#7513=ADVANCED_FACE('',(#457),#7098,.T.);
#7514=ADVANCED_FACE('',(#458),#7099,.T.);
#7515=ADVANCED_FACE('',(#459),#7100,.F.);
#7516=ADVANCED_FACE('',(#460),#7101,.F.);
#7517=ADVANCED_FACE('',(#461),#7102,.F.);
#7518=ADVANCED_FACE('',(#462),#7103,.F.);
#7519=ADVANCED_FACE('',(#463),#7104,.F.);
#7520=ADVANCED_FACE('',(#464),#7105,.F.);
#7521=ADVANCED_FACE('',(#465),#7106,.F.);
#7522=ADVANCED_FACE('',(#466),#7107,.F.);
#7523=ADVANCED_FACE('',(#467),#7108,.F.);
#7524=ADVANCED_FACE('',(#468),#7109,.F.);
#7525=ADVANCED_FACE('',(#469),#7110,.F.);
#7526=ADVANCED_FACE('',(#470),#7111,.F.);
#7527=ADVANCED_FACE('',(#471),#7112,.F.);
#7528=ADVANCED_FACE('',(#472),#7113,.F.);
#7529=ADVANCED_FACE('',(#473),#7114,.F.);
#7530=ADVANCED_FACE('',(#474),#7115,.F.);
#7531=ADVANCED_FACE('',(#475),#7116,.F.);
#7532=ADVANCED_FACE('',(#476),#7117,.T.);
#7533=ADVANCED_FACE('',(#477),#7118,.T.);
#7534=ADVANCED_FACE('',(#478),#7119,.T.);
#7535=ADVANCED_FACE('',(#479),#7120,.T.);
#7536=ADVANCED_FACE('',(#480),#7121,.T.);
#7537=ADVANCED_FACE('',(#481),#7122,.T.);
#7538=ADVANCED_FACE('',(#482),#7123,.T.);
#7539=ADVANCED_FACE('',(#483),#7124,.T.);
#7540=ADVANCED_FACE('',(#484),#7125,.T.);
#7541=ADVANCED_FACE('',(#485),#7126,.T.);
#7542=ADVANCED_FACE('',(#486),#7127,.T.);
#7543=ADVANCED_FACE('',(#487),#7128,.T.);
#7544=ADVANCED_FACE('',(#488,#19,#20,#21,#22,#23,#24,#25,#26,#27),#7129,
 .T.);
#7545=CLOSED_SHELL('',(#7130,#7131,#7132,#7133,#7134,#7135,#7136,#7137,
#7138,#7139,#7140,#7141));
#7546=CLOSED_SHELL('',(#7142,#7143,#7144,#7145,#7146,#7147,#7148,#7149,
#7150,#7151,#7152,#7153));
#7547=CLOSED_SHELL('',(#7154,#7155,#7156,#7157,#7158,#7159,#7160,#7161,
#7162,#7163,#7164,#7165));
#7548=CLOSED_SHELL('',(#7166,#7167,#7168,#7169,#7170,#7171,#7172,#7173,
#7174,#7175,#7176,#7177));
#7549=CLOSED_SHELL('',(#7178,#7179,#7180,#7181,#7182,#7183,#7184,#7185,
#7186,#7187,#7188,#7189));
#7550=CLOSED_SHELL('',(#7190,#7191,#7192,#7193,#7194,#7195,#7196,#7197,
#7198,#7199,#7200,#7201));
#7551=CLOSED_SHELL('',(#7202,#7203,#7204,#7205,#7206,#7207,#7208,#7209,
#7210,#7211,#7212,#7213));
#7552=CLOSED_SHELL('',(#7214,#7215,#7216,#7217,#7218,#7219,#7220,#7221,
#7222,#7223,#7224,#7225));
#7553=CLOSED_SHELL('',(#7226,#7227,#7228,#7229,#7230,#7231,#7232,#7233,
#7234,#7235,#7236,#7237));
#7554=CLOSED_SHELL('',(#7238,#7239,#7240,#7241,#7242,#7243,#7244,#7245,
#7246,#7247,#7248,#7249));
#7555=CLOSED_SHELL('',(#7250,#7251,#7252,#7253,#7254,#7255,#7256,#7257,
#7258,#7259,#7260,#7261));
#7556=CLOSED_SHELL('',(#7262,#7263,#7264,#7265,#7266,#7267,#7268,#7269,
#7270,#7271,#7272,#7273));
#7557=CLOSED_SHELL('',(#7274,#7275,#7276,#7277,#7278,#7279,#7280,#7281,
#7282,#7283,#7284,#7285));
#7558=CLOSED_SHELL('',(#7286,#7287,#7288,#7289,#7290,#7291,#7292,#7293,
#7294,#7295,#7296,#7297));
#7559=CLOSED_SHELL('',(#7298,#7299,#7300,#7301,#7302,#7303,#7304,#7305,
#7306,#7307,#7308,#7309));
#7560=CLOSED_SHELL('',(#7310,#7311,#7312,#7313,#7314,#7315,#7316,#7317,
#7318,#7319,#7320,#7321));
#7561=CLOSED_SHELL('',(#7322,#7323,#7324,#7325,#7326,#7327,#7328,#7329,
#7330,#7331,#7332,#7333));
#7562=CLOSED_SHELL('',(#7334,#7335,#7336,#7337,#7338,#7339,#7340,#7341,
#7342,#7343,#7344,#7345));
#7563=CLOSED_SHELL('',(#7346,#7347,#7348,#7349,#7350,#7351,#7352,#7353,
#7354,#7355,#7356,#7357));
#7564=CLOSED_SHELL('',(#7358,#7359,#7360,#7361,#7362,#7363,#7364,#7365,
#7366,#7367,#7368,#7369));
#7565=CLOSED_SHELL('',(#7370,#7371,#7372,#7373,#7374,#7375,#7376,#7377,
#7378,#7379,#7380,#7381,#7382,#7383,#7384,#7385,#7386,#7387,#7388,#7389,
#7390,#7391,#7392,#7393,#7394,#7395,#7396,#7397,#7398,#7399,#7400,#7401,
#7402,#7403,#7404,#7405,#7406,#7407,#7408,#7409,#7410,#7411,#7412,#7413,
#7414,#7415,#7416,#7417,#7418,#7419,#7420,#7421,#7422,#7423,#7424,#7425,
#7426,#7427,#7428,#7429,#7430,#7431,#7432,#7433,#7434,#7435,#7436,#7437,
#7438,#7439,#7440,#7441,#7442,#7443,#7444,#7445,#7446,#7447,#7448,#7449,
#7450,#7451,#7452,#7453,#7454,#7455,#7456,#7457,#7458,#7459,#7460,#7461,
#7462,#7463,#7464,#7465,#7466,#7467,#7468,#7469,#7470,#7471,#7472,#7473,
#7474,#7475,#7476,#7477,#7478,#7479,#7480,#7481,#7482,#7483,#7484,#7485,
#7486,#7487,#7488,#7489,#7490,#7491,#7492,#7493,#7494,#7495,#7496,#7497,
#7498,#7499,#7500,#7501,#7502,#7503,#7504,#7505,#7506,#7507,#7508,#7509,
#7510,#7511,#7512,#7513,#7514,#7515,#7516,#7517,#7518,#7519,#7520,#7521,
#7522,#7523,#7524,#7525,#7526,#7527,#7528,#7529,#7530,#7531,#7532,#7533,
#7534,#7535,#7536,#7537,#7538,#7539,#7540,#7541,#7542,#7543,#7544));
#7566=DERIVED_UNIT_ELEMENT(#7568,1.);
#7567=DERIVED_UNIT_ELEMENT(#11965,3.);
#7568=(
MASS_UNIT()
NAMED_UNIT(*)
SI_UNIT(.KILO.,.GRAM.)
);
#7569=DERIVED_UNIT((#7566,#7567));
#7570=MEASURE_REPRESENTATION_ITEM('density measure',
POSITIVE_RATIO_MEASURE(2700.),#7569);
#7571=PROPERTY_DEFINITION_REPRESENTATION(#7576,#7573);
#7572=PROPERTY_DEFINITION_REPRESENTATION(#7577,#7574);
#7573=REPRESENTATION('material name',(#7575),#11962);
#7574=REPRESENTATION('density',(#7570),#11962);
#7575=DESCRIPTIVE_REPRESENTATION_ITEM('Aluminum 6061','Aluminum 6061');
#7576=PROPERTY_DEFINITION('material property','material name',#11977);
#7577=PROPERTY_DEFINITION('material property','density of part',#11977);
#7578=AXIS2_PLACEMENT_3D('placement',#9862,#7996,#7997);
#7579=AXIS2_PLACEMENT_3D('placement',#9863,#7998,#7999);
#7580=AXIS2_PLACEMENT_3D('',#9864,#8000,#8001);
#7581=AXIS2_PLACEMENT_3D('',#9873,#8006,#8007);
#7582=AXIS2_PLACEMENT_3D('',#9879,#8011,#8012);
#7583=AXIS2_PLACEMENT_3D('',#9885,#8016,#8017);
#7584=AXIS2_PLACEMENT_3D('',#9888,#8020,#8021);
#7585=AXIS2_PLACEMENT_3D('',#9894,#8025,#8026);
#7586=AXIS2_PLACEMENT_3D('',#9902,#8031,#8032);
#7587=AXIS2_PLACEMENT_3D('',#9903,#8033,#8034);
#7588=AXIS2_PLACEMENT_3D('',#9909,#8038,#8039);
#7589=AXIS2_PLACEMENT_3D('',#9913,#8042,#8043);
#7590=AXIS2_PLACEMENT_3D('',#9915,#8045,#8046);
#7591=AXIS2_PLACEMENT_3D('',#9917,#8048,#8049);
#7592=AXIS2_PLACEMENT_3D('',#9918,#8050,#8051);
#7593=AXIS2_PLACEMENT_3D('',#9927,#8056,#8057);
#7594=AXIS2_PLACEMENT_3D('',#9933,#8061,#8062);
#7595=AXIS2_PLACEMENT_3D('',#9939,#8066,#8067);
#7596=AXIS2_PLACEMENT_3D('',#9942,#8070,#8071);
#7597=AXIS2_PLACEMENT_3D('',#9948,#8075,#8076);
#7598=AXIS2_PLACEMENT_3D('',#9956,#8081,#8082);
#7599=AXIS2_PLACEMENT_3D('',#9957,#8083,#8084);
#7600=AXIS2_PLACEMENT_3D('',#9963,#8088,#8089);
#7601=AXIS2_PLACEMENT_3D('',#9967,#8092,#8093);
#7602=AXIS2_PLACEMENT_3D('',#9969,#8095,#8096);
#7603=AXIS2_PLACEMENT_3D('',#9971,#8098,#8099);
#7604=AXIS2_PLACEMENT_3D('',#9972,#8100,#8101);
#7605=AXIS2_PLACEMENT_3D('',#9981,#8106,#8107);
#7606=AXIS2_PLACEMENT_3D('',#9987,#8111,#8112);
#7607=AXIS2_PLACEMENT_3D('',#9993,#8116,#8117);
#7608=AXIS2_PLACEMENT_3D('',#9996,#8120,#8121);
#7609=AXIS2_PLACEMENT_3D('',#10002,#8125,#8126);
#7610=AXIS2_PLACEMENT_3D('',#10010,#8131,#8132);
#7611=AXIS2_PLACEMENT_3D('',#10011,#8133,#8134);
#7612=AXIS2_PLACEMENT_3D('',#10017,#8138,#8139);
#7613=AXIS2_PLACEMENT_3D('',#10021,#8142,#8143);
#7614=AXIS2_PLACEMENT_3D('',#10023,#8145,#8146);
#7615=AXIS2_PLACEMENT_3D('',#10025,#8148,#8149);
#7616=AXIS2_PLACEMENT_3D('',#10026,#8150,#8151);
#7617=AXIS2_PLACEMENT_3D('',#10035,#8156,#8157);
#7618=AXIS2_PLACEMENT_3D('',#10041,#8161,#8162);
#7619=AXIS2_PLACEMENT_3D('',#10047,#8166,#8167);
#7620=AXIS2_PLACEMENT_3D('',#10050,#8170,#8171);
#7621=AXIS2_PLACEMENT_3D('',#10056,#8175,#8176);
#7622=AXIS2_PLACEMENT_3D('',#10064,#8181,#8182);
#7623=AXIS2_PLACEMENT_3D('',#10065,#8183,#8184);
#7624=AXIS2_PLACEMENT_3D('',#10071,#8188,#8189);
#7625=AXIS2_PLACEMENT_3D('',#10075,#8192,#8193);
#7626=AXIS2_PLACEMENT_3D('',#10077,#8195,#8196);
#7627=AXIS2_PLACEMENT_3D('',#10079,#8198,#8199);
#7628=AXIS2_PLACEMENT_3D('',#10080,#8200,#8201);
#7629=AXIS2_PLACEMENT_3D('',#10089,#8206,#8207);
#7630=AXIS2_PLACEMENT_3D('',#10095,#8211,#8212);
#7631=AXIS2_PLACEMENT_3D('',#10101,#8216,#8217);
#7632=AXIS2_PLACEMENT_3D('',#10104,#8220,#8221);
#7633=AXIS2_PLACEMENT_3D('',#10110,#8225,#8226);
#7634=AXIS2_PLACEMENT_3D('',#10118,#8231,#8232);
#7635=AXIS2_PLACEMENT_3D('',#10119,#8233,#8234);
#7636=AXIS2_PLACEMENT_3D('',#10125,#8238,#8239);
#7637=AXIS2_PLACEMENT_3D('',#10129,#8242,#8243);
#7638=AXIS2_PLACEMENT_3D('',#10131,#8245,#8246);
#7639=AXIS2_PLACEMENT_3D('',#10133,#8248,#8249);
#7640=AXIS2_PLACEMENT_3D('',#10134,#8250,#8251);
#7641=AXIS2_PLACEMENT_3D('',#10143,#8256,#8257);
#7642=AXIS2_PLACEMENT_3D('',#10149,#8261,#8262);
#7643=AXIS2_PLACEMENT_3D('',#10155,#8266,#8267);
#7644=AXIS2_PLACEMENT_3D('',#10158,#8270,#8271);
#7645=AXIS2_PLACEMENT_3D('',#10164,#8275,#8276);
#7646=AXIS2_PLACEMENT_3D('',#10172,#8281,#8282);
#7647=AXIS2_PLACEMENT_3D('',#10173,#8283,#8284);
#7648=AXIS2_PLACEMENT_3D('',#10179,#8288,#8289);
#7649=AXIS2_PLACEMENT_3D('',#10183,#8292,#8293);
#7650=AXIS2_PLACEMENT_3D('',#10185,#8295,#8296);
#7651=AXIS2_PLACEMENT_3D('',#10187,#8298,#8299);
#7652=AXIS2_PLACEMENT_3D('',#10188,#8300,#8301);
#7653=AXIS2_PLACEMENT_3D('',#10197,#8306,#8307);
#7654=AXIS2_PLACEMENT_3D('',#10203,#8311,#8312);
#7655=AXIS2_PLACEMENT_3D('',#10209,#8316,#8317);
#7656=AXIS2_PLACEMENT_3D('',#10212,#8320,#8321);
#7657=AXIS2_PLACEMENT_3D('',#10218,#8325,#8326);
#7658=AXIS2_PLACEMENT_3D('',#10226,#8331,#8332);
#7659=AXIS2_PLACEMENT_3D('',#10227,#8333,#8334);
#7660=AXIS2_PLACEMENT_3D('',#10233,#8338,#8339);
#7661=AXIS2_PLACEMENT_3D('',#10237,#8342,#8343);
#7662=AXIS2_PLACEMENT_3D('',#10239,#8345,#8346);
#7663=AXIS2_PLACEMENT_3D('',#10241,#8348,#8349);
#7664=AXIS2_PLACEMENT_3D('',#10242,#8350,#8351);
#7665=AXIS2_PLACEMENT_3D('',#10251,#8356,#8357);
#7666=AXIS2_PLACEMENT_3D('',#10257,#8361,#8362);
#7667=AXIS2_PLACEMENT_3D('',#10263,#8366,#8367);
#7668=AXIS2_PLACEMENT_3D('',#10266,#8370,#8371);
#7669=AXIS2_PLACEMENT_3D('',#10272,#8375,#8376);
#7670=AXIS2_PLACEMENT_3D('',#10280,#8381,#8382);
#7671=AXIS2_PLACEMENT_3D('',#10281,#8383,#8384);
#7672=AXIS2_PLACEMENT_3D('',#10287,#8388,#8389);
#7673=AXIS2_PLACEMENT_3D('',#10291,#8392,#8393);
#7674=AXIS2_PLACEMENT_3D('',#10293,#8395,#8396);
#7675=AXIS2_PLACEMENT_3D('',#10295,#8398,#8399);
#7676=AXIS2_PLACEMENT_3D('',#10296,#8400,#8401);
#7677=AXIS2_PLACEMENT_3D('',#10305,#8406,#8407);
#7678=AXIS2_PLACEMENT_3D('',#10311,#8411,#8412);
#7679=AXIS2_PLACEMENT_3D('',#10317,#8416,#8417);
#7680=AXIS2_PLACEMENT_3D('',#10320,#8420,#8421);
#7681=AXIS2_PLACEMENT_3D('',#10326,#8425,#8426);
#7682=AXIS2_PLACEMENT_3D('',#10334,#8431,#8432);
#7683=AXIS2_PLACEMENT_3D('',#10335,#8433,#8434);
#7684=AXIS2_PLACEMENT_3D('',#10341,#8438,#8439);
#7685=AXIS2_PLACEMENT_3D('',#10345,#8442,#8443);
#7686=AXIS2_PLACEMENT_3D('',#10347,#8445,#8446);
#7687=AXIS2_PLACEMENT_3D('',#10349,#8448,#8449);
#7688=AXIS2_PLACEMENT_3D('',#10350,#8450,#8451);
#7689=AXIS2_PLACEMENT_3D('',#10359,#8456,#8457);
#7690=AXIS2_PLACEMENT_3D('',#10365,#8461,#8462);
#7691=AXIS2_PLACEMENT_3D('',#10371,#8466,#8467);
#7692=AXIS2_PLACEMENT_3D('',#10374,#8470,#8471);
#7693=AXIS2_PLACEMENT_3D('',#10380,#8475,#8476);
#7694=AXIS2_PLACEMENT_3D('',#10388,#8481,#8482);
#7695=AXIS2_PLACEMENT_3D('',#10389,#8483,#8484);
#7696=AXIS2_PLACEMENT_3D('',#10395,#8488,#8489);
#7697=AXIS2_PLACEMENT_3D('',#10399,#8492,#8493);
#7698=AXIS2_PLACEMENT_3D('',#10401,#8495,#8496);
#7699=AXIS2_PLACEMENT_3D('',#10403,#8498,#8499);
#7700=AXIS2_PLACEMENT_3D('',#10404,#8500,#8501);
#7701=AXIS2_PLACEMENT_3D('',#10413,#8506,#8507);
#7702=AXIS2_PLACEMENT_3D('',#10419,#8511,#8512);
#7703=AXIS2_PLACEMENT_3D('',#10425,#8516,#8517);
#7704=AXIS2_PLACEMENT_3D('',#10428,#8520,#8521);
#7705=AXIS2_PLACEMENT_3D('',#10434,#8525,#8526);
#7706=AXIS2_PLACEMENT_3D('',#10442,#8531,#8532);
#7707=AXIS2_PLACEMENT_3D('',#10443,#8533,#8534);
#7708=AXIS2_PLACEMENT_3D('',#10449,#8538,#8539);
#7709=AXIS2_PLACEMENT_3D('',#10453,#8542,#8543);
#7710=AXIS2_PLACEMENT_3D('',#10455,#8545,#8546);
#7711=AXIS2_PLACEMENT_3D('',#10457,#8548,#8549);
#7712=AXIS2_PLACEMENT_3D('',#10458,#8550,#8551);
#7713=AXIS2_PLACEMENT_3D('',#10467,#8556,#8557);
#7714=AXIS2_PLACEMENT_3D('',#10473,#8561,#8562);
#7715=AXIS2_PLACEMENT_3D('',#10479,#8566,#8567);
#7716=AXIS2_PLACEMENT_3D('',#10482,#8570,#8571);
#7717=AXIS2_PLACEMENT_3D('',#10488,#8575,#8576);
#7718=AXIS2_PLACEMENT_3D('',#10496,#8581,#8582);
#7719=AXIS2_PLACEMENT_3D('',#10497,#8583,#8584);
#7720=AXIS2_PLACEMENT_3D('',#10503,#8588,#8589);
#7721=AXIS2_PLACEMENT_3D('',#10507,#8592,#8593);
#7722=AXIS2_PLACEMENT_3D('',#10509,#8595,#8596);
#7723=AXIS2_PLACEMENT_3D('',#10511,#8598,#8599);
#7724=AXIS2_PLACEMENT_3D('',#10512,#8600,#8601);
#7725=AXIS2_PLACEMENT_3D('',#10521,#8606,#8607);
#7726=AXIS2_PLACEMENT_3D('',#10527,#8611,#8612);
#7727=AXIS2_PLACEMENT_3D('',#10533,#8616,#8617);
#7728=AXIS2_PLACEMENT_3D('',#10536,#8620,#8621);
#7729=AXIS2_PLACEMENT_3D('',#10542,#8625,#8626);
#7730=AXIS2_PLACEMENT_3D('',#10550,#8631,#8632);
#7731=AXIS2_PLACEMENT_3D('',#10551,#8633,#8634);
#7732=AXIS2_PLACEMENT_3D('',#10557,#8638,#8639);
#7733=AXIS2_PLACEMENT_3D('',#10561,#8642,#8643);
#7734=AXIS2_PLACEMENT_3D('',#10563,#8645,#8646);
#7735=AXIS2_PLACEMENT_3D('',#10565,#8648,#8649);
#7736=AXIS2_PLACEMENT_3D('',#10566,#8650,#8651);
#7737=AXIS2_PLACEMENT_3D('',#10575,#8656,#8657);
#7738=AXIS2_PLACEMENT_3D('',#10581,#8661,#8662);
#7739=AXIS2_PLACEMENT_3D('',#10587,#8666,#8667);
#7740=AXIS2_PLACEMENT_3D('',#10590,#8670,#8671);
#7741=AXIS2_PLACEMENT_3D('',#10596,#8675,#8676);
#7742=AXIS2_PLACEMENT_3D('',#10604,#8681,#8682);
#7743=AXIS2_PLACEMENT_3D('',#10605,#8683,#8684);
#7744=AXIS2_PLACEMENT_3D('',#10611,#8688,#8689);
#7745=AXIS2_PLACEMENT_3D('',#10615,#8692,#8693);
#7746=AXIS2_PLACEMENT_3D('',#10617,#8695,#8696);
#7747=AXIS2_PLACEMENT_3D('',#10619,#8698,#8699);
#7748=AXIS2_PLACEMENT_3D('',#10620,#8700,#8701);
#7749=AXIS2_PLACEMENT_3D('',#10629,#8706,#8707);
#7750=AXIS2_PLACEMENT_3D('',#10635,#8711,#8712);
#7751=AXIS2_PLACEMENT_3D('',#10641,#8716,#8717);
#7752=AXIS2_PLACEMENT_3D('',#10644,#8720,#8721);
#7753=AXIS2_PLACEMENT_3D('',#10650,#8725,#8726);
#7754=AXIS2_PLACEMENT_3D('',#10658,#8731,#8732);
#7755=AXIS2_PLACEMENT_3D('',#10659,#8733,#8734);
#7756=AXIS2_PLACEMENT_3D('',#10665,#8738,#8739);
#7757=AXIS2_PLACEMENT_3D('',#10669,#8742,#8743);
#7758=AXIS2_PLACEMENT_3D('',#10671,#8745,#8746);
#7759=AXIS2_PLACEMENT_3D('',#10673,#8748,#8749);
#7760=AXIS2_PLACEMENT_3D('',#10674,#8750,#8751);
#7761=AXIS2_PLACEMENT_3D('',#10683,#8756,#8757);
#7762=AXIS2_PLACEMENT_3D('',#10689,#8761,#8762);
#7763=AXIS2_PLACEMENT_3D('',#10695,#8766,#8767);
#7764=AXIS2_PLACEMENT_3D('',#10698,#8770,#8771);
#7765=AXIS2_PLACEMENT_3D('',#10704,#8775,#8776);
#7766=AXIS2_PLACEMENT_3D('',#10712,#8781,#8782);
#7767=AXIS2_PLACEMENT_3D('',#10713,#8783,#8784);
#7768=AXIS2_PLACEMENT_3D('',#10719,#8788,#8789);
#7769=AXIS2_PLACEMENT_3D('',#10723,#8792,#8793);
#7770=AXIS2_PLACEMENT_3D('',#10725,#8795,#8796);
#7771=AXIS2_PLACEMENT_3D('',#10727,#8798,#8799);
#7772=AXIS2_PLACEMENT_3D('',#10728,#8800,#8801);
#7773=AXIS2_PLACEMENT_3D('',#10737,#8806,#8807);
#7774=AXIS2_PLACEMENT_3D('',#10743,#8811,#8812);
#7775=AXIS2_PLACEMENT_3D('',#10749,#8816,#8817);
#7776=AXIS2_PLACEMENT_3D('',#10752,#8820,#8821);
#7777=AXIS2_PLACEMENT_3D('',#10758,#8825,#8826);
#7778=AXIS2_PLACEMENT_3D('',#10766,#8831,#8832);
#7779=AXIS2_PLACEMENT_3D('',#10767,#8833,#8834);
#7780=AXIS2_PLACEMENT_3D('',#10773,#8838,#8839);
#7781=AXIS2_PLACEMENT_3D('',#10777,#8842,#8843);
#7782=AXIS2_PLACEMENT_3D('',#10779,#8845,#8846);
#7783=AXIS2_PLACEMENT_3D('',#10781,#8848,#8849);
#7784=AXIS2_PLACEMENT_3D('',#10782,#8850,#8851);
#7785=AXIS2_PLACEMENT_3D('',#10791,#8856,#8857);
#7786=AXIS2_PLACEMENT_3D('',#10797,#8861,#8862);
#7787=AXIS2_PLACEMENT_3D('',#10803,#8866,#8867);
#7788=AXIS2_PLACEMENT_3D('',#10806,#8870,#8871);
#7789=AXIS2_PLACEMENT_3D('',#10812,#8875,#8876);
#7790=AXIS2_PLACEMENT_3D('',#10820,#8881,#8882);
#7791=AXIS2_PLACEMENT_3D('',#10821,#8883,#8884);
#7792=AXIS2_PLACEMENT_3D('',#10827,#8888,#8889);
#7793=AXIS2_PLACEMENT_3D('',#10831,#8892,#8893);
#7794=AXIS2_PLACEMENT_3D('',#10833,#8895,#8896);
#7795=AXIS2_PLACEMENT_3D('',#10835,#8898,#8899);
#7796=AXIS2_PLACEMENT_3D('',#10836,#8900,#8901);
#7797=AXIS2_PLACEMENT_3D('',#10845,#8906,#8907);
#7798=AXIS2_PLACEMENT_3D('',#10851,#8911,#8912);
#7799=AXIS2_PLACEMENT_3D('',#10857,#8916,#8917);
#7800=AXIS2_PLACEMENT_3D('',#10860,#8920,#8921);
#7801=AXIS2_PLACEMENT_3D('',#10866,#8925,#8926);
#7802=AXIS2_PLACEMENT_3D('',#10874,#8931,#8932);
#7803=AXIS2_PLACEMENT_3D('',#10875,#8933,#8934);
#7804=AXIS2_PLACEMENT_3D('',#10881,#8938,#8939);
#7805=AXIS2_PLACEMENT_3D('',#10885,#8942,#8943);
#7806=AXIS2_PLACEMENT_3D('',#10887,#8945,#8946);
#7807=AXIS2_PLACEMENT_3D('',#10889,#8948,#8949);
#7808=AXIS2_PLACEMENT_3D('',#10890,#8950,#8951);
#7809=AXIS2_PLACEMENT_3D('',#10899,#8956,#8957);
#7810=AXIS2_PLACEMENT_3D('',#10905,#8961,#8962);
#7811=AXIS2_PLACEMENT_3D('',#10911,#8966,#8967);
#7812=AXIS2_PLACEMENT_3D('',#10914,#8970,#8971);
#7813=AXIS2_PLACEMENT_3D('',#10920,#8975,#8976);
#7814=AXIS2_PLACEMENT_3D('',#10928,#8981,#8982);
#7815=AXIS2_PLACEMENT_3D('',#10929,#8983,#8984);
#7816=AXIS2_PLACEMENT_3D('',#10935,#8988,#8989);
#7817=AXIS2_PLACEMENT_3D('',#10939,#8992,#8993);
#7818=AXIS2_PLACEMENT_3D('',#10941,#8995,#8996);
#7819=AXIS2_PLACEMENT_3D('',#10943,#8998,#8999);
#7820=AXIS2_PLACEMENT_3D('',#10944,#9000,#9001);
#7821=AXIS2_PLACEMENT_3D('',#10953,#9006,#9007);
#7822=AXIS2_PLACEMENT_3D('',#10959,#9011,#9012);
#7823=AXIS2_PLACEMENT_3D('',#10965,#9016,#9017);
#7824=AXIS2_PLACEMENT_3D('',#10968,#9020,#9021);
#7825=AXIS2_PLACEMENT_3D('',#10977,#9026,#9027);
#7826=AXIS2_PLACEMENT_3D('',#10983,#9031,#9032);
#7827=AXIS2_PLACEMENT_3D('',#10989,#9036,#9037);
#7828=AXIS2_PLACEMENT_3D('',#10992,#9040,#9041);
#7829=AXIS2_PLACEMENT_3D('',#11001,#9046,#9047);
#7830=AXIS2_PLACEMENT_3D('',#11007,#9051,#9052);
#7831=AXIS2_PLACEMENT_3D('',#11013,#9056,#9057);
#7832=AXIS2_PLACEMENT_3D('',#11016,#9060,#9061);
#7833=AXIS2_PLACEMENT_3D('',#11025,#9066,#9067);
#7834=AXIS2_PLACEMENT_3D('',#11031,#9071,#9072);
#7835=AXIS2_PLACEMENT_3D('',#11037,#9076,#9077);
#7836=AXIS2_PLACEMENT_3D('',#11040,#9080,#9081);
#7837=AXIS2_PLACEMENT_3D('',#11049,#9086,#9087);
#7838=AXIS2_PLACEMENT_3D('',#11055,#9091,#9092);
#7839=AXIS2_PLACEMENT_3D('',#11061,#9096,#9097);
#7840=AXIS2_PLACEMENT_3D('',#11064,#9100,#9101);
#7841=AXIS2_PLACEMENT_3D('',#11073,#9106,#9107);
#7842=AXIS2_PLACEMENT_3D('',#11079,#9111,#9112);
#7843=AXIS2_PLACEMENT_3D('',#11085,#9116,#9117);
#7844=AXIS2_PLACEMENT_3D('',#11088,#9120,#9121);
#7845=AXIS2_PLACEMENT_3D('',#11097,#9126,#9127);
#7846=AXIS2_PLACEMENT_3D('',#11103,#9131,#9132);
#7847=AXIS2_PLACEMENT_3D('',#11109,#9136,#9137);
#7848=AXIS2_PLACEMENT_3D('',#11112,#9140,#9141);
#7849=AXIS2_PLACEMENT_3D('',#11121,#9146,#9147);
#7850=AXIS2_PLACEMENT_3D('',#11127,#9151,#9152);
#7851=AXIS2_PLACEMENT_3D('',#11133,#9156,#9157);
#7852=AXIS2_PLACEMENT_3D('',#11136,#9160,#9161);
#7853=AXIS2_PLACEMENT_3D('',#11145,#9166,#9167);
#7854=AXIS2_PLACEMENT_3D('',#11151,#9171,#9172);
#7855=AXIS2_PLACEMENT_3D('',#11157,#9176,#9177);
#7856=AXIS2_PLACEMENT_3D('',#11160,#9180,#9181);
#7857=AXIS2_PLACEMENT_3D('',#11166,#9185,#9186);
#7858=AXIS2_PLACEMENT_3D('',#11172,#9190,#9191);
#7859=AXIS2_PLACEMENT_3D('',#11178,#9195,#9196);
#7860=AXIS2_PLACEMENT_3D('',#11184,#9200,#9201);
#7861=AXIS2_PLACEMENT_3D('',#11190,#9205,#9206);
#7862=AXIS2_PLACEMENT_3D('',#11196,#9210,#9211);
#7863=AXIS2_PLACEMENT_3D('',#11202,#9215,#9216);
#7864=AXIS2_PLACEMENT_3D('',#11208,#9220,#9221);
#7865=AXIS2_PLACEMENT_3D('',#11214,#9225,#9226);
#7866=AXIS2_PLACEMENT_3D('',#11220,#9230,#9231);
#7867=AXIS2_PLACEMENT_3D('',#11226,#9235,#9236);
#7868=AXIS2_PLACEMENT_3D('',#11232,#9240,#9241);
#7869=AXIS2_PLACEMENT_3D('',#11238,#9245,#9246);
#7870=AXIS2_PLACEMENT_3D('',#11244,#9250,#9251);
#7871=AXIS2_PLACEMENT_3D('',#11250,#9255,#9256);
#7872=AXIS2_PLACEMENT_3D('',#11256,#9260,#9261);
#7873=AXIS2_PLACEMENT_3D('',#11262,#9265,#9266);
#7874=AXIS2_PLACEMENT_3D('',#11268,#9270,#9271);
#7875=AXIS2_PLACEMENT_3D('',#11277,#9276,#9277);
#7876=AXIS2_PLACEMENT_3D('',#11283,#9281,#9282);
#7877=AXIS2_PLACEMENT_3D('',#11289,#9286,#9287);
#7878=AXIS2_PLACEMENT_3D('',#11295,#9291,#9292);
#7879=AXIS2_PLACEMENT_3D('',#11298,#9295,#9296);
#7880=AXIS2_PLACEMENT_3D('',#11304,#9300,#9301);
#7881=AXIS2_PLACEMENT_3D('',#11310,#9305,#9306);
#7882=AXIS2_PLACEMENT_3D('',#11313,#9309,#9310);
#7883=AXIS2_PLACEMENT_3D('',#11319,#9314,#9315);
#7884=AXIS2_PLACEMENT_3D('',#11325,#9319,#9320);
#7885=AXIS2_PLACEMENT_3D('',#11328,#9323,#9324);
#7886=AXIS2_PLACEMENT_3D('',#11334,#9328,#9329);
#7887=AXIS2_PLACEMENT_3D('',#11340,#9333,#9334);
#7888=AXIS2_PLACEMENT_3D('',#11343,#9337,#9338);
#7889=AXIS2_PLACEMENT_3D('',#11349,#9342,#9343);
#7890=AXIS2_PLACEMENT_3D('',#11355,#9347,#9348);
#7891=AXIS2_PLACEMENT_3D('',#11358,#9351,#9352);
#7892=AXIS2_PLACEMENT_3D('',#11364,#9356,#9357);
#7893=AXIS2_PLACEMENT_3D('',#11370,#9361,#9362);
#7894=AXIS2_PLACEMENT_3D('',#11373,#9365,#9366);
#7895=AXIS2_PLACEMENT_3D('',#11379,#9370,#9371);
#7896=AXIS2_PLACEMENT_3D('',#11385,#9375,#9376);
#7897=AXIS2_PLACEMENT_3D('',#11388,#9379,#9380);
#7898=AXIS2_PLACEMENT_3D('',#11394,#9384,#9385);
#7899=AXIS2_PLACEMENT_3D('',#11400,#9389,#9390);
#7900=AXIS2_PLACEMENT_3D('',#11403,#9393,#9394);
#7901=AXIS2_PLACEMENT_3D('',#11409,#9398,#9399);
#7902=AXIS2_PLACEMENT_3D('',#11415,#9403,#9404);
#7903=AXIS2_PLACEMENT_3D('',#11418,#9407,#9408);
#7904=AXIS2_PLACEMENT_3D('',#11424,#9412,#9413);
#7905=AXIS2_PLACEMENT_3D('',#11430,#9417,#9418);
#7906=AXIS2_PLACEMENT_3D('',#11436,#9422,#9423);
#7907=AXIS2_PLACEMENT_3D('',#11445,#9428,#9429);
#7908=AXIS2_PLACEMENT_3D('',#11451,#9433,#9434);
#7909=AXIS2_PLACEMENT_3D('',#11457,#9438,#9439);
#7910=AXIS2_PLACEMENT_3D('',#11463,#9443,#9444);
#7911=AXIS2_PLACEMENT_3D('',#11469,#9448,#9449);
#7912=AXIS2_PLACEMENT_3D('',#11475,#9453,#9454);
#7913=AXIS2_PLACEMENT_3D('',#11481,#9458,#9459);
#7914=AXIS2_PLACEMENT_3D('',#11487,#9463,#9464);
#7915=AXIS2_PLACEMENT_3D('',#11493,#9468,#9469);
#7916=AXIS2_PLACEMENT_3D('',#11499,#9473,#9474);
#7917=AXIS2_PLACEMENT_3D('',#11505,#9478,#9479);
#7918=AXIS2_PLACEMENT_3D('',#11511,#9483,#9484);
#7919=AXIS2_PLACEMENT_3D('',#11517,#9488,#9489);
#7920=AXIS2_PLACEMENT_3D('',#11523,#9493,#9494);
#7921=AXIS2_PLACEMENT_3D('',#11529,#9498,#9499);
#7922=AXIS2_PLACEMENT_3D('',#11535,#9503,#9504);
#7923=AXIS2_PLACEMENT_3D('',#11541,#9508,#9509);
#7924=AXIS2_PLACEMENT_3D('',#11547,#9513,#9514);
#7925=AXIS2_PLACEMENT_3D('',#11553,#9518,#9519);
#7926=AXIS2_PLACEMENT_3D('',#11559,#9523,#9524);
#7927=AXIS2_PLACEMENT_3D('',#11565,#9528,#9529);
#7928=AXIS2_PLACEMENT_3D('',#11571,#9533,#9534);
#7929=AXIS2_PLACEMENT_3D('',#11577,#9538,#9539);
#7930=AXIS2_PLACEMENT_3D('',#11580,#9542,#9543);
#7931=AXIS2_PLACEMENT_3D('',#11589,#9548,#9549);
#7932=AXIS2_PLACEMENT_3D('',#11595,#9553,#9554);
#7933=AXIS2_PLACEMENT_3D('',#11601,#9558,#9559);
#7934=AXIS2_PLACEMENT_3D('',#11607,#9563,#9564);
#7935=AXIS2_PLACEMENT_3D('',#11613,#9568,#9569);
#7936=AXIS2_PLACEMENT_3D('',#11619,#9573,#9574);
#7937=AXIS2_PLACEMENT_3D('',#11625,#9578,#9579);
#7938=AXIS2_PLACEMENT_3D('',#11631,#9583,#9584);
#7939=AXIS2_PLACEMENT_3D('',#11637,#9588,#9589);
#7940=AXIS2_PLACEMENT_3D('',#11643,#9593,#9594);
#7941=AXIS2_PLACEMENT_3D('',#11649,#9598,#9599);
#7942=AXIS2_PLACEMENT_3D('',#11655,#9603,#9604);
#7943=AXIS2_PLACEMENT_3D('',#11661,#9608,#9609);
#7944=AXIS2_PLACEMENT_3D('',#11667,#9613,#9614);
#7945=AXIS2_PLACEMENT_3D('',#11673,#9618,#9619);
#7946=AXIS2_PLACEMENT_3D('',#11679,#9623,#9624);
#7947=AXIS2_PLACEMENT_3D('',#11685,#9628,#9629);
#7948=AXIS2_PLACEMENT_3D('',#11688,#9632,#9633);
#7949=AXIS2_PLACEMENT_3D('',#11694,#9637,#9638);
#7950=AXIS2_PLACEMENT_3D('',#11700,#9642,#9643);
#7951=AXIS2_PLACEMENT_3D('',#11738,#9663,#9664);
#7952=AXIS2_PLACEMENT_3D('',#11755,#9673,#9674);
#7953=AXIS2_PLACEMENT_3D('',#11761,#9678,#9679);
#7954=AXIS2_PLACEMENT_3D('',#11767,#9683,#9684);
#7955=AXIS2_PLACEMENT_3D('',#11789,#9696,#9697);
#7956=AXIS2_PLACEMENT_3D('',#11795,#9701,#9702);
#7957=AXIS2_PLACEMENT_3D('',#11808,#9710,#9711);
#7958=AXIS2_PLACEMENT_3D('',#11827,#9722,#9723);
#7959=AXIS2_PLACEMENT_3D('',#11833,#9727,#9728);
#7960=AXIS2_PLACEMENT_3D('',#11839,#9732,#9733);
#7961=AXIS2_PLACEMENT_3D('',#11843,#9736,#9737);
#7962=AXIS2_PLACEMENT_3D('',#11849,#9741,#9742);
#7963=AXIS2_PLACEMENT_3D('',#11853,#9745,#9746);
#7964=AXIS2_PLACEMENT_3D('',#11855,#9748,#9749);
#7965=AXIS2_PLACEMENT_3D('',#11868,#9757,#9758);
#7966=AXIS2_PLACEMENT_3D('',#11872,#9761,#9762);
#7967=AXIS2_PLACEMENT_3D('',#11878,#9766,#9767);
#7968=AXIS2_PLACEMENT_3D('',#11881,#9770,#9771);
#7969=AXIS2_PLACEMENT_3D('',#11885,#9774,#9775);
#7970=AXIS2_PLACEMENT_3D('',#11887,#9777,#9778);
#7971=AXIS2_PLACEMENT_3D('',#11889,#9780,#9781);
#7972=AXIS2_PLACEMENT_3D('',#11891,#9783,#9784);
#7973=AXIS2_PLACEMENT_3D('',#11893,#9786,#9787);
#7974=AXIS2_PLACEMENT_3D('',#11894,#9788,#9789);
#7975=AXIS2_PLACEMENT_3D('',#11900,#9793,#9794);
#7976=AXIS2_PLACEMENT_3D('',#11903,#9797,#9798);
#7977=AXIS2_PLACEMENT_3D('',#11907,#9801,#9802);
#7978=AXIS2_PLACEMENT_3D('',#11909,#9804,#9805);
#7979=AXIS2_PLACEMENT_3D('',#11911,#9807,#9808);
#7980=AXIS2_PLACEMENT_3D('',#11913,#9810,#9811);
#7981=AXIS2_PLACEMENT_3D('',#11915,#9813,#9814);
#7982=AXIS2_PLACEMENT_3D('',#11916,#9815,#9816);
#7983=AXIS2_PLACEMENT_3D('',#11922,#9820,#9821);
#7984=AXIS2_PLACEMENT_3D('',#11926,#9824,#9825);
#7985=AXIS2_PLACEMENT_3D('',#11930,#9828,#9829);
#7986=AXIS2_PLACEMENT_3D('',#11932,#9831,#9832);
#7987=AXIS2_PLACEMENT_3D('',#11936,#9835,#9836);
#7988=AXIS2_PLACEMENT_3D('',#11940,#9839,#9840);
#7989=AXIS2_PLACEMENT_3D('',#11944,#9843,#9844);
#7990=AXIS2_PLACEMENT_3D('',#11948,#9847,#9848);
#7991=AXIS2_PLACEMENT_3D('',#11952,#9851,#9852);
#7992=AXIS2_PLACEMENT_3D('',#11954,#9854,#9855);
#7993=AXIS2_PLACEMENT_3D('',#11955,#9856,#9857);
#7994=AXIS2_PLACEMENT_3D('',#11956,#9858,#9859);
#7995=AXIS2_PLACEMENT_3D('',#11957,#9860,#9861);
#7996=DIRECTION('axis',(0.,0.,1.));
#7997=DIRECTION('refdir',(1.,0.,0.));
#7998=DIRECTION('axis',(0.,0.,1.));
#7999=DIRECTION('refdir',(1.,0.,0.));
#8000=DIRECTION('center_axis',(-0.707106781186548,0.707106781186548,0.));
#8001=DIRECTION('ref_axis',(0.,0.,1.));
#8002=DIRECTION('',(0.,0.,-1.));
#8003=DIRECTION('',(-0.577350269189626,-0.577350269189626,-0.577350269189626));
#8004=DIRECTION('',(0.,0.,1.));
#8005=DIRECTION('',(0.577350269189626,0.577350269189626,-0.577350269189626));
#8006=DIRECTION('center_axis',(0.,0.707106781186548,-0.707106781186548));
#8007=DIRECTION('ref_axis',(-1.,0.,0.));
#8008=DIRECTION('',(-1.,0.,0.));
#8009=DIRECTION('',(1.,0.,0.));
#8010=DIRECTION('',(0.577350269189626,-0.577350269189626,-0.577350269189626));
#8011=DIRECTION('center_axis',(0.,0.707106781186548,0.707106781186548));
#8012=DIRECTION('ref_axis',(1.,0.,0.));
#8013=DIRECTION('',(-1.,0.,0.));
#8014=DIRECTION('',(1.,0.,0.));
#8015=DIRECTION('',(-0.577350269189626,0.577350269189626,-0.577350269189626));
#8016=DIRECTION('center_axis',(0.707106781186548,0.707106781186548,0.));
#8017=DIRECTION('ref_axis',(0.,0.,-1.));
#8018=DIRECTION('',(0.,0.,-1.));
#8019=DIRECTION('',(0.,0.,1.));
#8020=DIRECTION('center_axis',(0.,0.,1.));
#8021=DIRECTION('ref_axis',(0.,-1.,0.));
#8022=DIRECTION('',(0.,-1.,0.));
#8023=DIRECTION('',(1.,0.,0.));
#8024=DIRECTION('',(0.,-1.,0.));
#8025=DIRECTION('center_axis',(1.,0.,0.));
#8026=DIRECTION('ref_axis',(0.,0.,-1.));
#8027=DIRECTION('',(0.,1.,0.));
#8028=DIRECTION('',(0.,-0.952028561285264,0.306009180413121));
#8029=DIRECTION('',(0.,0.,1.));
#8030=DIRECTION('',(0.,0.952028561285264,0.306009180413121));
#8031=DIRECTION('center_axis',(0.,1.,0.));
#8032=DIRECTION('ref_axis',(0.,0.,1.));
#8033=DIRECTION('center_axis',(0.,-0.306009180413121,-0.952028561285264));
#8034=DIRECTION('ref_axis',(0.,0.952028561285264,-0.306009180413121));
#8035=DIRECTION('',(1.,0.,0.));
#8036=DIRECTION('',(0.,0.952028561285264,-0.306009180413121));
#8037=DIRECTION('',(1.,0.,0.));
#8038=DIRECTION('center_axis',(0.,-1.,0.));
#8039=DIRECTION('ref_axis',(0.,0.,-1.));
#8040=DIRECTION('',(0.,0.,-1.));
#8041=DIRECTION('',(1.,0.,0.));
#8042=DIRECTION('center_axis',(0.,-0.306009180413121,0.952028561285264));
#8043=DIRECTION('ref_axis',(0.,-0.952028561285264,-0.306009180413121));
#8044=DIRECTION('',(0.,-0.952028561285264,-0.306009180413121));
#8045=DIRECTION('center_axis',(0.,0.,-1.));
#8046=DIRECTION('ref_axis',(0.,1.,0.));
#8047=DIRECTION('',(0.,1.,0.));
#8048=DIRECTION('center_axis',(1.,0.,0.));
#8049=DIRECTION('ref_axis',(0.,0.,-1.));
#8050=DIRECTION('center_axis',(-0.707106781186548,0.707106781186548,0.));
#8051=DIRECTION('ref_axis',(0.,0.,1.));
#8052=DIRECTION('',(0.,0.,-1.));
#8053=DIRECTION('',(-0.577350269189626,-0.577350269189626,-0.577350269189626));
#8054=DIRECTION('',(0.,0.,1.));
#8055=DIRECTION('',(0.577350269189626,0.577350269189626,-0.577350269189626));
#8056=DIRECTION('center_axis',(0.,0.707106781186548,-0.707106781186548));
#8057=DIRECTION('ref_axis',(-1.,0.,0.));
#8058=DIRECTION('',(-1.,0.,0.));
#8059=DIRECTION('',(1.,0.,0.));
#8060=DIRECTION('',(0.577350269189626,-0.577350269189626,-0.577350269189626));
#8061=DIRECTION('center_axis',(0.,0.707106781186548,0.707106781186548));
#8062=DIRECTION('ref_axis',(1.,0.,0.));
#8063=DIRECTION('',(-1.,0.,0.));
#8064=DIRECTION('',(1.,0.,0.));
#8065=DIRECTION('',(-0.577350269189626,0.577350269189626,-0.577350269189626));
#8066=DIRECTION('center_axis',(0.707106781186548,0.707106781186548,0.));
#8067=DIRECTION('ref_axis',(0.,0.,-1.));
#8068=DIRECTION('',(0.,0.,-1.));
#8069=DIRECTION('',(0.,0.,1.));
#8070=DIRECTION('center_axis',(0.,0.,1.));
#8071=DIRECTION('ref_axis',(0.,-1.,0.));
#8072=DIRECTION('',(0.,-1.,0.));
#8073=DIRECTION('',(1.,0.,0.));
#8074=DIRECTION('',(0.,-1.,0.));
#8075=DIRECTION('center_axis',(1.,0.,0.));
#8076=DIRECTION('ref_axis',(0.,0.,-1.));
#8077=DIRECTION('',(0.,1.,0.));
#8078=DIRECTION('',(0.,-0.952028561285264,0.306009180413121));
#8079=DIRECTION('',(0.,0.,1.));
#8080=DIRECTION('',(0.,0.952028561285264,0.306009180413121));
#8081=DIRECTION('center_axis',(0.,1.,0.));
#8082=DIRECTION('ref_axis',(0.,0.,1.));
#8083=DIRECTION('center_axis',(0.,-0.306009180413121,-0.952028561285264));
#8084=DIRECTION('ref_axis',(0.,0.952028561285264,-0.306009180413121));
#8085=DIRECTION('',(1.,0.,0.));
#8086=DIRECTION('',(0.,0.952028561285264,-0.306009180413121));
#8087=DIRECTION('',(1.,0.,0.));
#8088=DIRECTION('center_axis',(0.,-1.,0.));
#8089=DIRECTION('ref_axis',(0.,0.,-1.));
#8090=DIRECTION('',(0.,0.,-1.));
#8091=DIRECTION('',(1.,0.,0.));
#8092=DIRECTION('center_axis',(0.,-0.306009180413121,0.952028561285264));
#8093=DIRECTION('ref_axis',(0.,-0.952028561285264,-0.306009180413121));
#8094=DIRECTION('',(0.,-0.952028561285264,-0.306009180413121));
#8095=DIRECTION('center_axis',(0.,0.,-1.));
#8096=DIRECTION('ref_axis',(0.,1.,0.));
#8097=DIRECTION('',(0.,1.,0.));
#8098=DIRECTION('center_axis',(1.,0.,0.));
#8099=DIRECTION('ref_axis',(0.,0.,-1.));
#8100=DIRECTION('center_axis',(-0.707106781186548,0.707106781186548,0.));
#8101=DIRECTION('ref_axis',(0.,0.,1.));
#8102=DIRECTION('',(0.,0.,-1.));
#8103=DIRECTION('',(-0.577350269189626,-0.577350269189626,-0.577350269189626));
#8104=DIRECTION('',(0.,0.,1.));
#8105=DIRECTION('',(0.577350269189626,0.577350269189626,-0.577350269189626));
#8106=DIRECTION('center_axis',(0.,0.707106781186548,-0.707106781186548));
#8107=DIRECTION('ref_axis',(-1.,0.,0.));
#8108=DIRECTION('',(-1.,0.,0.));
#8109=DIRECTION('',(1.,0.,0.));
#8110=DIRECTION('',(0.577350269189626,-0.577350269189626,-0.577350269189626));
#8111=DIRECTION('center_axis',(0.,0.707106781186548,0.707106781186548));
#8112=DIRECTION('ref_axis',(1.,0.,0.));
#8113=DIRECTION('',(-1.,0.,0.));
#8114=DIRECTION('',(1.,0.,0.));
#8115=DIRECTION('',(-0.577350269189626,0.577350269189626,-0.577350269189626));
#8116=DIRECTION('center_axis',(0.707106781186548,0.707106781186548,0.));
#8117=DIRECTION('ref_axis',(0.,0.,-1.));
#8118=DIRECTION('',(0.,0.,-1.));
#8119=DIRECTION('',(0.,0.,1.));
#8120=DIRECTION('center_axis',(0.,0.,1.));
#8121=DIRECTION('ref_axis',(0.,-1.,0.));
#8122=DIRECTION('',(0.,-1.,0.));
#8123=DIRECTION('',(1.,0.,0.));
#8124=DIRECTION('',(0.,-1.,0.));
#8125=DIRECTION('center_axis',(1.,0.,0.));
#8126=DIRECTION('ref_axis',(0.,0.,-1.));
#8127=DIRECTION('',(0.,1.,0.));
#8128=DIRECTION('',(0.,-0.952028561285264,0.306009180413121));
#8129=DIRECTION('',(0.,0.,1.));
#8130=DIRECTION('',(0.,0.952028561285264,0.306009180413121));
#8131=DIRECTION('center_axis',(0.,1.,0.));
#8132=DIRECTION('ref_axis',(0.,0.,1.));
#8133=DIRECTION('center_axis',(0.,-0.306009180413121,-0.952028561285264));
#8134=DIRECTION('ref_axis',(0.,0.952028561285264,-0.306009180413121));
#8135=DIRECTION('',(1.,0.,0.));
#8136=DIRECTION('',(0.,0.952028561285264,-0.306009180413121));
#8137=DIRECTION('',(1.,0.,0.));
#8138=DIRECTION('center_axis',(0.,-1.,0.));
#8139=DIRECTION('ref_axis',(0.,0.,-1.));
#8140=DIRECTION('',(0.,0.,-1.));
#8141=DIRECTION('',(1.,0.,0.));
#8142=DIRECTION('center_axis',(0.,-0.306009180413121,0.952028561285264));
#8143=DIRECTION('ref_axis',(0.,-0.952028561285264,-0.306009180413121));
#8144=DIRECTION('',(0.,-0.952028561285264,-0.306009180413121));
#8145=DIRECTION('center_axis',(0.,0.,-1.));
#8146=DIRECTION('ref_axis',(0.,1.,0.));
#8147=DIRECTION('',(0.,1.,0.));
#8148=DIRECTION('center_axis',(1.,0.,0.));
#8149=DIRECTION('ref_axis',(0.,0.,-1.));
#8150=DIRECTION('center_axis',(-0.707106781186548,0.707106781186548,0.));
#8151=DIRECTION('ref_axis',(0.,0.,1.));
#8152=DIRECTION('',(0.,0.,-1.));
#8153=DIRECTION('',(-0.577350269189626,-0.577350269189626,-0.577350269189626));
#8154=DIRECTION('',(0.,0.,1.));
#8155=DIRECTION('',(0.577350269189626,0.577350269189626,-0.577350269189626));
#8156=DIRECTION('center_axis',(0.,0.707106781186548,-0.707106781186548));
#8157=DIRECTION('ref_axis',(-1.,0.,0.));
#8158=DIRECTION('',(-1.,0.,0.));
#8159=DIRECTION('',(1.,0.,0.));
#8160=DIRECTION('',(0.577350269189626,-0.577350269189626,-0.577350269189626));
#8161=DIRECTION('center_axis',(0.,0.707106781186548,0.707106781186548));
#8162=DIRECTION('ref_axis',(1.,0.,0.));
#8163=DIRECTION('',(-1.,0.,0.));
#8164=DIRECTION('',(1.,0.,0.));
#8165=DIRECTION('',(-0.577350269189626,0.577350269189626,-0.577350269189626));
#8166=DIRECTION('center_axis',(0.707106781186548,0.707106781186548,0.));
#8167=DIRECTION('ref_axis',(0.,0.,-1.));
#8168=DIRECTION('',(0.,0.,-1.));
#8169=DIRECTION('',(0.,0.,1.));
#8170=DIRECTION('center_axis',(0.,0.,1.));
#8171=DIRECTION('ref_axis',(0.,-1.,0.));
#8172=DIRECTION('',(0.,-1.,0.));
#8173=DIRECTION('',(1.,0.,0.));
#8174=DIRECTION('',(0.,-1.,0.));
#8175=DIRECTION('center_axis',(1.,0.,0.));
#8176=DIRECTION('ref_axis',(0.,0.,-1.));
#8177=DIRECTION('',(0.,1.,0.));
#8178=DIRECTION('',(0.,-0.952028561285264,0.306009180413121));
#8179=DIRECTION('',(0.,0.,1.));
#8180=DIRECTION('',(0.,0.952028561285264,0.306009180413121));
#8181=DIRECTION('center_axis',(0.,1.,0.));
#8182=DIRECTION('ref_axis',(0.,0.,1.));
#8183=DIRECTION('center_axis',(0.,-0.306009180413121,-0.952028561285264));
#8184=DIRECTION('ref_axis',(0.,0.952028561285264,-0.306009180413121));
#8185=DIRECTION('',(1.,0.,0.));
#8186=DIRECTION('',(0.,0.952028561285264,-0.306009180413121));
#8187=DIRECTION('',(1.,0.,0.));
#8188=DIRECTION('center_axis',(0.,-1.,0.));
#8189=DIRECTION('ref_axis',(0.,0.,-1.));
#8190=DIRECTION('',(0.,0.,-1.));
#8191=DIRECTION('',(1.,0.,0.));
#8192=DIRECTION('center_axis',(0.,-0.306009180413121,0.952028561285264));
#8193=DIRECTION('ref_axis',(0.,-0.952028561285264,-0.306009180413121));
#8194=DIRECTION('',(0.,-0.952028561285264,-0.306009180413121));
#8195=DIRECTION('center_axis',(0.,0.,-1.));
#8196=DIRECTION('ref_axis',(0.,1.,0.));
#8197=DIRECTION('',(0.,1.,0.));
#8198=DIRECTION('center_axis',(1.,0.,0.));
#8199=DIRECTION('ref_axis',(0.,0.,-1.));
#8200=DIRECTION('center_axis',(-0.707106781186548,0.707106781186548,0.));
#8201=DIRECTION('ref_axis',(0.,0.,1.));
#8202=DIRECTION('',(0.,0.,-1.));
#8203=DIRECTION('',(-0.577350269189626,-0.577350269189626,-0.577350269189626));
#8204=DIRECTION('',(0.,0.,1.));
#8205=DIRECTION('',(0.577350269189626,0.577350269189626,-0.577350269189626));
#8206=DIRECTION('center_axis',(0.,0.707106781186548,-0.707106781186548));
#8207=DIRECTION('ref_axis',(-1.,0.,0.));
#8208=DIRECTION('',(-1.,0.,0.));
#8209=DIRECTION('',(1.,0.,0.));
#8210=DIRECTION('',(0.577350269189626,-0.577350269189626,-0.577350269189626));
#8211=DIRECTION('center_axis',(0.,0.707106781186548,0.707106781186548));
#8212=DIRECTION('ref_axis',(1.,0.,0.));
#8213=DIRECTION('',(-1.,0.,0.));
#8214=DIRECTION('',(1.,0.,0.));
#8215=DIRECTION('',(-0.577350269189626,0.577350269189626,-0.577350269189626));
#8216=DIRECTION('center_axis',(0.707106781186548,0.707106781186548,0.));
#8217=DIRECTION('ref_axis',(0.,0.,-1.));
#8218=DIRECTION('',(0.,0.,-1.));
#8219=DIRECTION('',(0.,0.,1.));
#8220=DIRECTION('center_axis',(0.,0.,1.));
#8221=DIRECTION('ref_axis',(0.,-1.,0.));
#8222=DIRECTION('',(0.,-1.,0.));
#8223=DIRECTION('',(1.,0.,0.));
#8224=DIRECTION('',(0.,-1.,0.));
#8225=DIRECTION('center_axis',(1.,0.,0.));
#8226=DIRECTION('ref_axis',(0.,0.,-1.));
#8227=DIRECTION('',(0.,1.,0.));
#8228=DIRECTION('',(0.,-0.952028561285264,0.306009180413121));
#8229=DIRECTION('',(0.,0.,1.));
#8230=DIRECTION('',(0.,0.952028561285264,0.306009180413121));
#8231=DIRECTION('center_axis',(0.,1.,0.));
#8232=DIRECTION('ref_axis',(0.,0.,1.));
#8233=DIRECTION('center_axis',(0.,-0.306009180413121,-0.952028561285264));
#8234=DIRECTION('ref_axis',(0.,0.952028561285264,-0.306009180413121));
#8235=DIRECTION('',(1.,0.,0.));
#8236=DIRECTION('',(0.,0.952028561285264,-0.306009180413121));
#8237=DIRECTION('',(1.,0.,0.));
#8238=DIRECTION('center_axis',(0.,-1.,0.));
#8239=DIRECTION('ref_axis',(0.,0.,-1.));
#8240=DIRECTION('',(0.,0.,-1.));
#8241=DIRECTION('',(1.,0.,0.));
#8242=DIRECTION('center_axis',(0.,-0.306009180413121,0.952028561285264));
#8243=DIRECTION('ref_axis',(0.,-0.952028561285264,-0.306009180413121));
#8244=DIRECTION('',(0.,-0.952028561285264,-0.306009180413121));
#8245=DIRECTION('center_axis',(0.,0.,-1.));
#8246=DIRECTION('ref_axis',(0.,1.,0.));
#8247=DIRECTION('',(0.,1.,0.));
#8248=DIRECTION('center_axis',(1.,0.,0.));
#8249=DIRECTION('ref_axis',(0.,0.,-1.));
#8250=DIRECTION('center_axis',(-0.707106781186548,0.707106781186548,0.));
#8251=DIRECTION('ref_axis',(0.,0.,1.));
#8252=DIRECTION('',(0.,0.,-1.));
#8253=DIRECTION('',(-0.577350269189626,-0.577350269189626,-0.577350269189626));
#8254=DIRECTION('',(0.,0.,1.));
#8255=DIRECTION('',(0.577350269189626,0.577350269189626,-0.577350269189626));
#8256=DIRECTION('center_axis',(0.,0.707106781186548,-0.707106781186548));
#8257=DIRECTION('ref_axis',(-1.,0.,0.));
#8258=DIRECTION('',(-1.,0.,0.));
#8259=DIRECTION('',(1.,0.,0.));
#8260=DIRECTION('',(0.577350269189626,-0.577350269189626,-0.577350269189626));
#8261=DIRECTION('center_axis',(0.,0.707106781186548,0.707106781186548));
#8262=DIRECTION('ref_axis',(1.,0.,0.));
#8263=DIRECTION('',(-1.,0.,0.));
#8264=DIRECTION('',(1.,0.,0.));
#8265=DIRECTION('',(-0.577350269189626,0.577350269189626,-0.577350269189626));
#8266=DIRECTION('center_axis',(0.707106781186548,0.707106781186548,0.));
#8267=DIRECTION('ref_axis',(0.,0.,-1.));
#8268=DIRECTION('',(0.,0.,-1.));
#8269=DIRECTION('',(0.,0.,1.));
#8270=DIRECTION('center_axis',(0.,0.,1.));
#8271=DIRECTION('ref_axis',(0.,-1.,0.));
#8272=DIRECTION('',(0.,-1.,0.));
#8273=DIRECTION('',(1.,0.,0.));
#8274=DIRECTION('',(0.,-1.,0.));
#8275=DIRECTION('center_axis',(1.,0.,0.));
#8276=DIRECTION('ref_axis',(0.,0.,-1.));
#8277=DIRECTION('',(0.,1.,0.));
#8278=DIRECTION('',(0.,-0.952028561285264,0.306009180413121));
#8279=DIRECTION('',(0.,0.,1.));
#8280=DIRECTION('',(0.,0.952028561285264,0.306009180413121));
#8281=DIRECTION('center_axis',(0.,1.,0.));
#8282=DIRECTION('ref_axis',(0.,0.,1.));
#8283=DIRECTION('center_axis',(0.,-0.306009180413121,-0.952028561285264));
#8284=DIRECTION('ref_axis',(0.,0.952028561285264,-0.306009180413121));
#8285=DIRECTION('',(1.,0.,0.));
#8286=DIRECTION('',(0.,0.952028561285264,-0.306009180413121));
#8287=DIRECTION('',(1.,0.,0.));
#8288=DIRECTION('center_axis',(0.,-1.,0.));
#8289=DIRECTION('ref_axis',(0.,0.,-1.));
#8290=DIRECTION('',(0.,0.,-1.));
#8291=DIRECTION('',(1.,0.,0.));
#8292=DIRECTION('center_axis',(0.,-0.306009180413121,0.952028561285264));
#8293=DIRECTION('ref_axis',(0.,-0.952028561285264,-0.306009180413121));
#8294=DIRECTION('',(0.,-0.952028561285264,-0.306009180413121));
#8295=DIRECTION('center_axis',(0.,0.,-1.));
#8296=DIRECTION('ref_axis',(0.,1.,0.));
#8297=DIRECTION('',(0.,1.,0.));
#8298=DIRECTION('center_axis',(1.,0.,0.));
#8299=DIRECTION('ref_axis',(0.,0.,-1.));
#8300=DIRECTION('center_axis',(-0.707106781186548,0.707106781186548,0.));
#8301=DIRECTION('ref_axis',(0.,0.,1.));
#8302=DIRECTION('',(0.,0.,-1.));
#8303=DIRECTION('',(-0.577350269189626,-0.577350269189626,-0.577350269189626));
#8304=DIRECTION('',(0.,0.,1.));
#8305=DIRECTION('',(0.577350269189626,0.577350269189626,-0.577350269189626));
#8306=DIRECTION('center_axis',(0.,0.707106781186548,-0.707106781186548));
#8307=DIRECTION('ref_axis',(-1.,0.,0.));
#8308=DIRECTION('',(-1.,0.,0.));
#8309=DIRECTION('',(1.,0.,0.));
#8310=DIRECTION('',(0.577350269189626,-0.577350269189626,-0.577350269189626));
#8311=DIRECTION('center_axis',(0.,0.707106781186548,0.707106781186548));
#8312=DIRECTION('ref_axis',(1.,0.,0.));
#8313=DIRECTION('',(-1.,0.,0.));
#8314=DIRECTION('',(1.,0.,0.));
#8315=DIRECTION('',(-0.577350269189626,0.577350269189626,-0.577350269189626));
#8316=DIRECTION('center_axis',(0.707106781186548,0.707106781186548,0.));
#8317=DIRECTION('ref_axis',(0.,0.,-1.));
#8318=DIRECTION('',(0.,0.,-1.));
#8319=DIRECTION('',(0.,0.,1.));
#8320=DIRECTION('center_axis',(0.,0.,1.));
#8321=DIRECTION('ref_axis',(0.,-1.,0.));
#8322=DIRECTION('',(0.,-1.,0.));
#8323=DIRECTION('',(1.,0.,0.));
#8324=DIRECTION('',(0.,-1.,0.));
#8325=DIRECTION('center_axis',(1.,0.,0.));
#8326=DIRECTION('ref_axis',(0.,0.,-1.));
#8327=DIRECTION('',(0.,1.,0.));
#8328=DIRECTION('',(0.,-0.952028561285264,0.306009180413121));
#8329=DIRECTION('',(0.,0.,1.));
#8330=DIRECTION('',(0.,0.952028561285264,0.306009180413121));
#8331=DIRECTION('center_axis',(0.,1.,0.));
#8332=DIRECTION('ref_axis',(0.,0.,1.));
#8333=DIRECTION('center_axis',(0.,-0.306009180413121,-0.952028561285264));
#8334=DIRECTION('ref_axis',(0.,0.952028561285264,-0.306009180413121));
#8335=DIRECTION('',(1.,0.,0.));
#8336=DIRECTION('',(0.,0.952028561285264,-0.306009180413121));
#8337=DIRECTION('',(1.,0.,0.));
#8338=DIRECTION('center_axis',(0.,-1.,0.));
#8339=DIRECTION('ref_axis',(0.,0.,-1.));
#8340=DIRECTION('',(0.,0.,-1.));
#8341=DIRECTION('',(1.,0.,0.));
#8342=DIRECTION('center_axis',(0.,-0.306009180413121,0.952028561285264));
#8343=DIRECTION('ref_axis',(0.,-0.952028561285264,-0.306009180413121));
#8344=DIRECTION('',(0.,-0.952028561285264,-0.306009180413121));
#8345=DIRECTION('center_axis',(0.,0.,-1.));
#8346=DIRECTION('ref_axis',(0.,1.,0.));
#8347=DIRECTION('',(0.,1.,0.));
#8348=DIRECTION('center_axis',(1.,0.,0.));
#8349=DIRECTION('ref_axis',(0.,0.,-1.));
#8350=DIRECTION('center_axis',(-0.707106781186548,0.707106781186548,0.));
#8351=DIRECTION('ref_axis',(0.,0.,1.));
#8352=DIRECTION('',(0.,0.,-1.));
#8353=DIRECTION('',(-0.577350269189626,-0.577350269189626,-0.577350269189626));
#8354=DIRECTION('',(0.,0.,1.));
#8355=DIRECTION('',(0.577350269189626,0.577350269189626,-0.577350269189626));
#8356=DIRECTION('center_axis',(0.,0.707106781186548,-0.707106781186548));
#8357=DIRECTION('ref_axis',(-1.,0.,0.));
#8358=DIRECTION('',(-1.,0.,0.));
#8359=DIRECTION('',(1.,0.,0.));
#8360=DIRECTION('',(0.577350269189626,-0.577350269189626,-0.577350269189626));
#8361=DIRECTION('center_axis',(0.,0.707106781186548,0.707106781186548));
#8362=DIRECTION('ref_axis',(1.,0.,0.));
#8363=DIRECTION('',(-1.,0.,0.));
#8364=DIRECTION('',(1.,0.,0.));
#8365=DIRECTION('',(-0.577350269189626,0.577350269189626,-0.577350269189626));
#8366=DIRECTION('center_axis',(0.707106781186548,0.707106781186548,0.));
#8367=DIRECTION('ref_axis',(0.,0.,-1.));
#8368=DIRECTION('',(0.,0.,-1.));
#8369=DIRECTION('',(0.,0.,1.));
#8370=DIRECTION('center_axis',(0.,0.,1.));
#8371=DIRECTION('ref_axis',(0.,-1.,0.));
#8372=DIRECTION('',(0.,-1.,0.));
#8373=DIRECTION('',(1.,0.,0.));
#8374=DIRECTION('',(0.,-1.,0.));
#8375=DIRECTION('center_axis',(1.,0.,0.));
#8376=DIRECTION('ref_axis',(0.,0.,-1.));
#8377=DIRECTION('',(0.,1.,0.));
#8378=DIRECTION('',(0.,-0.952028561285264,0.306009180413121));
#8379=DIRECTION('',(0.,0.,1.));
#8380=DIRECTION('',(0.,0.952028561285264,0.306009180413121));
#8381=DIRECTION('center_axis',(0.,1.,0.));
#8382=DIRECTION('ref_axis',(0.,0.,1.));
#8383=DIRECTION('center_axis',(0.,-0.306009180413121,-0.952028561285264));
#8384=DIRECTION('ref_axis',(0.,0.952028561285264,-0.306009180413121));
#8385=DIRECTION('',(1.,0.,0.));
#8386=DIRECTION('',(0.,0.952028561285264,-0.306009180413121));
#8387=DIRECTION('',(1.,0.,0.));
#8388=DIRECTION('center_axis',(0.,-1.,0.));
#8389=DIRECTION('ref_axis',(0.,0.,-1.));
#8390=DIRECTION('',(0.,0.,-1.));
#8391=DIRECTION('',(1.,0.,0.));
#8392=DIRECTION('center_axis',(0.,-0.306009180413121,0.952028561285264));
#8393=DIRECTION('ref_axis',(0.,-0.952028561285264,-0.306009180413121));
#8394=DIRECTION('',(0.,-0.952028561285264,-0.306009180413121));
#8395=DIRECTION('center_axis',(0.,0.,-1.));
#8396=DIRECTION('ref_axis',(0.,1.,0.));
#8397=DIRECTION('',(0.,1.,0.));
#8398=DIRECTION('center_axis',(1.,0.,0.));
#8399=DIRECTION('ref_axis',(0.,0.,-1.));
#8400=DIRECTION('center_axis',(-0.707106781186548,0.707106781186548,0.));
#8401=DIRECTION('ref_axis',(0.,0.,1.));
#8402=DIRECTION('',(0.,0.,-1.));
#8403=DIRECTION('',(-0.577350269189626,-0.577350269189626,-0.577350269189626));
#8404=DIRECTION('',(0.,0.,1.));
#8405=DIRECTION('',(0.577350269189626,0.577350269189626,-0.577350269189626));
#8406=DIRECTION('center_axis',(0.,0.707106781186548,-0.707106781186548));
#8407=DIRECTION('ref_axis',(-1.,0.,0.));
#8408=DIRECTION('',(-1.,0.,0.));
#8409=DIRECTION('',(1.,0.,0.));
#8410=DIRECTION('',(0.577350269189626,-0.577350269189626,-0.577350269189626));
#8411=DIRECTION('center_axis',(0.,0.707106781186548,0.707106781186548));
#8412=DIRECTION('ref_axis',(1.,0.,0.));
#8413=DIRECTION('',(-1.,0.,0.));
#8414=DIRECTION('',(1.,0.,0.));
#8415=DIRECTION('',(-0.577350269189626,0.577350269189626,-0.577350269189626));
#8416=DIRECTION('center_axis',(0.707106781186548,0.707106781186548,0.));
#8417=DIRECTION('ref_axis',(0.,0.,-1.));
#8418=DIRECTION('',(0.,0.,-1.));
#8419=DIRECTION('',(0.,0.,1.));
#8420=DIRECTION('center_axis',(0.,0.,1.));
#8421=DIRECTION('ref_axis',(0.,-1.,0.));
#8422=DIRECTION('',(0.,-1.,0.));
#8423=DIRECTION('',(1.,0.,0.));
#8424=DIRECTION('',(0.,-1.,0.));
#8425=DIRECTION('center_axis',(1.,0.,0.));
#8426=DIRECTION('ref_axis',(0.,0.,-1.));
#8427=DIRECTION('',(0.,1.,0.));
#8428=DIRECTION('',(0.,-0.952028561285264,0.306009180413121));
#8429=DIRECTION('',(0.,0.,1.));
#8430=DIRECTION('',(0.,0.952028561285264,0.306009180413121));
#8431=DIRECTION('center_axis',(0.,1.,0.));
#8432=DIRECTION('ref_axis',(0.,0.,1.));
#8433=DIRECTION('center_axis',(0.,-0.306009180413121,-0.952028561285264));
#8434=DIRECTION('ref_axis',(0.,0.952028561285264,-0.306009180413121));
#8435=DIRECTION('',(1.,0.,0.));
#8436=DIRECTION('',(0.,0.952028561285264,-0.306009180413121));
#8437=DIRECTION('',(1.,0.,0.));
#8438=DIRECTION('center_axis',(0.,-1.,0.));
#8439=DIRECTION('ref_axis',(0.,0.,-1.));
#8440=DIRECTION('',(0.,0.,-1.));
#8441=DIRECTION('',(1.,0.,0.));
#8442=DIRECTION('center_axis',(0.,-0.306009180413121,0.952028561285264));
#8443=DIRECTION('ref_axis',(0.,-0.952028561285264,-0.306009180413121));
#8444=DIRECTION('',(0.,-0.952028561285264,-0.306009180413121));
#8445=DIRECTION('center_axis',(0.,0.,-1.));
#8446=DIRECTION('ref_axis',(0.,1.,0.));
#8447=DIRECTION('',(0.,1.,0.));
#8448=DIRECTION('center_axis',(1.,0.,0.));
#8449=DIRECTION('ref_axis',(0.,0.,-1.));
#8450=DIRECTION('center_axis',(-0.707106781186548,0.707106781186548,0.));
#8451=DIRECTION('ref_axis',(0.,0.,1.));
#8452=DIRECTION('',(0.,0.,-1.));
#8453=DIRECTION('',(-0.577350269189626,-0.577350269189626,-0.577350269189626));
#8454=DIRECTION('',(0.,0.,1.));
#8455=DIRECTION('',(0.577350269189626,0.577350269189626,-0.577350269189626));
#8456=DIRECTION('center_axis',(0.,0.707106781186548,-0.707106781186548));
#8457=DIRECTION('ref_axis',(-1.,0.,0.));
#8458=DIRECTION('',(-1.,0.,0.));
#8459=DIRECTION('',(1.,0.,0.));
#8460=DIRECTION('',(0.577350269189626,-0.577350269189626,-0.577350269189626));
#8461=DIRECTION('center_axis',(0.,0.707106781186548,0.707106781186548));
#8462=DIRECTION('ref_axis',(1.,0.,0.));
#8463=DIRECTION('',(-1.,0.,0.));
#8464=DIRECTION('',(1.,0.,0.));
#8465=DIRECTION('',(-0.577350269189626,0.577350269189626,-0.577350269189626));
#8466=DIRECTION('center_axis',(0.707106781186548,0.707106781186548,0.));
#8467=DIRECTION('ref_axis',(0.,0.,-1.));
#8468=DIRECTION('',(0.,0.,-1.));
#8469=DIRECTION('',(0.,0.,1.));
#8470=DIRECTION('center_axis',(0.,0.,1.));
#8471=DIRECTION('ref_axis',(0.,-1.,0.));
#8472=DIRECTION('',(0.,-1.,0.));
#8473=DIRECTION('',(1.,0.,0.));
#8474=DIRECTION('',(0.,-1.,0.));
#8475=DIRECTION('center_axis',(1.,0.,0.));
#8476=DIRECTION('ref_axis',(0.,0.,-1.));
#8477=DIRECTION('',(0.,1.,0.));
#8478=DIRECTION('',(0.,-0.952028561285264,0.306009180413121));
#8479=DIRECTION('',(0.,0.,1.));
#8480=DIRECTION('',(0.,0.952028561285264,0.306009180413121));
#8481=DIRECTION('center_axis',(0.,1.,0.));
#8482=DIRECTION('ref_axis',(0.,0.,1.));
#8483=DIRECTION('center_axis',(0.,-0.306009180413121,-0.952028561285264));
#8484=DIRECTION('ref_axis',(0.,0.952028561285264,-0.306009180413121));
#8485=DIRECTION('',(1.,0.,0.));
#8486=DIRECTION('',(0.,0.952028561285264,-0.306009180413121));
#8487=DIRECTION('',(1.,0.,0.));
#8488=DIRECTION('center_axis',(0.,-1.,0.));
#8489=DIRECTION('ref_axis',(0.,0.,-1.));
#8490=DIRECTION('',(0.,0.,-1.));
#8491=DIRECTION('',(1.,0.,0.));
#8492=DIRECTION('center_axis',(0.,-0.306009180413121,0.952028561285264));
#8493=DIRECTION('ref_axis',(0.,-0.952028561285264,-0.306009180413121));
#8494=DIRECTION('',(0.,-0.952028561285264,-0.306009180413121));
#8495=DIRECTION('center_axis',(0.,0.,-1.));
#8496=DIRECTION('ref_axis',(0.,1.,0.));
#8497=DIRECTION('',(0.,1.,0.));
#8498=DIRECTION('center_axis',(1.,0.,0.));
#8499=DIRECTION('ref_axis',(0.,0.,-1.));
#8500=DIRECTION('center_axis',(-0.707106781186548,0.707106781186548,0.));
#8501=DIRECTION('ref_axis',(0.,0.,1.));
#8502=DIRECTION('',(0.,0.,-1.));
#8503=DIRECTION('',(-0.577350269189626,-0.577350269189626,-0.577350269189626));
#8504=DIRECTION('',(0.,0.,1.));
#8505=DIRECTION('',(0.577350269189626,0.577350269189626,-0.577350269189626));
#8506=DIRECTION('center_axis',(0.,0.707106781186548,-0.707106781186548));
#8507=DIRECTION('ref_axis',(-1.,0.,0.));
#8508=DIRECTION('',(-1.,0.,0.));
#8509=DIRECTION('',(1.,0.,0.));
#8510=DIRECTION('',(0.577350269189626,-0.577350269189626,-0.577350269189626));
#8511=DIRECTION('center_axis',(0.,0.707106781186548,0.707106781186548));
#8512=DIRECTION('ref_axis',(1.,0.,0.));
#8513=DIRECTION('',(-1.,0.,0.));
#8514=DIRECTION('',(1.,0.,0.));
#8515=DIRECTION('',(-0.577350269189626,0.577350269189626,-0.577350269189626));
#8516=DIRECTION('center_axis',(0.707106781186548,0.707106781186548,0.));
#8517=DIRECTION('ref_axis',(0.,0.,-1.));
#8518=DIRECTION('',(0.,0.,-1.));
#8519=DIRECTION('',(0.,0.,1.));
#8520=DIRECTION('center_axis',(0.,0.,1.));
#8521=DIRECTION('ref_axis',(0.,-1.,0.));
#8522=DIRECTION('',(0.,-1.,0.));
#8523=DIRECTION('',(1.,0.,0.));
#8524=DIRECTION('',(0.,-1.,0.));
#8525=DIRECTION('center_axis',(1.,0.,0.));
#8526=DIRECTION('ref_axis',(0.,0.,-1.));
#8527=DIRECTION('',(0.,1.,0.));
#8528=DIRECTION('',(0.,-0.952028561285264,0.306009180413121));
#8529=DIRECTION('',(0.,0.,1.));
#8530=DIRECTION('',(0.,0.952028561285264,0.306009180413121));
#8531=DIRECTION('center_axis',(0.,1.,0.));
#8532=DIRECTION('ref_axis',(0.,0.,1.));
#8533=DIRECTION('center_axis',(0.,-0.306009180413121,-0.952028561285264));
#8534=DIRECTION('ref_axis',(0.,0.952028561285264,-0.306009180413121));
#8535=DIRECTION('',(1.,0.,0.));
#8536=DIRECTION('',(0.,0.952028561285264,-0.306009180413121));
#8537=DIRECTION('',(1.,0.,0.));
#8538=DIRECTION('center_axis',(0.,-1.,0.));
#8539=DIRECTION('ref_axis',(0.,0.,-1.));
#8540=DIRECTION('',(0.,0.,-1.));
#8541=DIRECTION('',(1.,0.,0.));
#8542=DIRECTION('center_axis',(0.,-0.306009180413121,0.952028561285264));
#8543=DIRECTION('ref_axis',(0.,-0.952028561285264,-0.306009180413121));
#8544=DIRECTION('',(0.,-0.952028561285264,-0.306009180413121));
#8545=DIRECTION('center_axis',(0.,0.,-1.));
#8546=DIRECTION('ref_axis',(0.,1.,0.));
#8547=DIRECTION('',(0.,1.,0.));
#8548=DIRECTION('center_axis',(1.,0.,0.));
#8549=DIRECTION('ref_axis',(0.,0.,-1.));
#8550=DIRECTION('center_axis',(-0.707106781186548,0.707106781186548,0.));
#8551=DIRECTION('ref_axis',(0.,0.,1.));
#8552=DIRECTION('',(0.,0.,-1.));
#8553=DIRECTION('',(-0.577350269189626,-0.577350269189626,-0.577350269189626));
#8554=DIRECTION('',(0.,0.,1.));
#8555=DIRECTION('',(0.577350269189626,0.577350269189626,-0.577350269189626));
#8556=DIRECTION('center_axis',(0.,0.707106781186548,-0.707106781186548));
#8557=DIRECTION('ref_axis',(-1.,0.,0.));
#8558=DIRECTION('',(-1.,0.,0.));
#8559=DIRECTION('',(1.,0.,0.));
#8560=DIRECTION('',(0.577350269189626,-0.577350269189626,-0.577350269189626));
#8561=DIRECTION('center_axis',(0.,0.707106781186548,0.707106781186548));
#8562=DIRECTION('ref_axis',(1.,0.,0.));
#8563=DIRECTION('',(-1.,0.,0.));
#8564=DIRECTION('',(1.,0.,0.));
#8565=DIRECTION('',(-0.577350269189626,0.577350269189626,-0.577350269189626));
#8566=DIRECTION('center_axis',(0.707106781186548,0.707106781186548,0.));
#8567=DIRECTION('ref_axis',(0.,0.,-1.));
#8568=DIRECTION('',(0.,0.,-1.));
#8569=DIRECTION('',(0.,0.,1.));
#8570=DIRECTION('center_axis',(0.,0.,1.));
#8571=DIRECTION('ref_axis',(0.,-1.,0.));
#8572=DIRECTION('',(0.,-1.,0.));
#8573=DIRECTION('',(1.,0.,0.));
#8574=DIRECTION('',(0.,-1.,0.));
#8575=DIRECTION('center_axis',(1.,0.,0.));
#8576=DIRECTION('ref_axis',(0.,0.,-1.));
#8577=DIRECTION('',(0.,1.,0.));
#8578=DIRECTION('',(0.,-0.952028561285264,0.306009180413121));
#8579=DIRECTION('',(0.,0.,1.));
#8580=DIRECTION('',(0.,0.952028561285264,0.306009180413121));
#8581=DIRECTION('center_axis',(0.,1.,0.));
#8582=DIRECTION('ref_axis',(0.,0.,1.));
#8583=DIRECTION('center_axis',(0.,-0.306009180413121,-0.952028561285264));
#8584=DIRECTION('ref_axis',(0.,0.952028561285264,-0.306009180413121));
#8585=DIRECTION('',(1.,0.,0.));
#8586=DIRECTION('',(0.,0.952028561285264,-0.306009180413121));
#8587=DIRECTION('',(1.,0.,0.));
#8588=DIRECTION('center_axis',(0.,-1.,0.));
#8589=DIRECTION('ref_axis',(0.,0.,-1.));
#8590=DIRECTION('',(0.,0.,-1.));
#8591=DIRECTION('',(1.,0.,0.));
#8592=DIRECTION('center_axis',(0.,-0.306009180413121,0.952028561285264));
#8593=DIRECTION('ref_axis',(0.,-0.952028561285264,-0.306009180413121));
#8594=DIRECTION('',(0.,-0.952028561285264,-0.306009180413121));
#8595=DIRECTION('center_axis',(0.,0.,-1.));
#8596=DIRECTION('ref_axis',(0.,1.,0.));
#8597=DIRECTION('',(0.,1.,0.));
#8598=DIRECTION('center_axis',(1.,0.,0.));
#8599=DIRECTION('ref_axis',(0.,0.,-1.));
#8600=DIRECTION('center_axis',(-0.707106781186548,0.707106781186548,0.));
#8601=DIRECTION('ref_axis',(0.,0.,1.));
#8602=DIRECTION('',(0.,0.,-1.));
#8603=DIRECTION('',(-0.577350269189626,-0.577350269189626,-0.577350269189626));
#8604=DIRECTION('',(0.,0.,1.));
#8605=DIRECTION('',(0.577350269189626,0.577350269189626,-0.577350269189626));
#8606=DIRECTION('center_axis',(0.,0.707106781186548,-0.707106781186548));
#8607=DIRECTION('ref_axis',(-1.,0.,0.));
#8608=DIRECTION('',(-1.,0.,0.));
#8609=DIRECTION('',(1.,0.,0.));
#8610=DIRECTION('',(0.577350269189626,-0.577350269189626,-0.577350269189626));
#8611=DIRECTION('center_axis',(0.,0.707106781186548,0.707106781186548));
#8612=DIRECTION('ref_axis',(1.,0.,0.));
#8613=DIRECTION('',(-1.,0.,0.));
#8614=DIRECTION('',(1.,0.,0.));
#8615=DIRECTION('',(-0.577350269189626,0.577350269189626,-0.577350269189626));
#8616=DIRECTION('center_axis',(0.707106781186548,0.707106781186548,0.));
#8617=DIRECTION('ref_axis',(0.,0.,-1.));
#8618=DIRECTION('',(0.,0.,-1.));
#8619=DIRECTION('',(0.,0.,1.));
#8620=DIRECTION('center_axis',(0.,0.,1.));
#8621=DIRECTION('ref_axis',(0.,-1.,0.));
#8622=DIRECTION('',(0.,-1.,0.));
#8623=DIRECTION('',(1.,0.,0.));
#8624=DIRECTION('',(0.,-1.,0.));
#8625=DIRECTION('center_axis',(1.,0.,0.));
#8626=DIRECTION('ref_axis',(0.,0.,-1.));
#8627=DIRECTION('',(0.,1.,0.));
#8628=DIRECTION('',(0.,-0.952028561285264,0.306009180413121));
#8629=DIRECTION('',(0.,0.,1.));
#8630=DIRECTION('',(0.,0.952028561285264,0.306009180413121));
#8631=DIRECTION('center_axis',(0.,1.,0.));
#8632=DIRECTION('ref_axis',(0.,0.,1.));
#8633=DIRECTION('center_axis',(0.,-0.306009180413121,-0.952028561285264));
#8634=DIRECTION('ref_axis',(0.,0.952028561285264,-0.306009180413121));
#8635=DIRECTION('',(1.,0.,0.));
#8636=DIRECTION('',(0.,0.952028561285264,-0.306009180413121));
#8637=DIRECTION('',(1.,0.,0.));
#8638=DIRECTION('center_axis',(0.,-1.,0.));
#8639=DIRECTION('ref_axis',(0.,0.,-1.));
#8640=DIRECTION('',(0.,0.,-1.));
#8641=DIRECTION('',(1.,0.,0.));
#8642=DIRECTION('center_axis',(0.,-0.306009180413121,0.952028561285264));
#8643=DIRECTION('ref_axis',(0.,-0.952028561285264,-0.306009180413121));
#8644=DIRECTION('',(0.,-0.952028561285264,-0.306009180413121));
#8645=DIRECTION('center_axis',(0.,0.,-1.));
#8646=DIRECTION('ref_axis',(0.,1.,0.));
#8647=DIRECTION('',(0.,1.,0.));
#8648=DIRECTION('center_axis',(1.,0.,0.));
#8649=DIRECTION('ref_axis',(0.,0.,-1.));
#8650=DIRECTION('center_axis',(-0.707106781186548,0.707106781186548,0.));
#8651=DIRECTION('ref_axis',(0.,0.,1.));
#8652=DIRECTION('',(0.,0.,-1.));
#8653=DIRECTION('',(-0.577350269189626,-0.577350269189626,-0.577350269189626));
#8654=DIRECTION('',(0.,0.,1.));
#8655=DIRECTION('',(0.577350269189626,0.577350269189626,-0.577350269189626));
#8656=DIRECTION('center_axis',(0.,0.707106781186548,-0.707106781186548));
#8657=DIRECTION('ref_axis',(-1.,0.,0.));
#8658=DIRECTION('',(-1.,0.,0.));
#8659=DIRECTION('',(1.,0.,0.));
#8660=DIRECTION('',(0.577350269189626,-0.577350269189626,-0.577350269189626));
#8661=DIRECTION('center_axis',(0.,0.707106781186548,0.707106781186548));
#8662=DIRECTION('ref_axis',(1.,0.,0.));
#8663=DIRECTION('',(-1.,0.,0.));
#8664=DIRECTION('',(1.,0.,0.));
#8665=DIRECTION('',(-0.577350269189626,0.577350269189626,-0.577350269189626));
#8666=DIRECTION('center_axis',(0.707106781186548,0.707106781186548,0.));
#8667=DIRECTION('ref_axis',(0.,0.,-1.));
#8668=DIRECTION('',(0.,0.,-1.));
#8669=DIRECTION('',(0.,0.,1.));
#8670=DIRECTION('center_axis',(0.,0.,1.));
#8671=DIRECTION('ref_axis',(0.,-1.,0.));
#8672=DIRECTION('',(0.,-1.,0.));
#8673=DIRECTION('',(1.,0.,0.));
#8674=DIRECTION('',(0.,-1.,0.));
#8675=DIRECTION('center_axis',(1.,0.,0.));
#8676=DIRECTION('ref_axis',(0.,0.,-1.));
#8677=DIRECTION('',(0.,1.,0.));
#8678=DIRECTION('',(0.,-0.952028561285264,0.306009180413121));
#8679=DIRECTION('',(0.,0.,1.));
#8680=DIRECTION('',(0.,0.952028561285264,0.306009180413121));
#8681=DIRECTION('center_axis',(0.,1.,0.));
#8682=DIRECTION('ref_axis',(0.,0.,1.));
#8683=DIRECTION('center_axis',(0.,-0.306009180413121,-0.952028561285264));
#8684=DIRECTION('ref_axis',(0.,0.952028561285264,-0.306009180413121));
#8685=DIRECTION('',(1.,0.,0.));
#8686=DIRECTION('',(0.,0.952028561285264,-0.306009180413121));
#8687=DIRECTION('',(1.,0.,0.));
#8688=DIRECTION('center_axis',(0.,-1.,0.));
#8689=DIRECTION('ref_axis',(0.,0.,-1.));
#8690=DIRECTION('',(0.,0.,-1.));
#8691=DIRECTION('',(1.,0.,0.));
#8692=DIRECTION('center_axis',(0.,-0.306009180413121,0.952028561285264));
#8693=DIRECTION('ref_axis',(0.,-0.952028561285264,-0.306009180413121));
#8694=DIRECTION('',(0.,-0.952028561285264,-0.306009180413121));
#8695=DIRECTION('center_axis',(0.,0.,-1.));
#8696=DIRECTION('ref_axis',(0.,1.,0.));
#8697=DIRECTION('',(0.,1.,0.));
#8698=DIRECTION('center_axis',(1.,0.,0.));
#8699=DIRECTION('ref_axis',(0.,0.,-1.));
#8700=DIRECTION('center_axis',(-0.707106781186548,0.707106781186548,0.));
#8701=DIRECTION('ref_axis',(0.,0.,1.));
#8702=DIRECTION('',(0.,0.,-1.));
#8703=DIRECTION('',(-0.577350269189626,-0.577350269189626,-0.577350269189626));
#8704=DIRECTION('',(0.,0.,1.));
#8705=DIRECTION('',(0.577350269189626,0.577350269189626,-0.577350269189626));
#8706=DIRECTION('center_axis',(0.,0.707106781186548,-0.707106781186548));
#8707=DIRECTION('ref_axis',(-1.,0.,0.));
#8708=DIRECTION('',(-1.,0.,0.));
#8709=DIRECTION('',(1.,0.,0.));
#8710=DIRECTION('',(0.577350269189626,-0.577350269189626,-0.577350269189626));
#8711=DIRECTION('center_axis',(0.,0.707106781186548,0.707106781186548));
#8712=DIRECTION('ref_axis',(1.,0.,0.));
#8713=DIRECTION('',(-1.,0.,0.));
#8714=DIRECTION('',(1.,0.,0.));
#8715=DIRECTION('',(-0.577350269189626,0.577350269189626,-0.577350269189626));
#8716=DIRECTION('center_axis',(0.707106781186548,0.707106781186548,0.));
#8717=DIRECTION('ref_axis',(0.,0.,-1.));
#8718=DIRECTION('',(0.,0.,-1.));
#8719=DIRECTION('',(0.,0.,1.));
#8720=DIRECTION('center_axis',(0.,0.,1.));
#8721=DIRECTION('ref_axis',(0.,-1.,0.));
#8722=DIRECTION('',(0.,-1.,0.));
#8723=DIRECTION('',(1.,0.,0.));
#8724=DIRECTION('',(0.,-1.,0.));
#8725=DIRECTION('center_axis',(1.,0.,0.));
#8726=DIRECTION('ref_axis',(0.,0.,-1.));
#8727=DIRECTION('',(0.,1.,0.));
#8728=DIRECTION('',(0.,-0.952028561285264,0.306009180413121));
#8729=DIRECTION('',(0.,0.,1.));
#8730=DIRECTION('',(0.,0.952028561285264,0.306009180413121));
#8731=DIRECTION('center_axis',(0.,1.,0.));
#8732=DIRECTION('ref_axis',(0.,0.,1.));
#8733=DIRECTION('center_axis',(0.,-0.306009180413121,-0.952028561285264));
#8734=DIRECTION('ref_axis',(0.,0.952028561285264,-0.306009180413121));
#8735=DIRECTION('',(1.,0.,0.));
#8736=DIRECTION('',(0.,0.952028561285264,-0.306009180413121));
#8737=DIRECTION('',(1.,0.,0.));
#8738=DIRECTION('center_axis',(0.,-1.,0.));
#8739=DIRECTION('ref_axis',(0.,0.,-1.));
#8740=DIRECTION('',(0.,0.,-1.));
#8741=DIRECTION('',(1.,0.,0.));
#8742=DIRECTION('center_axis',(0.,-0.306009180413121,0.952028561285264));
#8743=DIRECTION('ref_axis',(0.,-0.952028561285264,-0.306009180413121));
#8744=DIRECTION('',(0.,-0.952028561285264,-0.306009180413121));
#8745=DIRECTION('center_axis',(0.,0.,-1.));
#8746=DIRECTION('ref_axis',(0.,1.,0.));
#8747=DIRECTION('',(0.,1.,0.));
#8748=DIRECTION('center_axis',(1.,0.,0.));
#8749=DIRECTION('ref_axis',(0.,0.,-1.));
#8750=DIRECTION('center_axis',(-0.707106781186548,0.707106781186548,0.));
#8751=DIRECTION('ref_axis',(0.,0.,1.));
#8752=DIRECTION('',(0.,0.,-1.));
#8753=DIRECTION('',(-0.577350269189626,-0.577350269189626,-0.577350269189626));
#8754=DIRECTION('',(0.,0.,1.));
#8755=DIRECTION('',(0.577350269189626,0.577350269189626,-0.577350269189626));
#8756=DIRECTION('center_axis',(0.,0.707106781186548,-0.707106781186548));
#8757=DIRECTION('ref_axis',(-1.,0.,0.));
#8758=DIRECTION('',(-1.,0.,0.));
#8759=DIRECTION('',(1.,0.,0.));
#8760=DIRECTION('',(0.577350269189626,-0.577350269189626,-0.577350269189626));
#8761=DIRECTION('center_axis',(0.,0.707106781186548,0.707106781186548));
#8762=DIRECTION('ref_axis',(1.,0.,0.));
#8763=DIRECTION('',(-1.,0.,0.));
#8764=DIRECTION('',(1.,0.,0.));
#8765=DIRECTION('',(-0.577350269189626,0.577350269189626,-0.577350269189626));
#8766=DIRECTION('center_axis',(0.707106781186548,0.707106781186548,0.));
#8767=DIRECTION('ref_axis',(0.,0.,-1.));
#8768=DIRECTION('',(0.,0.,-1.));
#8769=DIRECTION('',(0.,0.,1.));
#8770=DIRECTION('center_axis',(0.,0.,1.));
#8771=DIRECTION('ref_axis',(0.,-1.,0.));
#8772=DIRECTION('',(0.,-1.,0.));
#8773=DIRECTION('',(1.,0.,0.));
#8774=DIRECTION('',(0.,-1.,0.));
#8775=DIRECTION('center_axis',(1.,0.,0.));
#8776=DIRECTION('ref_axis',(0.,0.,-1.));
#8777=DIRECTION('',(0.,1.,0.));
#8778=DIRECTION('',(0.,-0.952028561285264,0.306009180413121));
#8779=DIRECTION('',(0.,0.,1.));
#8780=DIRECTION('',(0.,0.952028561285264,0.306009180413121));
#8781=DIRECTION('center_axis',(0.,1.,0.));
#8782=DIRECTION('ref_axis',(0.,0.,1.));
#8783=DIRECTION('center_axis',(0.,-0.306009180413121,-0.952028561285264));
#8784=DIRECTION('ref_axis',(0.,0.952028561285264,-0.306009180413121));
#8785=DIRECTION('',(1.,0.,0.));
#8786=DIRECTION('',(0.,0.952028561285264,-0.306009180413121));
#8787=DIRECTION('',(1.,0.,0.));
#8788=DIRECTION('center_axis',(0.,-1.,0.));
#8789=DIRECTION('ref_axis',(0.,0.,-1.));
#8790=DIRECTION('',(0.,0.,-1.));
#8791=DIRECTION('',(1.,0.,0.));
#8792=DIRECTION('center_axis',(0.,-0.306009180413121,0.952028561285264));
#8793=DIRECTION('ref_axis',(0.,-0.952028561285264,-0.306009180413121));
#8794=DIRECTION('',(0.,-0.952028561285264,-0.306009180413121));
#8795=DIRECTION('center_axis',(0.,0.,-1.));
#8796=DIRECTION('ref_axis',(0.,1.,0.));
#8797=DIRECTION('',(0.,1.,0.));
#8798=DIRECTION('center_axis',(1.,0.,0.));
#8799=DIRECTION('ref_axis',(0.,0.,-1.));
#8800=DIRECTION('center_axis',(-0.707106781186548,0.707106781186548,0.));
#8801=DIRECTION('ref_axis',(0.,0.,1.));
#8802=DIRECTION('',(0.,0.,-1.));
#8803=DIRECTION('',(-0.577350269189626,-0.577350269189626,-0.577350269189626));
#8804=DIRECTION('',(0.,0.,1.));
#8805=DIRECTION('',(0.577350269189626,0.577350269189626,-0.577350269189626));
#8806=DIRECTION('center_axis',(0.,0.707106781186548,-0.707106781186548));
#8807=DIRECTION('ref_axis',(-1.,0.,0.));
#8808=DIRECTION('',(-1.,0.,0.));
#8809=DIRECTION('',(1.,0.,0.));
#8810=DIRECTION('',(0.577350269189626,-0.577350269189626,-0.577350269189626));
#8811=DIRECTION('center_axis',(0.,0.707106781186548,0.707106781186548));
#8812=DIRECTION('ref_axis',(1.,0.,0.));
#8813=DIRECTION('',(-1.,0.,0.));
#8814=DIRECTION('',(1.,0.,0.));
#8815=DIRECTION('',(-0.577350269189626,0.577350269189626,-0.577350269189626));
#8816=DIRECTION('center_axis',(0.707106781186548,0.707106781186548,0.));
#8817=DIRECTION('ref_axis',(0.,0.,-1.));
#8818=DIRECTION('',(0.,0.,-1.));
#8819=DIRECTION('',(0.,0.,1.));
#8820=DIRECTION('center_axis',(0.,0.,1.));
#8821=DIRECTION('ref_axis',(0.,-1.,0.));
#8822=DIRECTION('',(0.,-1.,0.));
#8823=DIRECTION('',(1.,0.,0.));
#8824=DIRECTION('',(0.,-1.,0.));
#8825=DIRECTION('center_axis',(1.,0.,0.));
#8826=DIRECTION('ref_axis',(0.,0.,-1.));
#8827=DIRECTION('',(0.,1.,0.));
#8828=DIRECTION('',(0.,-0.952028561285264,0.306009180413121));
#8829=DIRECTION('',(0.,0.,1.));
#8830=DIRECTION('',(0.,0.952028561285264,0.306009180413121));
#8831=DIRECTION('center_axis',(0.,1.,0.));
#8832=DIRECTION('ref_axis',(0.,0.,1.));
#8833=DIRECTION('center_axis',(0.,-0.306009180413121,-0.952028561285264));
#8834=DIRECTION('ref_axis',(0.,0.952028561285264,-0.306009180413121));
#8835=DIRECTION('',(1.,0.,0.));
#8836=DIRECTION('',(0.,0.952028561285264,-0.306009180413121));
#8837=DIRECTION('',(1.,0.,0.));
#8838=DIRECTION('center_axis',(0.,-1.,0.));
#8839=DIRECTION('ref_axis',(0.,0.,-1.));
#8840=DIRECTION('',(0.,0.,-1.));
#8841=DIRECTION('',(1.,0.,0.));
#8842=DIRECTION('center_axis',(0.,-0.306009180413121,0.952028561285264));
#8843=DIRECTION('ref_axis',(0.,-0.952028561285264,-0.306009180413121));
#8844=DIRECTION('',(0.,-0.952028561285264,-0.306009180413121));
#8845=DIRECTION('center_axis',(0.,0.,-1.));
#8846=DIRECTION('ref_axis',(0.,1.,0.));
#8847=DIRECTION('',(0.,1.,0.));
#8848=DIRECTION('center_axis',(1.,0.,0.));
#8849=DIRECTION('ref_axis',(0.,0.,-1.));
#8850=DIRECTION('center_axis',(-0.707106781186548,0.707106781186548,0.));
#8851=DIRECTION('ref_axis',(0.,0.,1.));
#8852=DIRECTION('',(0.,0.,-1.));
#8853=DIRECTION('',(-0.577350269189626,-0.577350269189626,-0.577350269189626));
#8854=DIRECTION('',(0.,0.,1.));
#8855=DIRECTION('',(0.577350269189626,0.577350269189626,-0.577350269189626));
#8856=DIRECTION('center_axis',(0.,0.707106781186548,-0.707106781186548));
#8857=DIRECTION('ref_axis',(-1.,0.,0.));
#8858=DIRECTION('',(-1.,0.,0.));
#8859=DIRECTION('',(1.,0.,0.));
#8860=DIRECTION('',(0.577350269189626,-0.577350269189626,-0.577350269189626));
#8861=DIRECTION('center_axis',(0.,0.707106781186548,0.707106781186548));
#8862=DIRECTION('ref_axis',(1.,0.,0.));
#8863=DIRECTION('',(-1.,0.,0.));
#8864=DIRECTION('',(1.,0.,0.));
#8865=DIRECTION('',(-0.577350269189626,0.577350269189626,-0.577350269189626));
#8866=DIRECTION('center_axis',(0.707106781186548,0.707106781186548,0.));
#8867=DIRECTION('ref_axis',(0.,0.,-1.));
#8868=DIRECTION('',(0.,0.,-1.));
#8869=DIRECTION('',(0.,0.,1.));
#8870=DIRECTION('center_axis',(0.,0.,1.));
#8871=DIRECTION('ref_axis',(0.,-1.,0.));
#8872=DIRECTION('',(0.,-1.,0.));
#8873=DIRECTION('',(1.,0.,0.));
#8874=DIRECTION('',(0.,-1.,0.));
#8875=DIRECTION('center_axis',(1.,0.,0.));
#8876=DIRECTION('ref_axis',(0.,0.,-1.));
#8877=DIRECTION('',(0.,1.,0.));
#8878=DIRECTION('',(0.,-0.952028561285264,0.306009180413121));
#8879=DIRECTION('',(0.,0.,1.));
#8880=DIRECTION('',(0.,0.952028561285264,0.306009180413121));
#8881=DIRECTION('center_axis',(0.,1.,0.));
#8882=DIRECTION('ref_axis',(0.,0.,1.));
#8883=DIRECTION('center_axis',(0.,-0.306009180413121,-0.952028561285264));
#8884=DIRECTION('ref_axis',(0.,0.952028561285264,-0.306009180413121));
#8885=DIRECTION('',(1.,0.,0.));
#8886=DIRECTION('',(0.,0.952028561285264,-0.306009180413121));
#8887=DIRECTION('',(1.,0.,0.));
#8888=DIRECTION('center_axis',(0.,-1.,0.));
#8889=DIRECTION('ref_axis',(0.,0.,-1.));
#8890=DIRECTION('',(0.,0.,-1.));
#8891=DIRECTION('',(1.,0.,0.));
#8892=DIRECTION('center_axis',(0.,-0.306009180413121,0.952028561285264));
#8893=DIRECTION('ref_axis',(0.,-0.952028561285264,-0.306009180413121));
#8894=DIRECTION('',(0.,-0.952028561285264,-0.306009180413121));
#8895=DIRECTION('center_axis',(0.,0.,-1.));
#8896=DIRECTION('ref_axis',(0.,1.,0.));
#8897=DIRECTION('',(0.,1.,0.));
#8898=DIRECTION('center_axis',(1.,0.,0.));
#8899=DIRECTION('ref_axis',(0.,0.,-1.));
#8900=DIRECTION('center_axis',(-0.707106781186548,0.707106781186548,0.));
#8901=DIRECTION('ref_axis',(0.,0.,1.));
#8902=DIRECTION('',(0.,0.,-1.));
#8903=DIRECTION('',(-0.577350269189626,-0.577350269189626,-0.577350269189626));
#8904=DIRECTION('',(0.,0.,1.));
#8905=DIRECTION('',(0.577350269189626,0.577350269189626,-0.577350269189626));
#8906=DIRECTION('center_axis',(0.,0.707106781186548,-0.707106781186548));
#8907=DIRECTION('ref_axis',(-1.,0.,0.));
#8908=DIRECTION('',(-1.,0.,0.));
#8909=DIRECTION('',(1.,0.,0.));
#8910=DIRECTION('',(0.577350269189626,-0.577350269189626,-0.577350269189626));
#8911=DIRECTION('center_axis',(0.,0.707106781186548,0.707106781186548));
#8912=DIRECTION('ref_axis',(1.,0.,0.));
#8913=DIRECTION('',(-1.,0.,0.));
#8914=DIRECTION('',(1.,0.,0.));
#8915=DIRECTION('',(-0.577350269189626,0.577350269189626,-0.577350269189626));
#8916=DIRECTION('center_axis',(0.707106781186548,0.707106781186548,0.));
#8917=DIRECTION('ref_axis',(0.,0.,-1.));
#8918=DIRECTION('',(0.,0.,-1.));
#8919=DIRECTION('',(0.,0.,1.));
#8920=DIRECTION('center_axis',(0.,0.,1.));
#8921=DIRECTION('ref_axis',(0.,-1.,0.));
#8922=DIRECTION('',(0.,-1.,0.));
#8923=DIRECTION('',(1.,0.,0.));
#8924=DIRECTION('',(0.,-1.,0.));
#8925=DIRECTION('center_axis',(1.,0.,0.));
#8926=DIRECTION('ref_axis',(0.,0.,-1.));
#8927=DIRECTION('',(0.,1.,0.));
#8928=DIRECTION('',(0.,-0.952028561285264,0.306009180413121));
#8929=DIRECTION('',(0.,0.,1.));
#8930=DIRECTION('',(0.,0.952028561285264,0.306009180413121));
#8931=DIRECTION('center_axis',(0.,1.,0.));
#8932=DIRECTION('ref_axis',(0.,0.,1.));
#8933=DIRECTION('center_axis',(0.,-0.306009180413121,-0.952028561285264));
#8934=DIRECTION('ref_axis',(0.,0.952028561285264,-0.306009180413121));
#8935=DIRECTION('',(1.,0.,0.));
#8936=DIRECTION('',(0.,0.952028561285264,-0.306009180413121));
#8937=DIRECTION('',(1.,0.,0.));
#8938=DIRECTION('center_axis',(0.,-1.,0.));
#8939=DIRECTION('ref_axis',(0.,0.,-1.));
#8940=DIRECTION('',(0.,0.,-1.));
#8941=DIRECTION('',(1.,0.,0.));
#8942=DIRECTION('center_axis',(0.,-0.306009180413121,0.952028561285264));
#8943=DIRECTION('ref_axis',(0.,-0.952028561285264,-0.306009180413121));
#8944=DIRECTION('',(0.,-0.952028561285264,-0.306009180413121));
#8945=DIRECTION('center_axis',(0.,0.,-1.));
#8946=DIRECTION('ref_axis',(0.,1.,0.));
#8947=DIRECTION('',(0.,1.,0.));
#8948=DIRECTION('center_axis',(1.,0.,0.));
#8949=DIRECTION('ref_axis',(0.,0.,-1.));
#8950=DIRECTION('center_axis',(-0.707106781186548,0.707106781186548,0.));
#8951=DIRECTION('ref_axis',(0.,0.,1.));
#8952=DIRECTION('',(0.,0.,-1.));
#8953=DIRECTION('',(-0.577350269189626,-0.577350269189626,-0.577350269189626));
#8954=DIRECTION('',(0.,0.,1.));
#8955=DIRECTION('',(0.577350269189626,0.577350269189626,-0.577350269189626));
#8956=DIRECTION('center_axis',(0.,0.707106781186548,-0.707106781186548));
#8957=DIRECTION('ref_axis',(-1.,0.,0.));
#8958=DIRECTION('',(-1.,0.,0.));
#8959=DIRECTION('',(1.,0.,0.));
#8960=DIRECTION('',(0.577350269189626,-0.577350269189626,-0.577350269189626));
#8961=DIRECTION('center_axis',(0.,0.707106781186548,0.707106781186548));
#8962=DIRECTION('ref_axis',(1.,0.,0.));
#8963=DIRECTION('',(-1.,0.,0.));
#8964=DIRECTION('',(1.,0.,0.));
#8965=DIRECTION('',(-0.577350269189626,0.577350269189626,-0.577350269189626));
#8966=DIRECTION('center_axis',(0.707106781186548,0.707106781186548,0.));
#8967=DIRECTION('ref_axis',(0.,0.,-1.));
#8968=DIRECTION('',(0.,0.,-1.));
#8969=DIRECTION('',(0.,0.,1.));
#8970=DIRECTION('center_axis',(0.,0.,1.));
#8971=DIRECTION('ref_axis',(0.,-1.,0.));
#8972=DIRECTION('',(0.,-1.,0.));
#8973=DIRECTION('',(1.,0.,0.));
#8974=DIRECTION('',(0.,-1.,0.));
#8975=DIRECTION('center_axis',(1.,0.,0.));
#8976=DIRECTION('ref_axis',(0.,0.,-1.));
#8977=DIRECTION('',(0.,1.,0.));
#8978=DIRECTION('',(0.,-0.952028561285264,0.306009180413121));
#8979=DIRECTION('',(0.,0.,1.));
#8980=DIRECTION('',(0.,0.952028561285264,0.306009180413121));
#8981=DIRECTION('center_axis',(0.,1.,0.));
#8982=DIRECTION('ref_axis',(0.,0.,1.));
#8983=DIRECTION('center_axis',(0.,-0.306009180413121,-0.952028561285264));
#8984=DIRECTION('ref_axis',(0.,0.952028561285264,-0.306009180413121));
#8985=DIRECTION('',(1.,0.,0.));
#8986=DIRECTION('',(0.,0.952028561285264,-0.306009180413121));
#8987=DIRECTION('',(1.,0.,0.));
#8988=DIRECTION('center_axis',(0.,-1.,0.));
#8989=DIRECTION('ref_axis',(0.,0.,-1.));
#8990=DIRECTION('',(0.,0.,-1.));
#8991=DIRECTION('',(1.,0.,0.));
#8992=DIRECTION('center_axis',(0.,-0.306009180413121,0.952028561285264));
#8993=DIRECTION('ref_axis',(0.,-0.952028561285264,-0.306009180413121));
#8994=DIRECTION('',(0.,-0.952028561285264,-0.306009180413121));
#8995=DIRECTION('center_axis',(0.,0.,-1.));
#8996=DIRECTION('ref_axis',(0.,1.,0.));
#8997=DIRECTION('',(0.,1.,0.));
#8998=DIRECTION('center_axis',(1.,0.,0.));
#8999=DIRECTION('ref_axis',(0.,0.,-1.));
#9000=DIRECTION('center_axis',(0.,0.,1.));
#9001=DIRECTION('ref_axis',(1.,0.,0.));
#9002=DIRECTION('',(1.,1.38777878078144E-16,0.));
#9003=DIRECTION('',(0.,1.,0.));
#9004=DIRECTION('',(-1.,0.,0.));
#9005=DIRECTION('',(0.,1.,0.));
#9006=DIRECTION('center_axis',(1.,0.,0.));
#9007=DIRECTION('ref_axis',(0.,0.,-1.));
#9008=DIRECTION('',(0.,0.,-1.));
#9009=DIRECTION('',(0.,0.,1.));
#9010=DIRECTION('',(0.,1.,0.));
#9011=DIRECTION('center_axis',(-1.,0.,0.));
#9012=DIRECTION('ref_axis',(0.,0.,1.));
#9013=DIRECTION('',(0.,0.,-1.));
#9014=DIRECTION('',(0.,1.,0.));
#9015=DIRECTION('',(0.,0.,-1.));
#9016=DIRECTION('center_axis',(0.,0.,-1.));
#9017=DIRECTION('ref_axis',(-1.,0.,0.));
#9018=DIRECTION('',(-1.,-1.38777878078144E-16,0.));
#9019=DIRECTION('',(1.,0.,0.));
#9020=DIRECTION('center_axis',(0.,0.,1.));
#9021=DIRECTION('ref_axis',(1.,0.,0.));
#9022=DIRECTION('',(1.,1.38777878078144E-16,0.));
#9023=DIRECTION('',(0.,1.,0.));
#9024=DIRECTION('',(-1.,0.,0.));
#9025=DIRECTION('',(0.,1.,0.));
#9026=DIRECTION('center_axis',(1.,0.,0.));
#9027=DIRECTION('ref_axis',(0.,0.,-1.));
#9028=DIRECTION('',(0.,0.,-1.));
#9029=DIRECTION('',(0.,0.,1.));
#9030=DIRECTION('',(0.,1.,0.));
#9031=DIRECTION('center_axis',(-1.,0.,0.));
#9032=DIRECTION('ref_axis',(0.,0.,1.));
#9033=DIRECTION('',(0.,0.,-1.));
#9034=DIRECTION('',(0.,1.,0.));
#9035=DIRECTION('',(0.,0.,-1.));
#9036=DIRECTION('center_axis',(0.,0.,-1.));
#9037=DIRECTION('ref_axis',(-1.,0.,0.));
#9038=DIRECTION('',(-1.,-1.38777878078144E-16,0.));
#9039=DIRECTION('',(1.,0.,0.));
#9040=DIRECTION('center_axis',(0.,0.,1.));
#9041=DIRECTION('ref_axis',(1.,0.,0.));
#9042=DIRECTION('',(1.,1.38777878078144E-16,0.));
#9043=DIRECTION('',(0.,1.,0.));
#9044=DIRECTION('',(-1.,0.,0.));
#9045=DIRECTION('',(0.,1.,0.));
#9046=DIRECTION('center_axis',(1.,0.,0.));
#9047=DIRECTION('ref_axis',(0.,0.,-1.));
#9048=DIRECTION('',(0.,0.,-1.));
#9049=DIRECTION('',(0.,0.,1.));
#9050=DIRECTION('',(0.,1.,0.));
#9051=DIRECTION('center_axis',(-1.,0.,0.));
#9052=DIRECTION('ref_axis',(0.,0.,1.));
#9053=DIRECTION('',(0.,0.,-1.));
#9054=DIRECTION('',(0.,1.,0.));
#9055=DIRECTION('',(0.,0.,-1.));
#9056=DIRECTION('center_axis',(0.,0.,-1.));
#9057=DIRECTION('ref_axis',(-1.,0.,0.));
#9058=DIRECTION('',(-1.,-1.38777878078144E-16,0.));
#9059=DIRECTION('',(1.,0.,0.));
#9060=DIRECTION('center_axis',(0.,0.,1.));
#9061=DIRECTION('ref_axis',(1.,0.,0.));
#9062=DIRECTION('',(1.,1.38777878078144E-16,0.));
#9063=DIRECTION('',(0.,1.,0.));
#9064=DIRECTION('',(-1.,0.,0.));
#9065=DIRECTION('',(0.,1.,0.));
#9066=DIRECTION('center_axis',(1.,0.,0.));
#9067=DIRECTION('ref_axis',(0.,0.,-1.));
#9068=DIRECTION('',(0.,0.,-1.));
#9069=DIRECTION('',(0.,0.,1.));
#9070=DIRECTION('',(0.,1.,0.));
#9071=DIRECTION('center_axis',(-1.,0.,0.));
#9072=DIRECTION('ref_axis',(0.,0.,1.));
#9073=DIRECTION('',(0.,0.,-1.));
#9074=DIRECTION('',(0.,1.,0.));
#9075=DIRECTION('',(0.,0.,-1.));
#9076=DIRECTION('center_axis',(0.,0.,-1.));
#9077=DIRECTION('ref_axis',(-1.,0.,0.));
#9078=DIRECTION('',(-1.,-1.38777878078144E-16,0.));
#9079=DIRECTION('',(1.,0.,0.));
#9080=DIRECTION('center_axis',(0.,0.,1.));
#9081=DIRECTION('ref_axis',(1.,0.,0.));
#9082=DIRECTION('',(1.,1.38777878078145E-16,0.));
#9083=DIRECTION('',(0.,1.,0.));
#9084=DIRECTION('',(-1.,0.,0.));
#9085=DIRECTION('',(0.,1.,0.));
#9086=DIRECTION('center_axis',(1.,0.,0.));
#9087=DIRECTION('ref_axis',(0.,0.,-1.));
#9088=DIRECTION('',(0.,0.,-1.));
#9089=DIRECTION('',(0.,0.,1.));
#9090=DIRECTION('',(0.,1.,0.));
#9091=DIRECTION('center_axis',(-1.,0.,0.));
#9092=DIRECTION('ref_axis',(0.,0.,1.));
#9093=DIRECTION('',(0.,0.,-1.));
#9094=DIRECTION('',(0.,1.,0.));
#9095=DIRECTION('',(0.,0.,-1.));
#9096=DIRECTION('center_axis',(0.,0.,-1.));
#9097=DIRECTION('ref_axis',(-1.,0.,0.));
#9098=DIRECTION('',(-1.,-1.38777878078145E-16,0.));
#9099=DIRECTION('',(1.,0.,0.));
#9100=DIRECTION('center_axis',(0.,0.,1.));
#9101=DIRECTION('ref_axis',(1.,0.,0.));
#9102=DIRECTION('',(1.,1.38777878078144E-16,0.));
#9103=DIRECTION('',(0.,1.,0.));
#9104=DIRECTION('',(-1.,0.,0.));
#9105=DIRECTION('',(0.,1.,0.));
#9106=DIRECTION('center_axis',(1.,0.,0.));
#9107=DIRECTION('ref_axis',(0.,0.,-1.));
#9108=DIRECTION('',(0.,0.,-1.));
#9109=DIRECTION('',(0.,0.,1.));
#9110=DIRECTION('',(0.,1.,0.));
#9111=DIRECTION('center_axis',(-1.,0.,0.));
#9112=DIRECTION('ref_axis',(0.,0.,1.));
#9113=DIRECTION('',(0.,0.,-1.));
#9114=DIRECTION('',(0.,1.,0.));
#9115=DIRECTION('',(0.,0.,-1.));
#9116=DIRECTION('center_axis',(0.,0.,-1.));
#9117=DIRECTION('ref_axis',(-1.,0.,0.));
#9118=DIRECTION('',(-1.,-1.38777878078144E-16,0.));
#9119=DIRECTION('',(1.,0.,0.));
#9120=DIRECTION('center_axis',(0.,0.,1.));
#9121=DIRECTION('ref_axis',(1.,0.,0.));
#9122=DIRECTION('',(1.,1.38777878078145E-16,0.));
#9123=DIRECTION('',(0.,1.,0.));
#9124=DIRECTION('',(-1.,0.,0.));
#9125=DIRECTION('',(0.,1.,0.));
#9126=DIRECTION('center_axis',(1.,0.,0.));
#9127=DIRECTION('ref_axis',(0.,0.,-1.));
#9128=DIRECTION('',(0.,0.,-1.));
#9129=DIRECTION('',(0.,0.,1.));
#9130=DIRECTION('',(0.,1.,0.));
#9131=DIRECTION('center_axis',(-1.,0.,0.));
#9132=DIRECTION('ref_axis',(0.,0.,1.));
#9133=DIRECTION('',(0.,0.,-1.));
#9134=DIRECTION('',(0.,1.,0.));
#9135=DIRECTION('',(0.,0.,-1.));
#9136=DIRECTION('center_axis',(0.,0.,-1.));
#9137=DIRECTION('ref_axis',(-1.,0.,0.));
#9138=DIRECTION('',(-1.,-1.38777878078145E-16,0.));
#9139=DIRECTION('',(1.,0.,0.));
#9140=DIRECTION('center_axis',(0.,0.,1.));
#9141=DIRECTION('ref_axis',(1.,0.,0.));
#9142=DIRECTION('',(1.,1.38777878078144E-16,0.));
#9143=DIRECTION('',(0.,1.,0.));
#9144=DIRECTION('',(-1.,0.,0.));
#9145=DIRECTION('',(0.,1.,0.));
#9146=DIRECTION('center_axis',(1.,0.,0.));
#9147=DIRECTION('ref_axis',(0.,0.,-1.));
#9148=DIRECTION('',(0.,0.,-1.));
#9149=DIRECTION('',(0.,0.,1.));
#9150=DIRECTION('',(0.,1.,0.));
#9151=DIRECTION('center_axis',(-1.,0.,0.));
#9152=DIRECTION('ref_axis',(0.,0.,1.));
#9153=DIRECTION('',(0.,0.,-1.));
#9154=DIRECTION('',(0.,1.,0.));
#9155=DIRECTION('',(0.,0.,-1.));
#9156=DIRECTION('center_axis',(0.,0.,-1.));
#9157=DIRECTION('ref_axis',(-1.,0.,0.));
#9158=DIRECTION('',(-1.,-1.38777878078144E-16,0.));
#9159=DIRECTION('',(1.,0.,0.));
#9160=DIRECTION('center_axis',(0.,0.,1.));
#9161=DIRECTION('ref_axis',(1.,0.,0.));
#9162=DIRECTION('',(1.,1.38777878078146E-16,0.));
#9163=DIRECTION('',(0.,1.,0.));
#9164=DIRECTION('',(-1.,0.,0.));
#9165=DIRECTION('',(0.,1.,0.));
#9166=DIRECTION('center_axis',(1.,0.,0.));
#9167=DIRECTION('ref_axis',(0.,0.,-1.));
#9168=DIRECTION('',(0.,0.,-1.));
#9169=DIRECTION('',(0.,0.,1.));
#9170=DIRECTION('',(0.,1.,0.));
#9171=DIRECTION('center_axis',(-1.,0.,0.));
#9172=DIRECTION('ref_axis',(0.,0.,1.));
#9173=DIRECTION('',(0.,0.,-1.));
#9174=DIRECTION('',(0.,1.,0.));
#9175=DIRECTION('',(0.,0.,-1.));
#9176=DIRECTION('center_axis',(0.,0.,-1.));
#9177=DIRECTION('ref_axis',(-1.,0.,0.));
#9178=DIRECTION('',(-1.,-1.38777878078146E-16,0.));
#9179=DIRECTION('',(1.,0.,0.));
#9180=DIRECTION('center_axis',(-1.38777878078144E-16,1.,0.));
#9181=DIRECTION('ref_axis',(1.,1.38777878078144E-16,0.));
#9182=DIRECTION('',(0.,0.,-1.));
#9183=DIRECTION('',(-1.,-1.38777878078144E-16,0.));
#9184=DIRECTION('',(0.,0.,-1.));
#9185=DIRECTION('center_axis',(-1.38777878078144E-16,1.,0.));
#9186=DIRECTION('ref_axis',(1.,1.38777878078144E-16,0.));
#9187=DIRECTION('',(0.,0.,-1.));
#9188=DIRECTION('',(1.,1.38777878078144E-16,5.75979048788706E-34));
#9189=DIRECTION('',(0.,0.,-1.));
#9190=DIRECTION('center_axis',(-1.38777878078144E-16,1.,0.));
#9191=DIRECTION('ref_axis',(1.,1.38777878078144E-16,0.));
#9192=DIRECTION('',(0.,0.,-1.));
#9193=DIRECTION('',(-1.,-1.38777878078144E-16,0.));
#9194=DIRECTION('',(0.,0.,-1.));
#9195=DIRECTION('center_axis',(-1.38777878078144E-16,1.,0.));
#9196=DIRECTION('ref_axis',(1.,1.38777878078144E-16,0.));
#9197=DIRECTION('',(0.,0.,-1.));
#9198=DIRECTION('',(1.,1.38777878078144E-16,5.75979048788706E-34));
#9199=DIRECTION('',(0.,0.,-1.));
#9200=DIRECTION('center_axis',(-1.38777878078144E-16,1.,0.));
#9201=DIRECTION('ref_axis',(1.,1.38777878078144E-16,0.));
#9202=DIRECTION('',(0.,0.,-1.));
#9203=DIRECTION('',(-1.,-1.38777878078144E-16,0.));
#9204=DIRECTION('',(0.,0.,-1.));
#9205=DIRECTION('center_axis',(-1.38777878078144E-16,1.,0.));
#9206=DIRECTION('ref_axis',(1.,1.38777878078144E-16,0.));
#9207=DIRECTION('',(0.,0.,-1.));
#9208=DIRECTION('',(1.,1.38777878078144E-16,5.75979048788706E-34));
#9209=DIRECTION('',(0.,0.,-1.));
#9210=DIRECTION('center_axis',(-1.38777878078144E-16,1.,0.));
#9211=DIRECTION('ref_axis',(1.,1.38777878078144E-16,0.));
#9212=DIRECTION('',(0.,0.,-1.));
#9213=DIRECTION('',(-1.,-1.38777878078144E-16,0.));
#9214=DIRECTION('',(0.,0.,-1.));
#9215=DIRECTION('center_axis',(-1.38777878078144E-16,1.,0.));
#9216=DIRECTION('ref_axis',(1.,1.38777878078144E-16,0.));
#9217=DIRECTION('',(0.,0.,-1.));
#9218=DIRECTION('',(1.,1.38777878078144E-16,5.75979048788706E-34));
#9219=DIRECTION('',(0.,0.,-1.));
#9220=DIRECTION('center_axis',(-1.38777878078145E-16,1.,0.));
#9221=DIRECTION('ref_axis',(1.,1.38777878078145E-16,0.));
#9222=DIRECTION('',(0.,0.,-1.));
#9223=DIRECTION('',(-1.,-1.38777878078145E-16,0.));
#9224=DIRECTION('',(0.,0.,-1.));
#9225=DIRECTION('center_axis',(-1.38777878078145E-16,1.,0.));
#9226=DIRECTION('ref_axis',(1.,1.38777878078145E-16,0.));
#9227=DIRECTION('',(0.,0.,-1.));
#9228=DIRECTION('',(1.,1.38777878078145E-16,5.75979048788706E-34));
#9229=DIRECTION('',(0.,0.,-1.));
#9230=DIRECTION('center_axis',(-1.38777878078144E-16,1.,0.));
#9231=DIRECTION('ref_axis',(1.,1.38777878078144E-16,0.));
#9232=DIRECTION('',(0.,0.,-1.));
#9233=DIRECTION('',(-1.,-1.38777878078144E-16,0.));
#9234=DIRECTION('',(0.,0.,-1.));
#9235=DIRECTION('center_axis',(-1.38777878078144E-16,1.,0.));
#9236=DIRECTION('ref_axis',(1.,1.38777878078144E-16,0.));
#9237=DIRECTION('',(0.,0.,-1.));
#9238=DIRECTION('',(1.,1.38777878078144E-16,5.75979048788706E-34));
#9239=DIRECTION('',(0.,0.,-1.));
#9240=DIRECTION('center_axis',(-1.38777878078145E-16,1.,0.));
#9241=DIRECTION('ref_axis',(1.,1.38777878078145E-16,0.));
#9242=DIRECTION('',(0.,0.,-1.));
#9243=DIRECTION('',(-1.,-1.38777878078145E-16,0.));
#9244=DIRECTION('',(0.,0.,-1.));
#9245=DIRECTION('center_axis',(-1.38777878078145E-16,1.,0.));
#9246=DIRECTION('ref_axis',(1.,1.38777878078145E-16,0.));
#9247=DIRECTION('',(0.,0.,-1.));
#9248=DIRECTION('',(1.,1.38777878078145E-16,5.75979048788706E-34));
#9249=DIRECTION('',(0.,0.,-1.));
#9250=DIRECTION('center_axis',(-1.38777878078144E-16,1.,0.));
#9251=DIRECTION('ref_axis',(1.,1.38777878078144E-16,0.));
#9252=DIRECTION('',(0.,0.,-1.));
#9253=DIRECTION('',(-1.,-1.38777878078144E-16,0.));
#9254=DIRECTION('',(0.,0.,-1.));
#9255=DIRECTION('center_axis',(-1.38777878078144E-16,1.,0.));
#9256=DIRECTION('ref_axis',(1.,1.38777878078144E-16,0.));
#9257=DIRECTION('',(0.,0.,-1.));
#9258=DIRECTION('',(1.,1.38777878078144E-16,5.75979048788706E-34));
#9259=DIRECTION('',(0.,0.,-1.));
#9260=DIRECTION('center_axis',(-1.38777878078146E-16,1.,0.));
#9261=DIRECTION('ref_axis',(1.,1.38777878078146E-16,0.));
#9262=DIRECTION('',(0.,0.,-1.));
#9263=DIRECTION('',(-1.,-1.38777878078146E-16,0.));
#9264=DIRECTION('',(0.,0.,-1.));
#9265=DIRECTION('center_axis',(-1.38777878078146E-16,1.,0.));
#9266=DIRECTION('ref_axis',(1.,1.38777878078146E-16,0.));
#9267=DIRECTION('',(0.,0.,-1.));
#9268=DIRECTION('',(1.,1.38777878078146E-16,5.75979048788706E-34));
#9269=DIRECTION('',(0.,0.,-1.));
#9270=DIRECTION('center_axis',(0.780868809443012,0.624695047554447,0.));
#9271=DIRECTION('ref_axis',(0.624695047554447,-0.780868809443012,0.));
#9272=DIRECTION('',(-0.624695047554447,0.780868809443012,0.));
#9273=DIRECTION('',(0.,0.,-1.));
#9274=DIRECTION('',(0.624695047554447,-0.780868809443012,3.59811259273426E-34));
#9275=DIRECTION('',(0.,0.,-1.));
#9276=DIRECTION('center_axis',(-1.38777878078144E-16,1.,0.));
#9277=DIRECTION('ref_axis',(1.,1.38777878078144E-16,0.));
#9278=DIRECTION('',(-1.,-1.38777878078144E-16,0.));
#9279=DIRECTION('',(1.,1.38777878078144E-16,5.75979048788706E-34));
#9280=DIRECTION('',(0.,0.,-1.));
#9281=DIRECTION('center_axis',(-0.78086880944303,0.624695047554424,0.));
#9282=DIRECTION('ref_axis',(0.624695047554424,0.78086880944303,0.));
#9283=DIRECTION('',(-0.624695047554424,-0.78086880944303,0.));
#9284=DIRECTION('',(0.624695047554424,0.78086880944303,3.59811259273413E-34));
#9285=DIRECTION('',(0.,0.,-1.));
#9286=DIRECTION('center_axis',(2.18079522694235E-15,1.,0.));
#9287=DIRECTION('ref_axis',(1.,-2.18079522694235E-15,0.));
#9288=DIRECTION('',(-1.,2.18079522694235E-15,0.));
#9289=DIRECTION('',(1.,-2.18079522694235E-15,5.75979048788706E-34));
#9290=DIRECTION('',(0.,0.,-1.));
#9291=DIRECTION('center_axis',(0.780868809443009,0.624695047554451,0.));
#9292=DIRECTION('ref_axis',(0.624695047554451,-0.780868809443009,0.));
#9293=DIRECTION('',(-0.624695047554451,0.780868809443009,0.));
#9294=DIRECTION('',(0.624695047554451,-0.780868809443009,3.59811259273428E-34));
#9295=DIRECTION('center_axis',(-0.780868809443027,0.624695047554429,0.));
#9296=DIRECTION('ref_axis',(0.624695047554429,0.780868809443027,0.));
#9297=DIRECTION('',(-0.624695047554429,-0.780868809443027,0.));
#9298=DIRECTION('',(0.624695047554429,0.780868809443027,3.59811259273415E-34));
#9299=DIRECTION('',(0.,0.,-1.));
#9300=DIRECTION('center_axis',(2.18079522694235E-15,1.,0.));
#9301=DIRECTION('ref_axis',(1.,-2.18079522694235E-15,0.));
#9302=DIRECTION('',(-1.,2.18079522694235E-15,0.));
#9303=DIRECTION('',(1.,-2.18079522694235E-15,5.75979048788706E-34));
#9304=DIRECTION('',(0.,0.,-1.));
#9305=DIRECTION('center_axis',(0.780868809443009,0.624695047554451,0.));
#9306=DIRECTION('ref_axis',(0.624695047554451,-0.780868809443009,0.));
#9307=DIRECTION('',(-0.624695047554451,0.780868809443009,0.));
#9308=DIRECTION('',(0.624695047554451,-0.780868809443009,3.59811259273428E-34));
#9309=DIRECTION('center_axis',(-0.78086880944303,0.624695047554424,0.));
#9310=DIRECTION('ref_axis',(0.624695047554424,0.78086880944303,0.));
#9311=DIRECTION('',(-0.624695047554424,-0.78086880944303,0.));
#9312=DIRECTION('',(0.624695047554424,0.78086880944303,3.59811259273413E-34));
#9313=DIRECTION('',(0.,0.,-1.));
#9314=DIRECTION('center_axis',(2.18079522694235E-15,1.,0.));
#9315=DIRECTION('ref_axis',(1.,-2.18079522694235E-15,0.));
#9316=DIRECTION('',(-1.,2.18079522694235E-15,0.));
#9317=DIRECTION('',(1.,-2.18079522694235E-15,5.75979048788706E-34));
#9318=DIRECTION('',(0.,0.,-1.));
#9319=DIRECTION('center_axis',(0.780868809443012,0.624695047554447,0.));
#9320=DIRECTION('ref_axis',(0.624695047554447,-0.780868809443012,0.));
#9321=DIRECTION('',(-0.624695047554447,0.780868809443012,0.));
#9322=DIRECTION('',(0.624695047554447,-0.780868809443012,3.59811259273426E-34));
#9323=DIRECTION('center_axis',(-0.78086880944303,0.624695047554424,0.));
#9324=DIRECTION('ref_axis',(0.624695047554424,0.78086880944303,0.));
#9325=DIRECTION('',(-0.624695047554424,-0.78086880944303,0.));
#9326=DIRECTION('',(0.624695047554424,0.78086880944303,3.59811259273413E-34));
#9327=DIRECTION('',(0.,0.,-1.));
#9328=DIRECTION('center_axis',(2.18079522694235E-15,1.,0.));
#9329=DIRECTION('ref_axis',(1.,-2.18079522694235E-15,0.));
#9330=DIRECTION('',(-1.,2.18079522694235E-15,0.));
#9331=DIRECTION('',(1.,-2.18079522694235E-15,5.75979048788706E-34));
#9332=DIRECTION('',(0.,0.,-1.));
#9333=DIRECTION('center_axis',(0.780868809443012,0.624695047554447,0.));
#9334=DIRECTION('ref_axis',(0.624695047554447,-0.780868809443012,0.));
#9335=DIRECTION('',(-0.624695047554447,0.780868809443012,0.));
#9336=DIRECTION('',(0.624695047554447,-0.780868809443012,3.59811259273426E-34));
#9337=DIRECTION('center_axis',(-0.78086880944303,0.624695047554424,0.));
#9338=DIRECTION('ref_axis',(0.624695047554424,0.78086880944303,0.));
#9339=DIRECTION('',(-0.624695047554424,-0.78086880944303,0.));
#9340=DIRECTION('',(0.624695047554424,0.78086880944303,3.59811259273413E-34));
#9341=DIRECTION('',(0.,0.,-1.));
#9342=DIRECTION('center_axis',(2.18079522694235E-15,1.,0.));
#9343=DIRECTION('ref_axis',(1.,-2.18079522694235E-15,0.));
#9344=DIRECTION('',(-1.,2.18079522694235E-15,0.));
#9345=DIRECTION('',(1.,-2.18079522694235E-15,5.75979048788706E-34));
#9346=DIRECTION('',(0.,0.,-1.));
#9347=DIRECTION('center_axis',(0.780868809443012,0.624695047554447,0.));
#9348=DIRECTION('ref_axis',(0.624695047554447,-0.780868809443012,0.));
#9349=DIRECTION('',(-0.624695047554447,0.780868809443012,0.));
#9350=DIRECTION('',(0.624695047554447,-0.780868809443012,3.59811259273426E-34));
#9351=DIRECTION('center_axis',(-0.78086880944303,0.624695047554424,0.));
#9352=DIRECTION('ref_axis',(0.624695047554424,0.78086880944303,0.));
#9353=DIRECTION('',(-0.624695047554424,-0.78086880944303,0.));
#9354=DIRECTION('',(0.624695047554424,0.78086880944303,3.59811259273413E-34));
#9355=DIRECTION('',(0.,0.,-1.));
#9356=DIRECTION('center_axis',(2.18079522694235E-15,1.,0.));
#9357=DIRECTION('ref_axis',(1.,-2.18079522694235E-15,0.));
#9358=DIRECTION('',(-1.,2.18079522694235E-15,0.));
#9359=DIRECTION('',(1.,-2.18079522694235E-15,5.75979048788706E-34));
#9360=DIRECTION('',(0.,0.,-1.));
#9361=DIRECTION('center_axis',(0.780868809443012,0.624695047554447,0.));
#9362=DIRECTION('ref_axis',(0.624695047554447,-0.780868809443012,0.));
#9363=DIRECTION('',(-0.624695047554447,0.780868809443012,0.));
#9364=DIRECTION('',(0.624695047554447,-0.780868809443012,3.59811259273426E-34));
#9365=DIRECTION('center_axis',(-0.78086880944303,0.624695047554424,0.));
#9366=DIRECTION('ref_axis',(0.624695047554424,0.78086880944303,0.));
#9367=DIRECTION('',(-0.624695047554424,-0.78086880944303,0.));
#9368=DIRECTION('',(0.624695047554424,0.78086880944303,3.59811259273413E-34));
#9369=DIRECTION('',(0.,0.,-1.));
#9370=DIRECTION('center_axis',(2.18079522694235E-15,1.,0.));
#9371=DIRECTION('ref_axis',(1.,-2.18079522694235E-15,0.));
#9372=DIRECTION('',(-1.,2.18079522694235E-15,0.));
#9373=DIRECTION('',(1.,-2.18079522694235E-15,5.75979048788706E-34));
#9374=DIRECTION('',(0.,0.,-1.));
#9375=DIRECTION('center_axis',(0.780868809443012,0.624695047554447,0.));
#9376=DIRECTION('ref_axis',(0.624695047554447,-0.780868809443012,0.));
#9377=DIRECTION('',(-0.624695047554447,0.780868809443012,0.));
#9378=DIRECTION('',(0.624695047554447,-0.780868809443012,3.59811259273426E-34));
#9379=DIRECTION('center_axis',(-0.78086880944303,0.624695047554424,0.));
#9380=DIRECTION('ref_axis',(0.624695047554424,0.78086880944303,0.));
#9381=DIRECTION('',(-0.624695047554424,-0.78086880944303,0.));
#9382=DIRECTION('',(0.624695047554424,0.78086880944303,3.59811259273413E-34));
#9383=DIRECTION('',(0.,0.,-1.));
#9384=DIRECTION('center_axis',(2.18079522694235E-15,1.,0.));
#9385=DIRECTION('ref_axis',(1.,-2.18079522694235E-15,0.));
#9386=DIRECTION('',(-1.,2.18079522694235E-15,0.));
#9387=DIRECTION('',(1.,-2.18079522694235E-15,5.75979048788706E-34));
#9388=DIRECTION('',(0.,0.,-1.));
#9389=DIRECTION('center_axis',(0.780868809443012,0.624695047554447,0.));
#9390=DIRECTION('ref_axis',(0.624695047554447,-0.780868809443012,0.));
#9391=DIRECTION('',(-0.624695047554447,0.780868809443012,0.));
#9392=DIRECTION('',(0.624695047554447,-0.780868809443012,3.59811259273426E-34));
#9393=DIRECTION('center_axis',(-0.780868809443031,0.624695047554423,0.));
#9394=DIRECTION('ref_axis',(0.624695047554423,0.780868809443031,0.));
#9395=DIRECTION('',(-0.624695047554423,-0.780868809443031,0.));
#9396=DIRECTION('',(0.624695047554423,0.780868809443031,3.59811259273412E-34));
#9397=DIRECTION('',(0.,0.,-1.));
#9398=DIRECTION('center_axis',(2.18079522694234E-15,1.,0.));
#9399=DIRECTION('ref_axis',(1.,-2.18079522694234E-15,0.));
#9400=DIRECTION('',(-1.,2.18079522694234E-15,0.));
#9401=DIRECTION('',(1.,-2.18079522694234E-15,5.75979048788706E-34));
#9402=DIRECTION('',(0.,0.,-1.));
#9403=DIRECTION('center_axis',(0.780868809443012,0.624695047554447,0.));
#9404=DIRECTION('ref_axis',(0.624695047554447,-0.780868809443012,0.));
#9405=DIRECTION('',(-0.624695047554447,0.780868809443012,0.));
#9406=DIRECTION('',(0.624695047554447,-0.780868809443012,3.59811259273426E-34));
#9407=DIRECTION('center_axis',(-0.780868809443031,0.624695047554424,0.));
#9408=DIRECTION('ref_axis',(0.624695047554424,0.780868809443031,0.));
#9409=DIRECTION('',(-0.624695047554424,-0.780868809443031,0.));
#9410=DIRECTION('',(0.624695047554424,0.780868809443031,3.59811259273412E-34));
#9411=DIRECTION('',(0.,0.,-1.));
#9412=DIRECTION('center_axis',(-2.16840434497101E-16,1.,0.));
#9413=DIRECTION('ref_axis',(1.,2.16840434497101E-16,0.));
#9414=DIRECTION('',(-1.,-2.16840434497101E-16,0.));
#9415=DIRECTION('',(1.,2.16840434497101E-16,5.75979048788706E-34));
#9416=DIRECTION('',(0.,0.,-1.));
#9417=DIRECTION('center_axis',(-1.,0.,0.));
#9418=DIRECTION('ref_axis',(0.,1.,0.));
#9419=DIRECTION('',(0.,-1.,0.));
#9420=DIRECTION('',(0.,1.,0.));
#9421=DIRECTION('',(0.,0.,1.));
#9422=DIRECTION('center_axis',(0.780868809443009,0.624695047554451,0.));
#9423=DIRECTION('ref_axis',(0.624695047554451,-0.780868809443009,0.));
#9424=DIRECTION('',(-0.624695047554451,0.780868809443009,0.));
#9425=DIRECTION('',(0.,0.,-1.));
#9426=DIRECTION('',(0.624695047554451,-0.780868809443009,3.59811259273428E-34));
#9427=DIRECTION('',(0.,0.,-1.));
#9428=DIRECTION('center_axis',(-1.38777878078145E-16,1.,0.));
#9429=DIRECTION('ref_axis',(1.,1.38777878078145E-16,0.));
#9430=DIRECTION('',(-1.,-1.38777878078145E-16,0.));
#9431=DIRECTION('',(1.,1.38777878078145E-16,5.75979048788706E-34));
#9432=DIRECTION('',(0.,0.,-1.));
#9433=DIRECTION('center_axis',(-0.78086880944303,0.624695047554424,0.));
#9434=DIRECTION('ref_axis',(0.624695047554424,0.78086880944303,0.));
#9435=DIRECTION('',(-0.624695047554424,-0.78086880944303,0.));
#9436=DIRECTION('',(0.624695047554424,0.78086880944303,3.59811259273413E-34));
#9437=DIRECTION('',(0.,0.,-1.));
#9438=DIRECTION('center_axis',(2.18079522694235E-15,1.,0.));
#9439=DIRECTION('ref_axis',(1.,-2.18079522694235E-15,0.));
#9440=DIRECTION('',(-1.,2.18079522694235E-15,0.));
#9441=DIRECTION('',(1.,-2.18079522694235E-15,5.75979048788706E-34));
#9442=DIRECTION('',(0.,0.,-1.));
#9443=DIRECTION('center_axis',(0.780868809443012,0.624695047554447,0.));
#9444=DIRECTION('ref_axis',(0.624695047554447,-0.780868809443012,0.));
#9445=DIRECTION('',(-0.624695047554447,0.780868809443012,0.));
#9446=DIRECTION('',(0.624695047554447,-0.780868809443012,3.59811259273426E-34));
#9447=DIRECTION('',(0.,0.,-1.));
#9448=DIRECTION('center_axis',(-1.38777878078144E-16,1.,0.));
#9449=DIRECTION('ref_axis',(1.,1.38777878078144E-16,0.));
#9450=DIRECTION('',(-1.,-1.38777878078144E-16,0.));
#9451=DIRECTION('',(1.,1.38777878078144E-16,5.75979048788706E-34));
#9452=DIRECTION('',(0.,0.,-1.));
#9453=DIRECTION('center_axis',(-0.78086880944303,0.624695047554424,0.));
#9454=DIRECTION('ref_axis',(0.624695047554424,0.78086880944303,0.));
#9455=DIRECTION('',(-0.624695047554424,-0.78086880944303,0.));
#9456=DIRECTION('',(0.624695047554424,0.78086880944303,3.59811259273413E-34));
#9457=DIRECTION('',(0.,0.,-1.));
#9458=DIRECTION('center_axis',(2.18079522694235E-15,1.,0.));
#9459=DIRECTION('ref_axis',(1.,-2.18079522694235E-15,0.));
#9460=DIRECTION('',(-1.,2.18079522694235E-15,0.));
#9461=DIRECTION('',(1.,-2.18079522694235E-15,5.75979048788706E-34));
#9462=DIRECTION('',(0.,0.,-1.));
#9463=DIRECTION('center_axis',(0.780868809443012,0.624695047554447,0.));
#9464=DIRECTION('ref_axis',(0.624695047554447,-0.780868809443012,0.));
#9465=DIRECTION('',(-0.624695047554447,0.780868809443012,0.));
#9466=DIRECTION('',(0.624695047554447,-0.780868809443012,3.59811259273426E-34));
#9467=DIRECTION('',(0.,0.,-1.));
#9468=DIRECTION('center_axis',(-1.38777878078144E-16,1.,0.));
#9469=DIRECTION('ref_axis',(1.,1.38777878078144E-16,0.));
#9470=DIRECTION('',(-1.,-1.38777878078144E-16,0.));
#9471=DIRECTION('',(1.,1.38777878078144E-16,5.75979048788706E-34));
#9472=DIRECTION('',(0.,0.,-1.));
#9473=DIRECTION('center_axis',(-0.78086880944303,0.624695047554424,0.));
#9474=DIRECTION('ref_axis',(0.624695047554424,0.78086880944303,0.));
#9475=DIRECTION('',(-0.624695047554424,-0.78086880944303,0.));
#9476=DIRECTION('',(0.624695047554424,0.78086880944303,3.59811259273413E-34));
#9477=DIRECTION('',(0.,0.,-1.));
#9478=DIRECTION('center_axis',(2.18079522694235E-15,1.,0.));
#9479=DIRECTION('ref_axis',(1.,-2.18079522694235E-15,0.));
#9480=DIRECTION('',(-1.,2.18079522694235E-15,0.));
#9481=DIRECTION('',(1.,-2.18079522694235E-15,5.75979048788706E-34));
#9482=DIRECTION('',(0.,0.,-1.));
#9483=DIRECTION('center_axis',(0.780868809443012,0.624695047554447,0.));
#9484=DIRECTION('ref_axis',(0.624695047554447,-0.780868809443012,0.));
#9485=DIRECTION('',(-0.624695047554447,0.780868809443012,0.));
#9486=DIRECTION('',(0.624695047554447,-0.780868809443012,3.59811259273426E-34));
#9487=DIRECTION('',(0.,0.,-1.));
#9488=DIRECTION('center_axis',(-1.38777878078144E-16,1.,0.));
#9489=DIRECTION('ref_axis',(1.,1.38777878078144E-16,0.));
#9490=DIRECTION('',(-1.,-1.38777878078144E-16,0.));
#9491=DIRECTION('',(1.,1.38777878078144E-16,5.75979048788706E-34));
#9492=DIRECTION('',(0.,0.,-1.));
#9493=DIRECTION('center_axis',(-0.78086880944303,0.624695047554424,0.));
#9494=DIRECTION('ref_axis',(0.624695047554424,0.78086880944303,0.));
#9495=DIRECTION('',(-0.624695047554424,-0.78086880944303,0.));
#9496=DIRECTION('',(0.624695047554424,0.78086880944303,3.59811259273413E-34));
#9497=DIRECTION('',(0.,0.,-1.));
#9498=DIRECTION('center_axis',(2.18079522694236E-15,1.,0.));
#9499=DIRECTION('ref_axis',(1.,-2.18079522694236E-15,0.));
#9500=DIRECTION('',(-1.,2.18079522694236E-15,0.));
#9501=DIRECTION('',(1.,-2.18079522694236E-15,5.75979048788706E-34));
#9502=DIRECTION('',(0.,0.,-1.));
#9503=DIRECTION('center_axis',(0.780868809443012,0.624695047554447,0.));
#9504=DIRECTION('ref_axis',(0.624695047554447,-0.780868809443012,0.));
#9505=DIRECTION('',(-0.624695047554447,0.780868809443012,0.));
#9506=DIRECTION('',(0.624695047554447,-0.780868809443012,3.59811259273426E-34));
#9507=DIRECTION('',(0.,0.,-1.));
#9508=DIRECTION('center_axis',(-1.38777878078144E-16,1.,0.));
#9509=DIRECTION('ref_axis',(1.,1.38777878078144E-16,0.));
#9510=DIRECTION('',(-1.,-1.38777878078144E-16,0.));
#9511=DIRECTION('',(1.,1.38777878078144E-16,5.75979048788706E-34));
#9512=DIRECTION('',(0.,0.,-1.));
#9513=DIRECTION('center_axis',(-0.78086880944303,0.624695047554424,0.));
#9514=DIRECTION('ref_axis',(0.624695047554424,0.78086880944303,0.));
#9515=DIRECTION('',(-0.624695047554424,-0.78086880944303,0.));
#9516=DIRECTION('',(0.624695047554424,0.78086880944303,3.59811259273413E-34));
#9517=DIRECTION('',(0.,0.,-1.));
#9518=DIRECTION('center_axis',(2.18079522694235E-15,1.,0.));
#9519=DIRECTION('ref_axis',(1.,-2.18079522694235E-15,0.));
#9520=DIRECTION('',(-1.,2.18079522694235E-15,0.));
#9521=DIRECTION('',(1.,-2.18079522694235E-15,5.75979048788706E-34));
#9522=DIRECTION('',(0.,0.,-1.));
#9523=DIRECTION('center_axis',(0.780868809443012,0.624695047554447,0.));
#9524=DIRECTION('ref_axis',(0.624695047554447,-0.780868809443012,0.));
#9525=DIRECTION('',(-0.624695047554447,0.780868809443012,0.));
#9526=DIRECTION('',(0.624695047554447,-0.780868809443012,3.59811259273426E-34));
#9527=DIRECTION('',(0.,0.,-1.));
#9528=DIRECTION('center_axis',(-1.38777878078144E-16,1.,0.));
#9529=DIRECTION('ref_axis',(1.,1.38777878078144E-16,0.));
#9530=DIRECTION('',(-1.,-1.38777878078144E-16,0.));
#9531=DIRECTION('',(1.,1.38777878078144E-16,5.75979048788706E-34));
#9532=DIRECTION('',(0.,0.,-1.));
#9533=DIRECTION('center_axis',(-0.78086880944303,0.624695047554424,0.));
#9534=DIRECTION('ref_axis',(0.624695047554424,0.78086880944303,0.));
#9535=DIRECTION('',(-0.624695047554424,-0.78086880944303,0.));
#9536=DIRECTION('',(0.624695047554424,0.78086880944303,3.59811259273413E-34));
#9537=DIRECTION('',(0.,0.,-1.));
#9538=DIRECTION('center_axis',(2.18079522694235E-15,1.,0.));
#9539=DIRECTION('ref_axis',(1.,-2.18079522694235E-15,0.));
#9540=DIRECTION('',(-1.,2.18079522694235E-15,0.));
#9541=DIRECTION('',(1.,-2.18079522694235E-15,5.75979048788706E-34));
#9542=DIRECTION('center_axis',(1.,-5.3290705181855E-14,0.));
#9543=DIRECTION('ref_axis',(-5.3290705181855E-14,-1.,0.));
#9544=DIRECTION('',(5.3290705181855E-14,1.,0.));
#9545=DIRECTION('',(0.,0.,-1.));
#9546=DIRECTION('',(-5.3290705181855E-14,-1.,-3.06943296799242E-47));
#9547=DIRECTION('',(0.,0.,-1.));
#9548=DIRECTION('center_axis',(9.17104933662033E-13,1.,0.));
#9549=DIRECTION('ref_axis',(1.,-9.17104933662033E-13,0.));
#9550=DIRECTION('',(-1.,9.17104933662033E-13,0.));
#9551=DIRECTION('',(1.,-9.17104933662033E-13,5.75979048788706E-34));
#9552=DIRECTION('',(0.,0.,-1.));
#9553=DIRECTION('center_axis',(0.780868809443009,0.624695047554451,0.));
#9554=DIRECTION('ref_axis',(0.624695047554451,-0.780868809443009,0.));
#9555=DIRECTION('',(-0.624695047554451,0.780868809443009,0.));
#9556=DIRECTION('',(0.624695047554451,-0.780868809443009,3.59811259273428E-34));
#9557=DIRECTION('',(0.,0.,-1.));
#9558=DIRECTION('center_axis',(-1.38777878078145E-16,1.,0.));
#9559=DIRECTION('ref_axis',(1.,1.38777878078145E-16,0.));
#9560=DIRECTION('',(-1.,-1.38777878078145E-16,0.));
#9561=DIRECTION('',(1.,1.38777878078145E-16,5.75979048788706E-34));
#9562=DIRECTION('',(0.,0.,-1.));
#9563=DIRECTION('center_axis',(-0.78086880944303,0.624695047554424,0.));
#9564=DIRECTION('ref_axis',(0.624695047554424,0.78086880944303,0.));
#9565=DIRECTION('',(-0.624695047554424,-0.78086880944303,0.));
#9566=DIRECTION('',(0.624695047554424,0.78086880944303,3.59811259273413E-34));
#9567=DIRECTION('',(0.,0.,-1.));
#9568=DIRECTION('center_axis',(2.18079522694235E-15,1.,0.));
#9569=DIRECTION('ref_axis',(1.,-2.18079522694235E-15,0.));
#9570=DIRECTION('',(-1.,2.18079522694235E-15,0.));
#9571=DIRECTION('',(1.,-2.18079522694235E-15,5.75979048788706E-34));
#9572=DIRECTION('',(0.,0.,-1.));
#9573=DIRECTION('center_axis',(0.780868809443009,0.624695047554451,0.));
#9574=DIRECTION('ref_axis',(0.624695047554451,-0.780868809443009,0.));
#9575=DIRECTION('',(-0.624695047554451,0.780868809443009,0.));
#9576=DIRECTION('',(0.624695047554451,-0.780868809443009,3.59811259273428E-34));
#9577=DIRECTION('',(0.,0.,-1.));
#9578=DIRECTION('center_axis',(-1.38777878078145E-16,1.,0.));
#9579=DIRECTION('ref_axis',(1.,1.38777878078145E-16,0.));
#9580=DIRECTION('',(-1.,-1.38777878078145E-16,0.));
#9581=DIRECTION('',(1.,1.38777878078145E-16,5.75979048788706E-34));
#9582=DIRECTION('',(0.,0.,-1.));
#9583=DIRECTION('center_axis',(-0.78086880944303,0.624695047554424,0.));
#9584=DIRECTION('ref_axis',(0.624695047554424,0.78086880944303,0.));
#9585=DIRECTION('',(-0.624695047554424,-0.78086880944303,0.));
#9586=DIRECTION('',(0.624695047554424,0.78086880944303,3.59811259273413E-34));
#9587=DIRECTION('',(0.,0.,-1.));
#9588=DIRECTION('center_axis',(2.18079522694235E-15,1.,0.));
#9589=DIRECTION('ref_axis',(1.,-2.18079522694235E-15,0.));
#9590=DIRECTION('',(-1.,2.18079522694235E-15,0.));
#9591=DIRECTION('',(1.,-2.18079522694235E-15,5.75979048788706E-34));
#9592=DIRECTION('',(0.,0.,-1.));
#9593=DIRECTION('center_axis',(0.780868809443009,0.624695047554451,0.));
#9594=DIRECTION('ref_axis',(0.624695047554451,-0.780868809443009,0.));
#9595=DIRECTION('',(-0.624695047554451,0.780868809443009,0.));
#9596=DIRECTION('',(0.624695047554451,-0.780868809443009,3.59811259273428E-34));
#9597=DIRECTION('',(0.,0.,-1.));
#9598=DIRECTION('center_axis',(-1.38777878078145E-16,1.,0.));
#9599=DIRECTION('ref_axis',(1.,1.38777878078145E-16,0.));
#9600=DIRECTION('',(-1.,-1.38777878078145E-16,0.));
#9601=DIRECTION('',(1.,1.38777878078145E-16,5.75979048788706E-34));
#9602=DIRECTION('',(0.,0.,-1.));
#9603=DIRECTION('center_axis',(-0.78086880944303,0.624695047554424,0.));
#9604=DIRECTION('ref_axis',(0.624695047554424,0.78086880944303,0.));
#9605=DIRECTION('',(-0.624695047554424,-0.78086880944303,0.));
#9606=DIRECTION('',(0.624695047554424,0.78086880944303,3.59811259273413E-34));
#9607=DIRECTION('',(0.,0.,-1.));
#9608=DIRECTION('center_axis',(2.18079522694235E-15,1.,0.));
#9609=DIRECTION('ref_axis',(1.,-2.18079522694235E-15,0.));
#9610=DIRECTION('',(-1.,2.18079522694235E-15,0.));
#9611=DIRECTION('',(1.,-2.18079522694235E-15,5.75979048788706E-34));
#9612=DIRECTION('',(0.,0.,-1.));
#9613=DIRECTION('center_axis',(0.780868809443009,0.624695047554451,0.));
#9614=DIRECTION('ref_axis',(0.624695047554451,-0.780868809443009,0.));
#9615=DIRECTION('',(-0.624695047554451,0.780868809443009,0.));
#9616=DIRECTION('',(0.624695047554451,-0.780868809443009,3.59811259273428E-34));
#9617=DIRECTION('',(0.,0.,-1.));
#9618=DIRECTION('center_axis',(-1.38777878078145E-16,1.,0.));
#9619=DIRECTION('ref_axis',(1.,1.38777878078145E-16,0.));
#9620=DIRECTION('',(-1.,-1.38777878078145E-16,0.));
#9621=DIRECTION('',(1.,1.38777878078145E-16,5.75979048788706E-34));
#9622=DIRECTION('',(0.,0.,-1.));
#9623=DIRECTION('center_axis',(-0.78086880944303,0.624695047554424,0.));
#9624=DIRECTION('ref_axis',(0.624695047554424,0.78086880944303,0.));
#9625=DIRECTION('',(-0.624695047554424,-0.78086880944303,0.));
#9626=DIRECTION('',(0.624695047554424,0.78086880944303,3.59811259273413E-34));
#9627=DIRECTION('',(0.,0.,-1.));
#9628=DIRECTION('center_axis',(2.18079522694235E-15,1.,0.));
#9629=DIRECTION('ref_axis',(1.,-2.18079522694235E-15,0.));
#9630=DIRECTION('',(-1.,2.18079522694235E-15,0.));
#9631=DIRECTION('',(1.,-2.18079522694235E-15,5.75979048788706E-34));
#9632=DIRECTION('center_axis',(0.,1.,0.));
#9633=DIRECTION('ref_axis',(1.,0.,0.));
#9634=DIRECTION('',(-1.,0.,0.));
#9635=DIRECTION('',(0.,0.,-1.));
#9636=DIRECTION('',(1.,0.,5.75979048788706E-34));
#9637=DIRECTION('center_axis',(0.,1.,0.));
#9638=DIRECTION('ref_axis',(1.,0.,0.));
#9639=DIRECTION('',(1.,0.,5.75979048788706E-34));
#9640=DIRECTION('',(0.,0.,1.));
#9641=DIRECTION('',(-1.,0.,0.));
#9642=DIRECTION('center_axis',(-5.75979048788706E-34,0.,1.));
#9643=DIRECTION('ref_axis',(1.,0.,5.75979048788706E-34));
#9644=DIRECTION('',(0.,1.,0.));
#9645=DIRECTION('',(1.,0.,5.75979048788706E-34));
#9646=DIRECTION('',(0.,-1.,0.));
#9647=DIRECTION('',(1.,0.,5.75979048788706E-34));
#9648=DIRECTION('',(0.,-1.,0.));
#9649=DIRECTION('',(-1.,0.,-5.75979048788706E-34));
#9650=DIRECTION('',(0.,1.,0.));
#9651=DIRECTION('',(1.,0.,5.75979048788706E-34));
#9652=DIRECTION('',(0.,1.,0.));
#9653=DIRECTION('',(1.,0.,5.75979048788706E-34));
#9654=DIRECTION('',(0.,-1.,0.));
#9655=DIRECTION('',(1.,0.,5.75979048788706E-34));
#9656=DIRECTION('',(0.,-1.,0.));
#9657=DIRECTION('',(-1.,0.,-5.75979048788706E-34));
#9658=DIRECTION('',(0.,1.,0.));
#9659=DIRECTION('',(1.,0.,5.75979048788706E-34));
#9660=DIRECTION('',(0.,1.,0.));
#9661=DIRECTION('',(1.,0.,5.75979048788706E-34));
#9662=DIRECTION('',(0.,1.,0.));
#9663=DIRECTION('center_axis',(0.,-1.,0.));
#9664=DIRECTION('ref_axis',(0.,0.,-1.));
#9665=DIRECTION('',(0.,0.,-1.));
#9666=DIRECTION('',(1.,0.,0.));
#9667=DIRECTION('',(0.,0.,1.));
#9668=DIRECTION('',(1.,0.,0.));
#9669=DIRECTION('',(0.,0.,-1.));
#9670=DIRECTION('',(1.,0.,0.));
#9671=DIRECTION('',(-1.89242561015652E-16,0.,1.));
#9672=DIRECTION('',(-1.,0.,0.));
#9673=DIRECTION('center_axis',(0.,0.,1.));
#9674=DIRECTION('ref_axis',(0.,-1.,0.));
#9675=DIRECTION('',(0.,1.,0.));
#9676=DIRECTION('',(0.,-1.,0.));
#9677=DIRECTION('',(-1.,0.,0.));
#9678=DIRECTION('center_axis',(0.,0.,1.));
#9679=DIRECTION('ref_axis',(0.,-1.,0.));
#9680=DIRECTION('',(0.,-1.,0.));
#9681=DIRECTION('',(-1.,0.,0.));
#9682=DIRECTION('',(0.,1.,0.));
#9683=DIRECTION('center_axis',(0.,0.,1.));
#9684=DIRECTION('ref_axis',(1.,0.,0.));
#9685=DIRECTION('',(0.,1.,0.));
#9686=DIRECTION('',(-1.,0.,0.));
#9687=DIRECTION('',(0.,1.,0.));
#9688=DIRECTION('',(0.,1.,0.));
#9689=DIRECTION('',(1.,0.,0.));
#9690=DIRECTION('',(0.,-1.,0.));
#9691=DIRECTION('',(-1.,0.,0.));
#9692=DIRECTION('',(0.,1.,0.));
#9693=DIRECTION('',(1.,0.,0.));
#9694=DIRECTION('',(0.,-1.,0.));
#9695=DIRECTION('',(-1.,0.,0.));
#9696=DIRECTION('center_axis',(1.,0.,1.89242561015652E-16));
#9697=DIRECTION('ref_axis',(1.89242561015652E-16,0.,-1.));
#9698=DIRECTION('',(1.89242561015652E-16,0.,-1.));
#9699=DIRECTION('',(0.,1.,0.));
#9700=DIRECTION('',(-1.89242561015652E-16,0.,1.));
#9701=DIRECTION('center_axis',(0.,1.,0.));
#9702=DIRECTION('ref_axis',(0.,0.,1.));
#9703=DIRECTION('',(0.,0.,1.));
#9704=DIRECTION('',(0.,0.,-1.));
#9705=DIRECTION('',(-1.,0.,5.65890376629327E-17));
#9706=DIRECTION('',(1.89242561015652E-16,0.,-1.));
#9707=DIRECTION('',(-1.,0.,5.55111512312578E-16));
#9708=DIRECTION('',(0.,0.,-1.));
#9709=DIRECTION('',(1.,0.,0.));
#9710=DIRECTION('center_axis',(0.,0.,-1.));
#9711=DIRECTION('ref_axis',(-1.,0.,0.));
#9712=DIRECTION('',(0.,1.,0.));
#9713=DIRECTION('',(0.,1.,0.));
#9714=DIRECTION('',(0.,-1.,0.));
#9715=DIRECTION('',(1.,0.,0.));
#9716=DIRECTION('',(0.,1.,0.));
#9717=DIRECTION('',(-1.,0.,0.));
#9718=DIRECTION('',(0.,-1.,0.));
#9719=DIRECTION('',(1.,0.,0.));
#9720=DIRECTION('',(0.,1.,0.));
#9721=DIRECTION('',(-1.,0.,0.));
#9722=DIRECTION('center_axis',(-1.,0.,0.));
#9723=DIRECTION('ref_axis',(0.,1.,0.));
#9724=DIRECTION('',(0.,0.,-1.));
#9725=DIRECTION('',(0.,0.,1.));
#9726=DIRECTION('',(0.,-1.,0.));
#9727=DIRECTION('center_axis',(1.,0.,0.));
#9728=DIRECTION('ref_axis',(0.,-1.,0.));
#9729=DIRECTION('',(0.,0.,1.));
#9730=DIRECTION('',(0.,1.,0.));
#9731=DIRECTION('',(0.,0.,-1.));
#9732=DIRECTION('center_axis',(-1.,0.,0.));
#9733=DIRECTION('ref_axis',(0.,1.,0.));
#9734=DIRECTION('',(0.,0.,1.));
#9735=DIRECTION('',(0.,-1.,0.));
#9736=DIRECTION('center_axis',(1.,0.,0.));
#9737=DIRECTION('ref_axis',(0.,-1.,0.));
#9738=DIRECTION('',(0.,0.,1.));
#9739=DIRECTION('',(0.,1.,0.));
#9740=DIRECTION('',(0.,0.,-1.));
#9741=DIRECTION('center_axis',(0.,1.,0.));
#9742=DIRECTION('ref_axis',(1.,0.,0.));
#9743=DIRECTION('',(0.,0.,-1.));
#9744=DIRECTION('',(-1.,0.,5.65890376629327E-17));
#9745=DIRECTION('center_axis',(0.,1.,0.));
#9746=DIRECTION('ref_axis',(0.,0.,1.));
#9747=DIRECTION('',(-1.,0.,5.65890376629327E-17));
#9748=DIRECTION('center_axis',(0.,1.,0.));
#9749=DIRECTION('ref_axis',(0.,0.,1.));
#9750=DIRECTION('',(0.,0.,1.));
#9751=DIRECTION('',(1.,0.,0.));
#9752=DIRECTION('',(0.,0.,1.));
#9753=DIRECTION('',(-1.,0.,0.));
#9754=DIRECTION('',(0.,0.,1.));
#9755=DIRECTION('',(-1.,0.,5.65890376629327E-17));
#9756=DIRECTION('',(0.,0.,-1.));
#9757=DIRECTION('center_axis',(0.,1.,0.));
#9758=DIRECTION('ref_axis',(1.,0.,0.));
#9759=DIRECTION('',(0.,0.,-1.));
#9760=DIRECTION('',(-1.,0.,5.65890376629327E-17));
#9761=DIRECTION('center_axis',(1.,0.,0.));
#9762=DIRECTION('ref_axis',(0.,-1.,0.));
#9763=DIRECTION('',(0.,1.,0.));
#9764=DIRECTION('',(0.,0.,-1.));
#9765=DIRECTION('',(0.,0.,-1.));
#9766=DIRECTION('center_axis',(1.,0.,0.));
#9767=DIRECTION('ref_axis',(0.,-1.,0.));
#9768=DIRECTION('',(0.,0.,-1.));
#9769=DIRECTION('',(0.,0.,-1.));
#9770=DIRECTION('center_axis',(0.,-1.,0.));
#9771=DIRECTION('ref_axis',(-1.,0.,0.));
#9772=DIRECTION('',(1.,0.,-5.65890376629327E-17));
#9773=DIRECTION('',(0.,0.,-1.));
#9774=DIRECTION('center_axis',(0.,-1.,0.));
#9775=DIRECTION('ref_axis',(-1.,0.,0.));
#9776=DIRECTION('',(0.,0.,-1.));
#9777=DIRECTION('center_axis',(0.,1.,0.));
#9778=DIRECTION('ref_axis',(1.,0.,0.));
#9779=DIRECTION('',(-1.,0.,5.65890376629327E-17));
#9780=DIRECTION('center_axis',(-1.,0.,0.));
#9781=DIRECTION('ref_axis',(0.,1.,0.));
#9782=DIRECTION('',(0.,-1.,0.));
#9783=DIRECTION('center_axis',(-1.,0.,0.));
#9784=DIRECTION('ref_axis',(0.,1.,0.));
#9785=DIRECTION('',(0.,0.,-1.));
#9786=DIRECTION('center_axis',(0.,1.,0.));
#9787=DIRECTION('ref_axis',(1.,0.,0.));
#9788=DIRECTION('center_axis',(1.,0.,0.));
#9789=DIRECTION('ref_axis',(0.,-1.,0.));
#9790=DIRECTION('',(0.,1.,0.));
#9791=DIRECTION('',(0.,0.,-1.));
#9792=DIRECTION('',(0.,0.,-1.));
#9793=DIRECTION('center_axis',(1.,0.,0.));
#9794=DIRECTION('ref_axis',(0.,-1.,0.));
#9795=DIRECTION('',(0.,0.,-1.));
#9796=DIRECTION('',(0.,0.,-1.));
#9797=DIRECTION('center_axis',(0.,-1.,0.));
#9798=DIRECTION('ref_axis',(-1.,0.,0.));
#9799=DIRECTION('',(1.,0.,-5.65890376629327E-17));
#9800=DIRECTION('',(0.,0.,-1.));
#9801=DIRECTION('center_axis',(0.,-1.,0.));
#9802=DIRECTION('ref_axis',(-1.,0.,0.));
#9803=DIRECTION('',(0.,0.,-1.));
#9804=DIRECTION('center_axis',(0.,1.,0.));
#9805=DIRECTION('ref_axis',(1.,0.,0.));
#9806=DIRECTION('',(-1.,0.,5.65890376629327E-17));
#9807=DIRECTION('center_axis',(-1.,0.,0.));
#9808=DIRECTION('ref_axis',(0.,1.,0.));
#9809=DIRECTION('',(0.,-1.,0.));
#9810=DIRECTION('center_axis',(-1.,0.,0.));
#9811=DIRECTION('ref_axis',(0.,1.,0.));
#9812=DIRECTION('',(0.,0.,-1.));
#9813=DIRECTION('center_axis',(0.,1.,0.));
#9814=DIRECTION('ref_axis',(1.,0.,0.));
#9815=DIRECTION('center_axis',(1.,0.,1.89242561015652E-16));
#9816=DIRECTION('ref_axis',(1.89242561015652E-16,0.,-1.));
#9817=DIRECTION('',(-1.89242561015652E-16,0.,1.));
#9818=DIRECTION('',(0.,1.,0.));
#9819=DIRECTION('',(0.,1.,0.));
#9820=DIRECTION('center_axis',(-5.55111512312578E-16,0.,-1.));
#9821=DIRECTION('ref_axis',(-1.,0.,5.55111512312578E-16));
#9822=DIRECTION('',(1.,0.,-5.55111512312578E-16));
#9823=DIRECTION('',(0.,1.,0.));
#9824=DIRECTION('center_axis',(1.,0.,0.));
#9825=DIRECTION('ref_axis',(0.,0.,-1.));
#9826=DIRECTION('',(0.,0.,1.));
#9827=DIRECTION('',(0.,1.,0.));
#9828=DIRECTION('center_axis',(0.,0.,1.));
#9829=DIRECTION('ref_axis',(1.,0.,0.));
#9830=DIRECTION('',(-1.,0.,0.));
#9831=DIRECTION('center_axis',(-5.65890376629327E-17,0.,-1.));
#9832=DIRECTION('ref_axis',(-1.,0.,5.65890376629327E-17));
#9833=DIRECTION('',(0.,1.,0.));
#9834=DIRECTION('',(1.,0.,-5.65890376629327E-17));
#9835=DIRECTION('center_axis',(-1.,0.,0.));
#9836=DIRECTION('ref_axis',(0.,0.,1.));
#9837=DIRECTION('',(0.,0.,-1.));
#9838=DIRECTION('',(0.,1.,0.));
#9839=DIRECTION('center_axis',(0.,0.,-1.));
#9840=DIRECTION('ref_axis',(-1.,0.,0.));
#9841=DIRECTION('',(1.,0.,0.));
#9842=DIRECTION('',(0.,1.,0.));
#9843=DIRECTION('center_axis',(-1.,0.,0.));
#9844=DIRECTION('ref_axis',(0.,0.,1.));
#9845=DIRECTION('',(0.,0.,-1.));
#9846=DIRECTION('',(0.,1.,0.));
#9847=DIRECTION('center_axis',(0.,0.,1.));
#9848=DIRECTION('ref_axis',(1.,0.,0.));
#9849=DIRECTION('',(-1.,0.,0.));
#9850=DIRECTION('',(0.,1.,0.));
#9851=DIRECTION('center_axis',(-1.,0.,0.));
#9852=DIRECTION('ref_axis',(0.,0.,1.));
#9853=DIRECTION('',(0.,0.,-1.));
#9854=DIRECTION('center_axis',(1.,0.,0.));
#9855=DIRECTION('ref_axis',(0.,0.,-1.));
#9856=DIRECTION('center_axis',(-1.,0.,0.));
#9857=DIRECTION('ref_axis',(0.,0.,1.));
#9858=DIRECTION('center_axis',(0.,1.,0.));
#9859=DIRECTION('ref_axis',(0.,0.,1.));
#9860=DIRECTION('',(0.,0.,1.));
#9861=DIRECTION('',(1.,0.,0.));
#9862=CARTESIAN_POINT('',(0.,0.,0.));
#9863=CARTESIAN_POINT('',(0.,0.,0.));
#9864=CARTESIAN_POINT('Origin',(1.3,3.15,-1.4375));
#9865=CARTESIAN_POINT('',(1.35,3.2,-0.975));
#9866=CARTESIAN_POINT('',(1.35,3.2,-1.525));
#9867=CARTESIAN_POINT('',(1.35,3.2,-1.4375));
#9868=CARTESIAN_POINT('',(1.25,3.1,-1.625));
#9869=CARTESIAN_POINT('',(1.35,3.2,-1.525));
#9870=CARTESIAN_POINT('',(1.25,3.1,-0.875));
#9871=CARTESIAN_POINT('',(1.25,3.1,-1.4375));
#9872=CARTESIAN_POINT('',(1.25,3.1,-0.875));
#9873=CARTESIAN_POINT('Origin',(1.25,3.15,-1.575));
#9874=CARTESIAN_POINT('',(1.75,3.1,-1.625));
#9875=CARTESIAN_POINT('',(1.25,3.1,-1.625));
#9876=CARTESIAN_POINT('',(1.65,3.2,-1.525));
#9877=CARTESIAN_POINT('',(1.25,3.2,-1.525));
#9878=CARTESIAN_POINT('',(1.65,3.2,-1.525));
#9879=CARTESIAN_POINT('Origin',(1.25,3.15,-0.925));
#9880=CARTESIAN_POINT('',(1.65,3.2,-0.975));
#9881=CARTESIAN_POINT('',(1.25,3.2,-0.975));
#9882=CARTESIAN_POINT('',(1.75,3.1,-0.875));
#9883=CARTESIAN_POINT('',(1.25,3.1,-0.875));
#9884=CARTESIAN_POINT('',(1.75,3.1,-0.875));
#9885=CARTESIAN_POINT('Origin',(1.7,3.15,-1.4375));
#9886=CARTESIAN_POINT('',(1.75,3.1,-1.4375));
#9887=CARTESIAN_POINT('',(1.65,3.2,-1.4375));
#9888=CARTESIAN_POINT('Origin',(1.25,3.2,-0.875));
#9889=CARTESIAN_POINT('',(1.25,-1.5,-0.875));
#9890=CARTESIAN_POINT('',(1.25,3.2,-0.875));
#9891=CARTESIAN_POINT('',(1.75,-1.5,-0.875));
#9892=CARTESIAN_POINT('',(1.25,-1.5,-0.875));
#9893=CARTESIAN_POINT('',(1.75,3.2,-0.875));
#9894=CARTESIAN_POINT('Origin',(1.25,0.5,-1.25));
#9895=CARTESIAN_POINT('',(1.25,-1.5,-1.625));
#9896=CARTESIAN_POINT('',(1.25,-1.5,-1.625));
#9897=CARTESIAN_POINT('',(1.25,-2.2,-1.4));
#9898=CARTESIAN_POINT('',(1.25,-1.5,-1.625));
#9899=CARTESIAN_POINT('',(1.25,-2.2,-1.1));
#9900=CARTESIAN_POINT('',(1.25,-2.2,-1.4));
#9901=CARTESIAN_POINT('',(1.25,-2.2,-1.1));
#9902=CARTESIAN_POINT('Origin',(1.25,3.2,-1.625));
#9903=CARTESIAN_POINT('Origin',(1.25,-2.2,-1.4));
#9904=CARTESIAN_POINT('',(1.75,-1.5,-1.625));
#9905=CARTESIAN_POINT('',(1.25,-1.5,-1.625));
#9906=CARTESIAN_POINT('',(1.75,-2.2,-1.4));
#9907=CARTESIAN_POINT('',(1.75,-1.5,-1.625));
#9908=CARTESIAN_POINT('',(1.25,-2.2,-1.4));
#9909=CARTESIAN_POINT('Origin',(1.25,-2.2,-1.1));
#9910=CARTESIAN_POINT('',(1.75,-2.2,-1.1));
#9911=CARTESIAN_POINT('',(1.75,-2.2,-1.4));
#9912=CARTESIAN_POINT('',(1.25,-2.2,-1.1));
#9913=CARTESIAN_POINT('Origin',(1.25,-1.5,-0.875));
#9914=CARTESIAN_POINT('',(1.75,-2.2,-1.1));
#9915=CARTESIAN_POINT('Origin',(1.25,-1.5,-1.625));
#9916=CARTESIAN_POINT('',(1.75,-1.5,-1.625));
#9917=CARTESIAN_POINT('Origin',(1.75,0.5,-1.25));
#9918=CARTESIAN_POINT('Origin',(2.55,3.15,-1.4375));
#9919=CARTESIAN_POINT('',(2.6,3.2,-0.975));
#9920=CARTESIAN_POINT('',(2.6,3.2,-1.525));
#9921=CARTESIAN_POINT('',(2.6,3.2,-1.4375));
#9922=CARTESIAN_POINT('',(2.5,3.1,-1.625));
#9923=CARTESIAN_POINT('',(2.6,3.2,-1.525));
#9924=CARTESIAN_POINT('',(2.5,3.1,-0.875));
#9925=CARTESIAN_POINT('',(2.5,3.1,-1.4375));
#9926=CARTESIAN_POINT('',(2.5,3.1,-0.875));
#9927=CARTESIAN_POINT('Origin',(2.5,3.15,-1.575));
#9928=CARTESIAN_POINT('',(3.,3.1,-1.625));
#9929=CARTESIAN_POINT('',(2.5,3.1,-1.625));
#9930=CARTESIAN_POINT('',(2.9,3.2,-1.525));
#9931=CARTESIAN_POINT('',(2.5,3.2,-1.525));
#9932=CARTESIAN_POINT('',(2.9,3.2,-1.525));
#9933=CARTESIAN_POINT('Origin',(2.5,3.15,-0.925));
#9934=CARTESIAN_POINT('',(2.9,3.2,-0.975));
#9935=CARTESIAN_POINT('',(2.5,3.2,-0.975));
#9936=CARTESIAN_POINT('',(3.,3.1,-0.875));
#9937=CARTESIAN_POINT('',(2.5,3.1,-0.875));
#9938=CARTESIAN_POINT('',(3.,3.1,-0.875));
#9939=CARTESIAN_POINT('Origin',(2.95,3.15,-1.4375));
#9940=CARTESIAN_POINT('',(3.,3.1,-1.4375));
#9941=CARTESIAN_POINT('',(2.9,3.2,-1.4375));
#9942=CARTESIAN_POINT('Origin',(2.5,3.2,-0.875));
#9943=CARTESIAN_POINT('',(2.5,-1.5,-0.875));
#9944=CARTESIAN_POINT('',(2.5,3.2,-0.875));
#9945=CARTESIAN_POINT('',(3.,-1.5,-0.875));
#9946=CARTESIAN_POINT('',(2.5,-1.5,-0.875));
#9947=CARTESIAN_POINT('',(3.,3.2,-0.875));
#9948=CARTESIAN_POINT('Origin',(2.5,0.5,-1.25));
#9949=CARTESIAN_POINT('',(2.5,-1.5,-1.625));
#9950=CARTESIAN_POINT('',(2.5,-1.5,-1.625));
#9951=CARTESIAN_POINT('',(2.5,-2.2,-1.4));
#9952=CARTESIAN_POINT('',(2.5,-1.5,-1.625));
#9953=CARTESIAN_POINT('',(2.5,-2.2,-1.1));
#9954=CARTESIAN_POINT('',(2.5,-2.2,-1.4));
#9955=CARTESIAN_POINT('',(2.5,-2.2,-1.1));
#9956=CARTESIAN_POINT('Origin',(2.5,3.2,-1.625));
#9957=CARTESIAN_POINT('Origin',(2.5,-2.2,-1.4));
#9958=CARTESIAN_POINT('',(3.,-1.5,-1.625));
#9959=CARTESIAN_POINT('',(2.5,-1.5,-1.625));
#9960=CARTESIAN_POINT('',(3.,-2.2,-1.4));
#9961=CARTESIAN_POINT('',(3.,-1.5,-1.625));
#9962=CARTESIAN_POINT('',(2.5,-2.2,-1.4));
#9963=CARTESIAN_POINT('Origin',(2.5,-2.2,-1.1));
#9964=CARTESIAN_POINT('',(3.,-2.2,-1.1));
#9965=CARTESIAN_POINT('',(3.,-2.2,-1.4));
#9966=CARTESIAN_POINT('',(2.5,-2.2,-1.1));
#9967=CARTESIAN_POINT('Origin',(2.5,-1.5,-0.875));
#9968=CARTESIAN_POINT('',(3.,-2.2,-1.1));
#9969=CARTESIAN_POINT('Origin',(2.5,-1.5,-1.625));
#9970=CARTESIAN_POINT('',(3.,-1.5,-1.625));
#9971=CARTESIAN_POINT('Origin',(3.,0.5,-1.25));
#9972=CARTESIAN_POINT('Origin',(3.8,3.15,-1.4375));
#9973=CARTESIAN_POINT('',(3.85,3.2,-0.975));
#9974=CARTESIAN_POINT('',(3.85,3.2,-1.525));
#9975=CARTESIAN_POINT('',(3.85,3.2,-1.4375));
#9976=CARTESIAN_POINT('',(3.75,3.1,-1.625));
#9977=CARTESIAN_POINT('',(3.85,3.2,-1.525));
#9978=CARTESIAN_POINT('',(3.75,3.1,-0.875));
#9979=CARTESIAN_POINT('',(3.75,3.1,-1.4375));
#9980=CARTESIAN_POINT('',(3.75,3.1,-0.875));
#9981=CARTESIAN_POINT('Origin',(3.75,3.15,-1.575));
#9982=CARTESIAN_POINT('',(4.25,3.1,-1.625));
#9983=CARTESIAN_POINT('',(3.75,3.1,-1.625));
#9984=CARTESIAN_POINT('',(4.15,3.2,-1.525));
#9985=CARTESIAN_POINT('',(3.75,3.2,-1.525));
#9986=CARTESIAN_POINT('',(4.15,3.2,-1.525));
#9987=CARTESIAN_POINT('Origin',(3.75,3.15,-0.925));
#9988=CARTESIAN_POINT('',(4.15,3.2,-0.975));
#9989=CARTESIAN_POINT('',(3.75,3.2,-0.975));
#9990=CARTESIAN_POINT('',(4.25,3.1,-0.875));
#9991=CARTESIAN_POINT('',(3.75,3.1,-0.875));
#9992=CARTESIAN_POINT('',(4.25,3.1,-0.875));
#9993=CARTESIAN_POINT('Origin',(4.2,3.15,-1.4375));
#9994=CARTESIAN_POINT('',(4.25,3.1,-1.4375));
#9995=CARTESIAN_POINT('',(4.15,3.2,-1.4375));
#9996=CARTESIAN_POINT('Origin',(3.75,3.2,-0.875));
#9997=CARTESIAN_POINT('',(3.75,-1.5,-0.875));
#9998=CARTESIAN_POINT('',(3.75,3.2,-0.875));
#9999=CARTESIAN_POINT('',(4.25,-1.5,-0.875));
#10000=CARTESIAN_POINT('',(3.75,-1.5,-0.875));
#10001=CARTESIAN_POINT('',(4.25,3.2,-0.875));
#10002=CARTESIAN_POINT('Origin',(3.75,0.5,-1.25));
#10003=CARTESIAN_POINT('',(3.75,-1.5,-1.625));
#10004=CARTESIAN_POINT('',(3.75,-1.5,-1.625));
#10005=CARTESIAN_POINT('',(3.75,-2.2,-1.4));
#10006=CARTESIAN_POINT('',(3.75,-1.5,-1.625));
#10007=CARTESIAN_POINT('',(3.75,-2.2,-1.1));
#10008=CARTESIAN_POINT('',(3.75,-2.2,-1.4));
#10009=CARTESIAN_POINT('',(3.75,-2.2,-1.1));
#10010=CARTESIAN_POINT('Origin',(3.75,3.2,-1.625));
#10011=CARTESIAN_POINT('Origin',(3.75,-2.2,-1.4));
#10012=CARTESIAN_POINT('',(4.25,-1.5,-1.625));
#10013=CARTESIAN_POINT('',(3.75,-1.5,-1.625));
#10014=CARTESIAN_POINT('',(4.25,-2.2,-1.4));
#10015=CARTESIAN_POINT('',(4.25,-1.5,-1.625));
#10016=CARTESIAN_POINT('',(3.75,-2.2,-1.4));
#10017=CARTESIAN_POINT('Origin',(3.75,-2.2,-1.1));
#10018=CARTESIAN_POINT('',(4.25,-2.2,-1.1));
#10019=CARTESIAN_POINT('',(4.25,-2.2,-1.4));
#10020=CARTESIAN_POINT('',(3.75,-2.2,-1.1));
#10021=CARTESIAN_POINT('Origin',(3.75,-1.5,-0.875));
#10022=CARTESIAN_POINT('',(4.25,-2.2,-1.1));
#10023=CARTESIAN_POINT('Origin',(3.75,-1.5,-1.625));
#10024=CARTESIAN_POINT('',(4.25,-1.5,-1.625));
#10025=CARTESIAN_POINT('Origin',(4.25,0.5,-1.25));
#10026=CARTESIAN_POINT('Origin',(5.05,3.15,-1.4375));
#10027=CARTESIAN_POINT('',(5.1,3.2,-0.975));
#10028=CARTESIAN_POINT('',(5.1,3.2,-1.525));
#10029=CARTESIAN_POINT('',(5.1,3.2,-1.4375));
#10030=CARTESIAN_POINT('',(5.,3.1,-1.625));
#10031=CARTESIAN_POINT('',(5.1,3.2,-1.525));
#10032=CARTESIAN_POINT('',(5.,3.1,-0.875));
#10033=CARTESIAN_POINT('',(5.,3.1,-1.4375));
#10034=CARTESIAN_POINT('',(5.,3.1,-0.875));
#10035=CARTESIAN_POINT('Origin',(5.,3.15,-1.575));
#10036=CARTESIAN_POINT('',(5.5,3.1,-1.625));
#10037=CARTESIAN_POINT('',(5.,3.1,-1.625));
#10038=CARTESIAN_POINT('',(5.4,3.2,-1.525));
#10039=CARTESIAN_POINT('',(5.,3.2,-1.525));
#10040=CARTESIAN_POINT('',(5.4,3.2,-1.525));
#10041=CARTESIAN_POINT('Origin',(5.,3.15,-0.925));
#10042=CARTESIAN_POINT('',(5.4,3.2,-0.975));
#10043=CARTESIAN_POINT('',(5.,3.2,-0.975));
#10044=CARTESIAN_POINT('',(5.5,3.1,-0.875));
#10045=CARTESIAN_POINT('',(5.,3.1,-0.875));
#10046=CARTESIAN_POINT('',(5.5,3.1,-0.875));
#10047=CARTESIAN_POINT('Origin',(5.45,3.15,-1.4375));
#10048=CARTESIAN_POINT('',(5.5,3.1,-1.4375));
#10049=CARTESIAN_POINT('',(5.4,3.2,-1.4375));
#10050=CARTESIAN_POINT('Origin',(5.,3.2,-0.875));
#10051=CARTESIAN_POINT('',(5.,-1.5,-0.875));
#10052=CARTESIAN_POINT('',(5.,3.2,-0.875));
#10053=CARTESIAN_POINT('',(5.5,-1.5,-0.875));
#10054=CARTESIAN_POINT('',(5.,-1.5,-0.875));
#10055=CARTESIAN_POINT('',(5.5,3.2,-0.875));
#10056=CARTESIAN_POINT('Origin',(5.,0.5,-1.25));
#10057=CARTESIAN_POINT('',(5.,-1.5,-1.625));
#10058=CARTESIAN_POINT('',(5.,-1.5,-1.625));
#10059=CARTESIAN_POINT('',(5.,-2.2,-1.4));
#10060=CARTESIAN_POINT('',(5.,-1.5,-1.625));
#10061=CARTESIAN_POINT('',(5.,-2.2,-1.1));
#10062=CARTESIAN_POINT('',(5.,-2.2,-1.4));
#10063=CARTESIAN_POINT('',(5.,-2.2,-1.1));
#10064=CARTESIAN_POINT('Origin',(5.,3.2,-1.625));
#10065=CARTESIAN_POINT('Origin',(5.,-2.2,-1.4));
#10066=CARTESIAN_POINT('',(5.5,-1.5,-1.625));
#10067=CARTESIAN_POINT('',(5.,-1.5,-1.625));
#10068=CARTESIAN_POINT('',(5.5,-2.2,-1.4));
#10069=CARTESIAN_POINT('',(5.5,-1.5,-1.625));
#10070=CARTESIAN_POINT('',(5.,-2.2,-1.4));
#10071=CARTESIAN_POINT('Origin',(5.,-2.2,-1.1));
#10072=CARTESIAN_POINT('',(5.5,-2.2,-1.1));
#10073=CARTESIAN_POINT('',(5.5,-2.2,-1.4));
#10074=CARTESIAN_POINT('',(5.,-2.2,-1.1));
#10075=CARTESIAN_POINT('Origin',(5.,-1.5,-0.875));
#10076=CARTESIAN_POINT('',(5.5,-2.2,-1.1));
#10077=CARTESIAN_POINT('Origin',(5.,-1.5,-1.625));
#10078=CARTESIAN_POINT('',(5.5,-1.5,-1.625));
#10079=CARTESIAN_POINT('Origin',(5.5,0.5,-1.25));
#10080=CARTESIAN_POINT('Origin',(6.3,3.15,-1.4375));
#10081=CARTESIAN_POINT('',(6.35,3.2,-0.975));
#10082=CARTESIAN_POINT('',(6.35,3.2,-1.525));
#10083=CARTESIAN_POINT('',(6.35,3.2,-1.4375));
#10084=CARTESIAN_POINT('',(6.25,3.1,-1.625));
#10085=CARTESIAN_POINT('',(6.35,3.2,-1.525));
#10086=CARTESIAN_POINT('',(6.25,3.1,-0.875));
#10087=CARTESIAN_POINT('',(6.25,3.1,-1.4375));
#10088=CARTESIAN_POINT('',(6.25,3.1,-0.875));
#10089=CARTESIAN_POINT('Origin',(6.25,3.15,-1.575));
#10090=CARTESIAN_POINT('',(6.75,3.1,-1.625));
#10091=CARTESIAN_POINT('',(6.25,3.1,-1.625));
#10092=CARTESIAN_POINT('',(6.65,3.2,-1.525));
#10093=CARTESIAN_POINT('',(6.25,3.2,-1.525));
#10094=CARTESIAN_POINT('',(6.65,3.2,-1.525));
#10095=CARTESIAN_POINT('Origin',(6.25,3.15,-0.925));
#10096=CARTESIAN_POINT('',(6.65,3.2,-0.975));
#10097=CARTESIAN_POINT('',(6.25,3.2,-0.975));
#10098=CARTESIAN_POINT('',(6.75,3.1,-0.875));
#10099=CARTESIAN_POINT('',(6.25,3.1,-0.875));
#10100=CARTESIAN_POINT('',(6.75,3.1,-0.875));
#10101=CARTESIAN_POINT('Origin',(6.7,3.15,-1.4375));
#10102=CARTESIAN_POINT('',(6.75,3.1,-1.4375));
#10103=CARTESIAN_POINT('',(6.65,3.2,-1.4375));
#10104=CARTESIAN_POINT('Origin',(6.25,3.2,-0.875));
#10105=CARTESIAN_POINT('',(6.25,-1.5,-0.875));
#10106=CARTESIAN_POINT('',(6.25,3.2,-0.875));
#10107=CARTESIAN_POINT('',(6.75,-1.5,-0.875));
#10108=CARTESIAN_POINT('',(6.25,-1.5,-0.875));
#10109=CARTESIAN_POINT('',(6.75,3.2,-0.875));
#10110=CARTESIAN_POINT('Origin',(6.25,0.5,-1.25));
#10111=CARTESIAN_POINT('',(6.25,-1.5,-1.625));
#10112=CARTESIAN_POINT('',(6.25,-1.5,-1.625));
#10113=CARTESIAN_POINT('',(6.25,-2.2,-1.4));
#10114=CARTESIAN_POINT('',(6.25,-1.5,-1.625));
#10115=CARTESIAN_POINT('',(6.25,-2.2,-1.1));
#10116=CARTESIAN_POINT('',(6.25,-2.2,-1.4));
#10117=CARTESIAN_POINT('',(6.25,-2.2,-1.1));
#10118=CARTESIAN_POINT('Origin',(6.25,3.2,-1.625));
#10119=CARTESIAN_POINT('Origin',(6.25,-2.2,-1.4));
#10120=CARTESIAN_POINT('',(6.75,-1.5,-1.625));
#10121=CARTESIAN_POINT('',(6.25,-1.5,-1.625));
#10122=CARTESIAN_POINT('',(6.75,-2.2,-1.4));
#10123=CARTESIAN_POINT('',(6.75,-1.5,-1.625));
#10124=CARTESIAN_POINT('',(6.25,-2.2,-1.4));
#10125=CARTESIAN_POINT('Origin',(6.25,-2.2,-1.1));
#10126=CARTESIAN_POINT('',(6.75,-2.2,-1.1));
#10127=CARTESIAN_POINT('',(6.75,-2.2,-1.4));
#10128=CARTESIAN_POINT('',(6.25,-2.2,-1.1));
#10129=CARTESIAN_POINT('Origin',(6.25,-1.5,-0.875));
#10130=CARTESIAN_POINT('',(6.75,-2.2,-1.1));
#10131=CARTESIAN_POINT('Origin',(6.25,-1.5,-1.625));
#10132=CARTESIAN_POINT('',(6.75,-1.5,-1.625));
#10133=CARTESIAN_POINT('Origin',(6.75,0.5,-1.25));
#10134=CARTESIAN_POINT('Origin',(7.55,3.15,-1.4375));
#10135=CARTESIAN_POINT('',(7.6,3.2,-0.975));
#10136=CARTESIAN_POINT('',(7.6,3.2,-1.525));
#10137=CARTESIAN_POINT('',(7.6,3.2,-1.4375));
#10138=CARTESIAN_POINT('',(7.5,3.1,-1.625));
#10139=CARTESIAN_POINT('',(7.6,3.2,-1.525));
#10140=CARTESIAN_POINT('',(7.5,3.1,-0.875));
#10141=CARTESIAN_POINT('',(7.5,3.1,-1.4375));
#10142=CARTESIAN_POINT('',(7.5,3.1,-0.875));
#10143=CARTESIAN_POINT('Origin',(7.5,3.15,-1.575));
#10144=CARTESIAN_POINT('',(8.,3.1,-1.625));
#10145=CARTESIAN_POINT('',(7.5,3.1,-1.625));
#10146=CARTESIAN_POINT('',(7.9,3.2,-1.525));
#10147=CARTESIAN_POINT('',(7.5,3.2,-1.525));
#10148=CARTESIAN_POINT('',(7.9,3.2,-1.525));
#10149=CARTESIAN_POINT('Origin',(7.5,3.15,-0.925));
#10150=CARTESIAN_POINT('',(7.9,3.2,-0.975));
#10151=CARTESIAN_POINT('',(7.5,3.2,-0.975));
#10152=CARTESIAN_POINT('',(8.,3.1,-0.875));
#10153=CARTESIAN_POINT('',(7.5,3.1,-0.875));
#10154=CARTESIAN_POINT('',(8.,3.1,-0.875));
#10155=CARTESIAN_POINT('Origin',(7.95,3.15,-1.4375));
#10156=CARTESIAN_POINT('',(8.,3.1,-1.4375));
#10157=CARTESIAN_POINT('',(7.9,3.2,-1.4375));
#10158=CARTESIAN_POINT('Origin',(7.5,3.2,-0.875));
#10159=CARTESIAN_POINT('',(7.5,-1.5,-0.875));
#10160=CARTESIAN_POINT('',(7.5,3.2,-0.875));
#10161=CARTESIAN_POINT('',(8.,-1.5,-0.875));
#10162=CARTESIAN_POINT('',(7.5,-1.5,-0.875));
#10163=CARTESIAN_POINT('',(8.,3.2,-0.875));
#10164=CARTESIAN_POINT('Origin',(7.5,0.5,-1.25));
#10165=CARTESIAN_POINT('',(7.5,-1.5,-1.625));
#10166=CARTESIAN_POINT('',(7.5,-1.5,-1.625));
#10167=CARTESIAN_POINT('',(7.5,-2.2,-1.4));
#10168=CARTESIAN_POINT('',(7.5,-1.5,-1.625));
#10169=CARTESIAN_POINT('',(7.5,-2.2,-1.1));
#10170=CARTESIAN_POINT('',(7.5,-2.2,-1.4));
#10171=CARTESIAN_POINT('',(7.5,-2.2,-1.1));
#10172=CARTESIAN_POINT('Origin',(7.5,3.2,-1.625));
#10173=CARTESIAN_POINT('Origin',(7.5,-2.2,-1.4));
#10174=CARTESIAN_POINT('',(8.,-1.5,-1.625));
#10175=CARTESIAN_POINT('',(7.5,-1.5,-1.625));
#10176=CARTESIAN_POINT('',(8.,-2.2,-1.4));
#10177=CARTESIAN_POINT('',(8.,-1.5,-1.625));
#10178=CARTESIAN_POINT('',(7.5,-2.2,-1.4));
#10179=CARTESIAN_POINT('Origin',(7.5,-2.2,-1.1));
#10180=CARTESIAN_POINT('',(8.,-2.2,-1.1));
#10181=CARTESIAN_POINT('',(8.,-2.2,-1.4));
#10182=CARTESIAN_POINT('',(7.5,-2.2,-1.1));
#10183=CARTESIAN_POINT('Origin',(7.5,-1.5,-0.875));
#10184=CARTESIAN_POINT('',(8.,-2.2,-1.1));
#10185=CARTESIAN_POINT('Origin',(7.5,-1.5,-1.625));
#10186=CARTESIAN_POINT('',(8.,-1.5,-1.625));
#10187=CARTESIAN_POINT('Origin',(8.,0.5,-1.25));
#10188=CARTESIAN_POINT('Origin',(8.8,3.15,-1.4375));
#10189=CARTESIAN_POINT('',(8.85,3.2,-0.975));
#10190=CARTESIAN_POINT('',(8.85,3.2,-1.525));
#10191=CARTESIAN_POINT('',(8.85,3.2,-1.4375));
#10192=CARTESIAN_POINT('',(8.75,3.1,-1.625));
#10193=CARTESIAN_POINT('',(8.85,3.2,-1.525));
#10194=CARTESIAN_POINT('',(8.75,3.1,-0.875));
#10195=CARTESIAN_POINT('',(8.75,3.1,-1.4375));
#10196=CARTESIAN_POINT('',(8.75,3.1,-0.875));
#10197=CARTESIAN_POINT('Origin',(8.75,3.15,-1.575));
#10198=CARTESIAN_POINT('',(9.25,3.1,-1.625));
#10199=CARTESIAN_POINT('',(8.75,3.1,-1.625));
#10200=CARTESIAN_POINT('',(9.15,3.2,-1.525));
#10201=CARTESIAN_POINT('',(8.75,3.2,-1.525));
#10202=CARTESIAN_POINT('',(9.15,3.2,-1.525));
#10203=CARTESIAN_POINT('Origin',(8.75,3.15,-0.925));
#10204=CARTESIAN_POINT('',(9.15,3.2,-0.975));
#10205=CARTESIAN_POINT('',(8.75,3.2,-0.975));
#10206=CARTESIAN_POINT('',(9.25,3.1,-0.875));
#10207=CARTESIAN_POINT('',(8.75,3.1,-0.875));
#10208=CARTESIAN_POINT('',(9.25,3.1,-0.875));
#10209=CARTESIAN_POINT('Origin',(9.2,3.15,-1.4375));
#10210=CARTESIAN_POINT('',(9.25,3.1,-1.4375));
#10211=CARTESIAN_POINT('',(9.15,3.2,-1.4375));
#10212=CARTESIAN_POINT('Origin',(8.75,3.2,-0.875));
#10213=CARTESIAN_POINT('',(8.75,-1.5,-0.875));
#10214=CARTESIAN_POINT('',(8.75,3.2,-0.875));
#10215=CARTESIAN_POINT('',(9.25,-1.5,-0.875));
#10216=CARTESIAN_POINT('',(8.75,-1.5,-0.875));
#10217=CARTESIAN_POINT('',(9.25,3.2,-0.875));
#10218=CARTESIAN_POINT('Origin',(8.75,0.5,-1.25));
#10219=CARTESIAN_POINT('',(8.75,-1.5,-1.625));
#10220=CARTESIAN_POINT('',(8.75,-1.5,-1.625));
#10221=CARTESIAN_POINT('',(8.75,-2.2,-1.4));
#10222=CARTESIAN_POINT('',(8.75,-1.5,-1.625));
#10223=CARTESIAN_POINT('',(8.75,-2.2,-1.1));
#10224=CARTESIAN_POINT('',(8.75,-2.2,-1.4));
#10225=CARTESIAN_POINT('',(8.75,-2.2,-1.1));
#10226=CARTESIAN_POINT('Origin',(8.75,3.2,-1.625));
#10227=CARTESIAN_POINT('Origin',(8.75,-2.2,-1.4));
#10228=CARTESIAN_POINT('',(9.25,-1.5,-1.625));
#10229=CARTESIAN_POINT('',(8.75,-1.5,-1.625));
#10230=CARTESIAN_POINT('',(9.25,-2.2,-1.4));
#10231=CARTESIAN_POINT('',(9.25,-1.5,-1.625));
#10232=CARTESIAN_POINT('',(8.75,-2.2,-1.4));
#10233=CARTESIAN_POINT('Origin',(8.75,-2.2,-1.1));
#10234=CARTESIAN_POINT('',(9.25,-2.2,-1.1));
#10235=CARTESIAN_POINT('',(9.25,-2.2,-1.4));
#10236=CARTESIAN_POINT('',(8.75,-2.2,-1.1));
#10237=CARTESIAN_POINT('Origin',(8.75,-1.5,-0.875));
#10238=CARTESIAN_POINT('',(9.25,-2.2,-1.1));
#10239=CARTESIAN_POINT('Origin',(8.75,-1.5,-1.625));
#10240=CARTESIAN_POINT('',(9.25,-1.5,-1.625));
#10241=CARTESIAN_POINT('Origin',(9.25,0.5,-1.25));
#10242=CARTESIAN_POINT('Origin',(10.05,3.15,-1.4375));
#10243=CARTESIAN_POINT('',(10.1,3.2,-0.975));
#10244=CARTESIAN_POINT('',(10.1,3.2,-1.525));
#10245=CARTESIAN_POINT('',(10.1,3.2,-1.4375));
#10246=CARTESIAN_POINT('',(10.,3.1,-1.625));
#10247=CARTESIAN_POINT('',(10.1,3.2,-1.525));
#10248=CARTESIAN_POINT('',(10.,3.1,-0.875));
#10249=CARTESIAN_POINT('',(10.,3.1,-1.4375));
#10250=CARTESIAN_POINT('',(10.,3.1,-0.875));
#10251=CARTESIAN_POINT('Origin',(10.,3.15,-1.575));
#10252=CARTESIAN_POINT('',(10.5,3.1,-1.625));
#10253=CARTESIAN_POINT('',(10.,3.1,-1.625));
#10254=CARTESIAN_POINT('',(10.4,3.2,-1.525));
#10255=CARTESIAN_POINT('',(10.,3.2,-1.525));
#10256=CARTESIAN_POINT('',(10.4,3.2,-1.525));
#10257=CARTESIAN_POINT('Origin',(10.,3.15,-0.925));
#10258=CARTESIAN_POINT('',(10.4,3.2,-0.975));
#10259=CARTESIAN_POINT('',(10.,3.2,-0.975));
#10260=CARTESIAN_POINT('',(10.5,3.1,-0.875));
#10261=CARTESIAN_POINT('',(10.,3.1,-0.875));
#10262=CARTESIAN_POINT('',(10.5,3.1,-0.875));
#10263=CARTESIAN_POINT('Origin',(10.45,3.15,-1.4375));
#10264=CARTESIAN_POINT('',(10.5,3.1,-1.4375));
#10265=CARTESIAN_POINT('',(10.4,3.2,-1.4375));
#10266=CARTESIAN_POINT('Origin',(10.,3.2,-0.875));
#10267=CARTESIAN_POINT('',(10.,-1.5,-0.875));
#10268=CARTESIAN_POINT('',(10.,3.2,-0.875));
#10269=CARTESIAN_POINT('',(10.5,-1.5,-0.875));
#10270=CARTESIAN_POINT('',(10.,-1.5,-0.875));
#10271=CARTESIAN_POINT('',(10.5,3.2,-0.875));
#10272=CARTESIAN_POINT('Origin',(10.,0.5,-1.25));
#10273=CARTESIAN_POINT('',(10.,-1.5,-1.625));
#10274=CARTESIAN_POINT('',(10.,-1.5,-1.625));
#10275=CARTESIAN_POINT('',(10.,-2.2,-1.4));
#10276=CARTESIAN_POINT('',(10.,-1.5,-1.625));
#10277=CARTESIAN_POINT('',(10.,-2.2,-1.1));
#10278=CARTESIAN_POINT('',(10.,-2.2,-1.4));
#10279=CARTESIAN_POINT('',(10.,-2.2,-1.1));
#10280=CARTESIAN_POINT('Origin',(10.,3.2,-1.625));
#10281=CARTESIAN_POINT('Origin',(10.,-2.2,-1.4));
#10282=CARTESIAN_POINT('',(10.5,-1.5,-1.625));
#10283=CARTESIAN_POINT('',(10.,-1.5,-1.625));
#10284=CARTESIAN_POINT('',(10.5,-2.2,-1.4));
#10285=CARTESIAN_POINT('',(10.5,-1.5,-1.625));
#10286=CARTESIAN_POINT('',(10.,-2.2,-1.4));
#10287=CARTESIAN_POINT('Origin',(10.,-2.2,-1.1));
#10288=CARTESIAN_POINT('',(10.5,-2.2,-1.1));
#10289=CARTESIAN_POINT('',(10.5,-2.2,-1.4));
#10290=CARTESIAN_POINT('',(10.,-2.2,-1.1));
#10291=CARTESIAN_POINT('Origin',(10.,-1.5,-0.875));
#10292=CARTESIAN_POINT('',(10.5,-2.2,-1.1));
#10293=CARTESIAN_POINT('Origin',(10.,-1.5,-1.625));
#10294=CARTESIAN_POINT('',(10.5,-1.5,-1.625));
#10295=CARTESIAN_POINT('Origin',(10.5,0.5,-1.25));
#10296=CARTESIAN_POINT('Origin',(11.3,3.15,-1.4375));
#10297=CARTESIAN_POINT('',(11.35,3.2,-0.975));
#10298=CARTESIAN_POINT('',(11.35,3.2,-1.525));
#10299=CARTESIAN_POINT('',(11.35,3.2,-1.4375));
#10300=CARTESIAN_POINT('',(11.25,3.1,-1.625));
#10301=CARTESIAN_POINT('',(11.35,3.2,-1.525));
#10302=CARTESIAN_POINT('',(11.25,3.1,-0.875));
#10303=CARTESIAN_POINT('',(11.25,3.1,-1.4375));
#10304=CARTESIAN_POINT('',(11.25,3.1,-0.875));
#10305=CARTESIAN_POINT('Origin',(11.25,3.15,-1.575));
#10306=CARTESIAN_POINT('',(11.75,3.1,-1.625));
#10307=CARTESIAN_POINT('',(11.25,3.1,-1.625));
#10308=CARTESIAN_POINT('',(11.65,3.2,-1.525));
#10309=CARTESIAN_POINT('',(11.25,3.2,-1.525));
#10310=CARTESIAN_POINT('',(11.65,3.2,-1.525));
#10311=CARTESIAN_POINT('Origin',(11.25,3.15,-0.925));
#10312=CARTESIAN_POINT('',(11.65,3.2,-0.975));
#10313=CARTESIAN_POINT('',(11.25,3.2,-0.975));
#10314=CARTESIAN_POINT('',(11.75,3.1,-0.875));
#10315=CARTESIAN_POINT('',(11.25,3.1,-0.875));
#10316=CARTESIAN_POINT('',(11.75,3.1,-0.875));
#10317=CARTESIAN_POINT('Origin',(11.7,3.15,-1.4375));
#10318=CARTESIAN_POINT('',(11.75,3.1,-1.4375));
#10319=CARTESIAN_POINT('',(11.65,3.2,-1.4375));
#10320=CARTESIAN_POINT('Origin',(11.25,3.2,-0.875));
#10321=CARTESIAN_POINT('',(11.25,-1.5,-0.875));
#10322=CARTESIAN_POINT('',(11.25,3.2,-0.875));
#10323=CARTESIAN_POINT('',(11.75,-1.5,-0.875));
#10324=CARTESIAN_POINT('',(11.25,-1.5,-0.875));
#10325=CARTESIAN_POINT('',(11.75,3.2,-0.875));
#10326=CARTESIAN_POINT('Origin',(11.25,0.5,-1.25));
#10327=CARTESIAN_POINT('',(11.25,-1.5,-1.625));
#10328=CARTESIAN_POINT('',(11.25,-1.5,-1.625));
#10329=CARTESIAN_POINT('',(11.25,-2.2,-1.4));
#10330=CARTESIAN_POINT('',(11.25,-1.5,-1.625));
#10331=CARTESIAN_POINT('',(11.25,-2.2,-1.1));
#10332=CARTESIAN_POINT('',(11.25,-2.2,-1.4));
#10333=CARTESIAN_POINT('',(11.25,-2.2,-1.1));
#10334=CARTESIAN_POINT('Origin',(11.25,3.2,-1.625));
#10335=CARTESIAN_POINT('Origin',(11.25,-2.2,-1.4));
#10336=CARTESIAN_POINT('',(11.75,-1.5,-1.625));
#10337=CARTESIAN_POINT('',(11.25,-1.5,-1.625));
#10338=CARTESIAN_POINT('',(11.75,-2.2,-1.4));
#10339=CARTESIAN_POINT('',(11.75,-1.5,-1.625));
#10340=CARTESIAN_POINT('',(11.25,-2.2,-1.4));
#10341=CARTESIAN_POINT('Origin',(11.25,-2.2,-1.1));
#10342=CARTESIAN_POINT('',(11.75,-2.2,-1.1));
#10343=CARTESIAN_POINT('',(11.75,-2.2,-1.4));
#10344=CARTESIAN_POINT('',(11.25,-2.2,-1.1));
#10345=CARTESIAN_POINT('Origin',(11.25,-1.5,-0.875));
#10346=CARTESIAN_POINT('',(11.75,-2.2,-1.1));
#10347=CARTESIAN_POINT('Origin',(11.25,-1.5,-1.625));
#10348=CARTESIAN_POINT('',(11.75,-1.5,-1.625));
#10349=CARTESIAN_POINT('Origin',(11.75,0.5,-1.25));
#10350=CARTESIAN_POINT('Origin',(12.55,3.15,-1.4375));
#10351=CARTESIAN_POINT('',(12.6,3.2,-0.975));
#10352=CARTESIAN_POINT('',(12.6,3.2,-1.525));
#10353=CARTESIAN_POINT('',(12.6,3.2,-1.4375));
#10354=CARTESIAN_POINT('',(12.5,3.1,-1.625));
#10355=CARTESIAN_POINT('',(12.6,3.2,-1.525));
#10356=CARTESIAN_POINT('',(12.5,3.1,-0.875));
#10357=CARTESIAN_POINT('',(12.5,3.1,-1.4375));
#10358=CARTESIAN_POINT('',(12.5,3.1,-0.875));
#10359=CARTESIAN_POINT('Origin',(12.5,3.15,-1.575));
#10360=CARTESIAN_POINT('',(13.,3.1,-1.625));
#10361=CARTESIAN_POINT('',(12.5,3.1,-1.625));
#10362=CARTESIAN_POINT('',(12.9,3.2,-1.525));
#10363=CARTESIAN_POINT('',(12.5,3.2,-1.525));
#10364=CARTESIAN_POINT('',(12.9,3.2,-1.525));
#10365=CARTESIAN_POINT('Origin',(12.5,3.15,-0.925));
#10366=CARTESIAN_POINT('',(12.9,3.2,-0.975));
#10367=CARTESIAN_POINT('',(12.5,3.2,-0.975));
#10368=CARTESIAN_POINT('',(13.,3.1,-0.875));
#10369=CARTESIAN_POINT('',(12.5,3.1,-0.875));
#10370=CARTESIAN_POINT('',(13.,3.1,-0.875));
#10371=CARTESIAN_POINT('Origin',(12.95,3.15,-1.4375));
#10372=CARTESIAN_POINT('',(13.,3.1,-1.4375));
#10373=CARTESIAN_POINT('',(12.9,3.2,-1.4375));
#10374=CARTESIAN_POINT('Origin',(12.5,3.2,-0.875));
#10375=CARTESIAN_POINT('',(12.5,-1.5,-0.875));
#10376=CARTESIAN_POINT('',(12.5,3.2,-0.875));
#10377=CARTESIAN_POINT('',(13.,-1.5,-0.875));
#10378=CARTESIAN_POINT('',(12.5,-1.5,-0.875));
#10379=CARTESIAN_POINT('',(13.,3.2,-0.875));
#10380=CARTESIAN_POINT('Origin',(12.5,0.5,-1.25));
#10381=CARTESIAN_POINT('',(12.5,-1.5,-1.625));
#10382=CARTESIAN_POINT('',(12.5,-1.5,-1.625));
#10383=CARTESIAN_POINT('',(12.5,-2.2,-1.4));
#10384=CARTESIAN_POINT('',(12.5,-1.5,-1.625));
#10385=CARTESIAN_POINT('',(12.5,-2.2,-1.1));
#10386=CARTESIAN_POINT('',(12.5,-2.2,-1.4));
#10387=CARTESIAN_POINT('',(12.5,-2.2,-1.1));
#10388=CARTESIAN_POINT('Origin',(12.5,3.2,-1.625));
#10389=CARTESIAN_POINT('Origin',(12.5,-2.2,-1.4));
#10390=CARTESIAN_POINT('',(13.,-1.5,-1.625));
#10391=CARTESIAN_POINT('',(12.5,-1.5,-1.625));
#10392=CARTESIAN_POINT('',(13.,-2.2,-1.4));
#10393=CARTESIAN_POINT('',(13.,-1.5,-1.625));
#10394=CARTESIAN_POINT('',(12.5,-2.2,-1.4));
#10395=CARTESIAN_POINT('Origin',(12.5,-2.2,-1.1));
#10396=CARTESIAN_POINT('',(13.,-2.2,-1.1));
#10397=CARTESIAN_POINT('',(13.,-2.2,-1.4));
#10398=CARTESIAN_POINT('',(12.5,-2.2,-1.1));
#10399=CARTESIAN_POINT('Origin',(12.5,-1.5,-0.875));
#10400=CARTESIAN_POINT('',(13.,-2.2,-1.1));
#10401=CARTESIAN_POINT('Origin',(12.5,-1.5,-1.625));
#10402=CARTESIAN_POINT('',(13.,-1.5,-1.625));
#10403=CARTESIAN_POINT('Origin',(13.,0.5,-1.25));
#10404=CARTESIAN_POINT('Origin',(13.8,3.15,-1.4375));
#10405=CARTESIAN_POINT('',(13.85,3.2,-0.975));
#10406=CARTESIAN_POINT('',(13.85,3.2,-1.525));
#10407=CARTESIAN_POINT('',(13.85,3.2,-1.4375));
#10408=CARTESIAN_POINT('',(13.75,3.1,-1.625));
#10409=CARTESIAN_POINT('',(13.85,3.2,-1.525));
#10410=CARTESIAN_POINT('',(13.75,3.1,-0.875));
#10411=CARTESIAN_POINT('',(13.75,3.1,-1.4375));
#10412=CARTESIAN_POINT('',(13.75,3.1,-0.875));
#10413=CARTESIAN_POINT('Origin',(13.75,3.15,-1.575));
#10414=CARTESIAN_POINT('',(14.25,3.1,-1.625));
#10415=CARTESIAN_POINT('',(13.75,3.1,-1.625));
#10416=CARTESIAN_POINT('',(14.15,3.2,-1.525));
#10417=CARTESIAN_POINT('',(13.75,3.2,-1.525));
#10418=CARTESIAN_POINT('',(14.15,3.2,-1.525));
#10419=CARTESIAN_POINT('Origin',(13.75,3.15,-0.925));
#10420=CARTESIAN_POINT('',(14.15,3.2,-0.975));
#10421=CARTESIAN_POINT('',(13.75,3.2,-0.975));
#10422=CARTESIAN_POINT('',(14.25,3.1,-0.875));
#10423=CARTESIAN_POINT('',(13.75,3.1,-0.875));
#10424=CARTESIAN_POINT('',(14.25,3.1,-0.875));
#10425=CARTESIAN_POINT('Origin',(14.2,3.15,-1.4375));
#10426=CARTESIAN_POINT('',(14.25,3.1,-1.4375));
#10427=CARTESIAN_POINT('',(14.15,3.2,-1.4375));
#10428=CARTESIAN_POINT('Origin',(13.75,3.2,-0.875));
#10429=CARTESIAN_POINT('',(13.75,-1.5,-0.875));
#10430=CARTESIAN_POINT('',(13.75,3.2,-0.875));
#10431=CARTESIAN_POINT('',(14.25,-1.5,-0.875));
#10432=CARTESIAN_POINT('',(13.75,-1.5,-0.875));
#10433=CARTESIAN_POINT('',(14.25,3.2,-0.875));
#10434=CARTESIAN_POINT('Origin',(13.75,0.5,-1.25));
#10435=CARTESIAN_POINT('',(13.75,-1.5,-1.625));
#10436=CARTESIAN_POINT('',(13.75,-1.5,-1.625));
#10437=CARTESIAN_POINT('',(13.75,-2.2,-1.4));
#10438=CARTESIAN_POINT('',(13.75,-1.5,-1.625));
#10439=CARTESIAN_POINT('',(13.75,-2.2,-1.1));
#10440=CARTESIAN_POINT('',(13.75,-2.2,-1.4));
#10441=CARTESIAN_POINT('',(13.75,-2.2,-1.1));
#10442=CARTESIAN_POINT('Origin',(13.75,3.2,-1.625));
#10443=CARTESIAN_POINT('Origin',(13.75,-2.2,-1.4));
#10444=CARTESIAN_POINT('',(14.25,-1.5,-1.625));
#10445=CARTESIAN_POINT('',(13.75,-1.5,-1.625));
#10446=CARTESIAN_POINT('',(14.25,-2.2,-1.4));
#10447=CARTESIAN_POINT('',(14.25,-1.5,-1.625));
#10448=CARTESIAN_POINT('',(13.75,-2.2,-1.4));
#10449=CARTESIAN_POINT('Origin',(13.75,-2.2,-1.1));
#10450=CARTESIAN_POINT('',(14.25,-2.2,-1.1));
#10451=CARTESIAN_POINT('',(14.25,-2.2,-1.4));
#10452=CARTESIAN_POINT('',(13.75,-2.2,-1.1));
#10453=CARTESIAN_POINT('Origin',(13.75,-1.5,-0.875));
#10454=CARTESIAN_POINT('',(14.25,-2.2,-1.1));
#10455=CARTESIAN_POINT('Origin',(13.75,-1.5,-1.625));
#10456=CARTESIAN_POINT('',(14.25,-1.5,-1.625));
#10457=CARTESIAN_POINT('Origin',(14.25,0.5,-1.25));
#10458=CARTESIAN_POINT('Origin',(15.05,3.15,-1.4375));
#10459=CARTESIAN_POINT('',(15.1,3.2,-0.975));
#10460=CARTESIAN_POINT('',(15.1,3.2,-1.525));
#10461=CARTESIAN_POINT('',(15.1,3.2,-1.4375));
#10462=CARTESIAN_POINT('',(15.,3.1,-1.625));
#10463=CARTESIAN_POINT('',(15.1,3.2,-1.525));
#10464=CARTESIAN_POINT('',(15.,3.1,-0.875));
#10465=CARTESIAN_POINT('',(15.,3.1,-1.4375));
#10466=CARTESIAN_POINT('',(15.,3.1,-0.875));
#10467=CARTESIAN_POINT('Origin',(15.,3.15,-1.575));
#10468=CARTESIAN_POINT('',(15.5,3.1,-1.625));
#10469=CARTESIAN_POINT('',(15.,3.1,-1.625));
#10470=CARTESIAN_POINT('',(15.4,3.2,-1.525));
#10471=CARTESIAN_POINT('',(15.,3.2,-1.525));
#10472=CARTESIAN_POINT('',(15.4,3.2,-1.525));
#10473=CARTESIAN_POINT('Origin',(15.,3.15,-0.925));
#10474=CARTESIAN_POINT('',(15.4,3.2,-0.975));
#10475=CARTESIAN_POINT('',(15.,3.2,-0.975));
#10476=CARTESIAN_POINT('',(15.5,3.1,-0.875));
#10477=CARTESIAN_POINT('',(15.,3.1,-0.875));
#10478=CARTESIAN_POINT('',(15.5,3.1,-0.875));
#10479=CARTESIAN_POINT('Origin',(15.45,3.15,-1.4375));
#10480=CARTESIAN_POINT('',(15.5,3.1,-1.4375));
#10481=CARTESIAN_POINT('',(15.4,3.2,-1.4375));
#10482=CARTESIAN_POINT('Origin',(15.,3.2,-0.875));
#10483=CARTESIAN_POINT('',(15.,-1.5,-0.875));
#10484=CARTESIAN_POINT('',(15.,3.2,-0.875));
#10485=CARTESIAN_POINT('',(15.5,-1.5,-0.875));
#10486=CARTESIAN_POINT('',(15.,-1.5,-0.875));
#10487=CARTESIAN_POINT('',(15.5,3.2,-0.875));
#10488=CARTESIAN_POINT('Origin',(15.,0.5,-1.25));
#10489=CARTESIAN_POINT('',(15.,-1.5,-1.625));
#10490=CARTESIAN_POINT('',(15.,-1.5,-1.625));
#10491=CARTESIAN_POINT('',(15.,-2.2,-1.4));
#10492=CARTESIAN_POINT('',(15.,-1.5,-1.625));
#10493=CARTESIAN_POINT('',(15.,-2.2,-1.1));
#10494=CARTESIAN_POINT('',(15.,-2.2,-1.4));
#10495=CARTESIAN_POINT('',(15.,-2.2,-1.1));
#10496=CARTESIAN_POINT('Origin',(15.,3.2,-1.625));
#10497=CARTESIAN_POINT('Origin',(15.,-2.2,-1.4));
#10498=CARTESIAN_POINT('',(15.5,-1.5,-1.625));
#10499=CARTESIAN_POINT('',(15.,-1.5,-1.625));
#10500=CARTESIAN_POINT('',(15.5,-2.2,-1.4));
#10501=CARTESIAN_POINT('',(15.5,-1.5,-1.625));
#10502=CARTESIAN_POINT('',(15.,-2.2,-1.4));
#10503=CARTESIAN_POINT('Origin',(15.,-2.2,-1.1));
#10504=CARTESIAN_POINT('',(15.5,-2.2,-1.1));
#10505=CARTESIAN_POINT('',(15.5,-2.2,-1.4));
#10506=CARTESIAN_POINT('',(15.,-2.2,-1.1));
#10507=CARTESIAN_POINT('Origin',(15.,-1.5,-0.875));
#10508=CARTESIAN_POINT('',(15.5,-2.2,-1.1));
#10509=CARTESIAN_POINT('Origin',(15.,-1.5,-1.625));
#10510=CARTESIAN_POINT('',(15.5,-1.5,-1.625));
#10511=CARTESIAN_POINT('Origin',(15.5,0.5,-1.25));
#10512=CARTESIAN_POINT('Origin',(16.3,3.15,-1.4375));
#10513=CARTESIAN_POINT('',(16.35,3.2,-0.975));
#10514=CARTESIAN_POINT('',(16.35,3.2,-1.525));
#10515=CARTESIAN_POINT('',(16.35,3.2,-1.4375));
#10516=CARTESIAN_POINT('',(16.25,3.1,-1.625));
#10517=CARTESIAN_POINT('',(16.35,3.2,-1.525));
#10518=CARTESIAN_POINT('',(16.25,3.1,-0.875));
#10519=CARTESIAN_POINT('',(16.25,3.1,-1.4375));
#10520=CARTESIAN_POINT('',(16.25,3.1,-0.875));
#10521=CARTESIAN_POINT('Origin',(16.25,3.15,-1.575));
#10522=CARTESIAN_POINT('',(16.75,3.1,-1.625));
#10523=CARTESIAN_POINT('',(16.25,3.1,-1.625));
#10524=CARTESIAN_POINT('',(16.65,3.2,-1.525));
#10525=CARTESIAN_POINT('',(16.25,3.2,-1.525));
#10526=CARTESIAN_POINT('',(16.65,3.2,-1.525));
#10527=CARTESIAN_POINT('Origin',(16.25,3.15,-0.925));
#10528=CARTESIAN_POINT('',(16.65,3.2,-0.975));
#10529=CARTESIAN_POINT('',(16.25,3.2,-0.975));
#10530=CARTESIAN_POINT('',(16.75,3.1,-0.875));
#10531=CARTESIAN_POINT('',(16.25,3.1,-0.875));
#10532=CARTESIAN_POINT('',(16.75,3.1,-0.875));
#10533=CARTESIAN_POINT('Origin',(16.7,3.15,-1.4375));
#10534=CARTESIAN_POINT('',(16.75,3.1,-1.4375));
#10535=CARTESIAN_POINT('',(16.65,3.2,-1.4375));
#10536=CARTESIAN_POINT('Origin',(16.25,3.2,-0.875));
#10537=CARTESIAN_POINT('',(16.25,-1.5,-0.875));
#10538=CARTESIAN_POINT('',(16.25,3.2,-0.875));
#10539=CARTESIAN_POINT('',(16.75,-1.5,-0.875));
#10540=CARTESIAN_POINT('',(16.25,-1.5,-0.875));
#10541=CARTESIAN_POINT('',(16.75,3.2,-0.875));
#10542=CARTESIAN_POINT('Origin',(16.25,0.5,-1.25));
#10543=CARTESIAN_POINT('',(16.25,-1.5,-1.625));
#10544=CARTESIAN_POINT('',(16.25,-1.5,-1.625));
#10545=CARTESIAN_POINT('',(16.25,-2.2,-1.4));
#10546=CARTESIAN_POINT('',(16.25,-1.5,-1.625));
#10547=CARTESIAN_POINT('',(16.25,-2.2,-1.1));
#10548=CARTESIAN_POINT('',(16.25,-2.2,-1.4));
#10549=CARTESIAN_POINT('',(16.25,-2.2,-1.1));
#10550=CARTESIAN_POINT('Origin',(16.25,3.2,-1.625));
#10551=CARTESIAN_POINT('Origin',(16.25,-2.2,-1.4));
#10552=CARTESIAN_POINT('',(16.75,-1.5,-1.625));
#10553=CARTESIAN_POINT('',(16.25,-1.5,-1.625));
#10554=CARTESIAN_POINT('',(16.75,-2.2,-1.4));
#10555=CARTESIAN_POINT('',(16.75,-1.5,-1.625));
#10556=CARTESIAN_POINT('',(16.25,-2.2,-1.4));
#10557=CARTESIAN_POINT('Origin',(16.25,-2.2,-1.1));
#10558=CARTESIAN_POINT('',(16.75,-2.2,-1.1));
#10559=CARTESIAN_POINT('',(16.75,-2.2,-1.4));
#10560=CARTESIAN_POINT('',(16.25,-2.2,-1.1));
#10561=CARTESIAN_POINT('Origin',(16.25,-1.5,-0.875));
#10562=CARTESIAN_POINT('',(16.75,-2.2,-1.1));
#10563=CARTESIAN_POINT('Origin',(16.25,-1.5,-1.625));
#10564=CARTESIAN_POINT('',(16.75,-1.5,-1.625));
#10565=CARTESIAN_POINT('Origin',(16.75,0.5,-1.25));
#10566=CARTESIAN_POINT('Origin',(17.55,3.15,-1.4375));
#10567=CARTESIAN_POINT('',(17.6,3.2,-0.975));
#10568=CARTESIAN_POINT('',(17.6,3.2,-1.525));
#10569=CARTESIAN_POINT('',(17.6,3.2,-1.4375));
#10570=CARTESIAN_POINT('',(17.5,3.1,-1.625));
#10571=CARTESIAN_POINT('',(17.6,3.2,-1.525));
#10572=CARTESIAN_POINT('',(17.5,3.1,-0.875));
#10573=CARTESIAN_POINT('',(17.5,3.1,-1.4375));
#10574=CARTESIAN_POINT('',(17.5,3.1,-0.875));
#10575=CARTESIAN_POINT('Origin',(17.5,3.15,-1.575));
#10576=CARTESIAN_POINT('',(18.,3.1,-1.625));
#10577=CARTESIAN_POINT('',(17.5,3.1,-1.625));
#10578=CARTESIAN_POINT('',(17.9,3.2,-1.525));
#10579=CARTESIAN_POINT('',(17.5,3.2,-1.525));
#10580=CARTESIAN_POINT('',(17.9,3.2,-1.525));
#10581=CARTESIAN_POINT('Origin',(17.5,3.15,-0.925));
#10582=CARTESIAN_POINT('',(17.9,3.2,-0.975));
#10583=CARTESIAN_POINT('',(17.5,3.2,-0.975));
#10584=CARTESIAN_POINT('',(18.,3.1,-0.875));
#10585=CARTESIAN_POINT('',(17.5,3.1,-0.875));
#10586=CARTESIAN_POINT('',(18.,3.1,-0.875));
#10587=CARTESIAN_POINT('Origin',(17.95,3.15,-1.4375));
#10588=CARTESIAN_POINT('',(18.,3.1,-1.4375));
#10589=CARTESIAN_POINT('',(17.9,3.2,-1.4375));
#10590=CARTESIAN_POINT('Origin',(17.5,3.2,-0.875));
#10591=CARTESIAN_POINT('',(17.5,-1.5,-0.875));
#10592=CARTESIAN_POINT('',(17.5,3.2,-0.875));
#10593=CARTESIAN_POINT('',(18.,-1.5,-0.875));
#10594=CARTESIAN_POINT('',(17.5,-1.5,-0.875));
#10595=CARTESIAN_POINT('',(18.,3.2,-0.875));
#10596=CARTESIAN_POINT('Origin',(17.5,0.5,-1.25));
#10597=CARTESIAN_POINT('',(17.5,-1.5,-1.625));
#10598=CARTESIAN_POINT('',(17.5,-1.5,-1.625));
#10599=CARTESIAN_POINT('',(17.5,-2.2,-1.4));
#10600=CARTESIAN_POINT('',(17.5,-1.5,-1.625));
#10601=CARTESIAN_POINT('',(17.5,-2.2,-1.1));
#10602=CARTESIAN_POINT('',(17.5,-2.2,-1.4));
#10603=CARTESIAN_POINT('',(17.5,-2.2,-1.1));
#10604=CARTESIAN_POINT('Origin',(17.5,3.2,-1.625));
#10605=CARTESIAN_POINT('Origin',(17.5,-2.2,-1.4));
#10606=CARTESIAN_POINT('',(18.,-1.5,-1.625));
#10607=CARTESIAN_POINT('',(17.5,-1.5,-1.625));
#10608=CARTESIAN_POINT('',(18.,-2.2,-1.4));
#10609=CARTESIAN_POINT('',(18.,-1.5,-1.625));
#10610=CARTESIAN_POINT('',(17.5,-2.2,-1.4));
#10611=CARTESIAN_POINT('Origin',(17.5,-2.2,-1.1));
#10612=CARTESIAN_POINT('',(18.,-2.2,-1.1));
#10613=CARTESIAN_POINT('',(18.,-2.2,-1.4));
#10614=CARTESIAN_POINT('',(17.5,-2.2,-1.1));
#10615=CARTESIAN_POINT('Origin',(17.5,-1.5,-0.875));
#10616=CARTESIAN_POINT('',(18.,-2.2,-1.1));
#10617=CARTESIAN_POINT('Origin',(17.5,-1.5,-1.625));
#10618=CARTESIAN_POINT('',(18.,-1.5,-1.625));
#10619=CARTESIAN_POINT('Origin',(18.,0.5,-1.25));
#10620=CARTESIAN_POINT('Origin',(18.8,3.15,-1.4375));
#10621=CARTESIAN_POINT('',(18.85,3.2,-0.975));
#10622=CARTESIAN_POINT('',(18.85,3.2,-1.525));
#10623=CARTESIAN_POINT('',(18.85,3.2,-1.4375));
#10624=CARTESIAN_POINT('',(18.75,3.1,-1.625));
#10625=CARTESIAN_POINT('',(18.85,3.2,-1.525));
#10626=CARTESIAN_POINT('',(18.75,3.1,-0.875));
#10627=CARTESIAN_POINT('',(18.75,3.1,-1.4375));
#10628=CARTESIAN_POINT('',(18.75,3.1,-0.875));
#10629=CARTESIAN_POINT('Origin',(18.75,3.15,-1.575));
#10630=CARTESIAN_POINT('',(19.25,3.1,-1.625));
#10631=CARTESIAN_POINT('',(18.75,3.1,-1.625));
#10632=CARTESIAN_POINT('',(19.15,3.2,-1.525));
#10633=CARTESIAN_POINT('',(18.75,3.2,-1.525));
#10634=CARTESIAN_POINT('',(19.15,3.2,-1.525));
#10635=CARTESIAN_POINT('Origin',(18.75,3.15,-0.925));
#10636=CARTESIAN_POINT('',(19.15,3.2,-0.975));
#10637=CARTESIAN_POINT('',(18.75,3.2,-0.975));
#10638=CARTESIAN_POINT('',(19.25,3.1,-0.875));
#10639=CARTESIAN_POINT('',(18.75,3.1,-0.875));
#10640=CARTESIAN_POINT('',(19.25,3.1,-0.875));
#10641=CARTESIAN_POINT('Origin',(19.2,3.15,-1.4375));
#10642=CARTESIAN_POINT('',(19.25,3.1,-1.4375));
#10643=CARTESIAN_POINT('',(19.15,3.2,-1.4375));
#10644=CARTESIAN_POINT('Origin',(18.75,3.2,-0.875));
#10645=CARTESIAN_POINT('',(18.75,-1.5,-0.875));
#10646=CARTESIAN_POINT('',(18.75,3.2,-0.875));
#10647=CARTESIAN_POINT('',(19.25,-1.5,-0.875));
#10648=CARTESIAN_POINT('',(18.75,-1.5,-0.875));
#10649=CARTESIAN_POINT('',(19.25,3.2,-0.875));
#10650=CARTESIAN_POINT('Origin',(18.75,0.5,-1.25));
#10651=CARTESIAN_POINT('',(18.75,-1.5,-1.625));
#10652=CARTESIAN_POINT('',(18.75,-1.5,-1.625));
#10653=CARTESIAN_POINT('',(18.75,-2.2,-1.4));
#10654=CARTESIAN_POINT('',(18.75,-1.5,-1.625));
#10655=CARTESIAN_POINT('',(18.75,-2.2,-1.1));
#10656=CARTESIAN_POINT('',(18.75,-2.2,-1.4));
#10657=CARTESIAN_POINT('',(18.75,-2.2,-1.1));
#10658=CARTESIAN_POINT('Origin',(18.75,3.2,-1.625));
#10659=CARTESIAN_POINT('Origin',(18.75,-2.2,-1.4));
#10660=CARTESIAN_POINT('',(19.25,-1.5,-1.625));
#10661=CARTESIAN_POINT('',(18.75,-1.5,-1.625));
#10662=CARTESIAN_POINT('',(19.25,-2.2,-1.4));
#10663=CARTESIAN_POINT('',(19.25,-1.5,-1.625));
#10664=CARTESIAN_POINT('',(18.75,-2.2,-1.4));
#10665=CARTESIAN_POINT('Origin',(18.75,-2.2,-1.1));
#10666=CARTESIAN_POINT('',(19.25,-2.2,-1.1));
#10667=CARTESIAN_POINT('',(19.25,-2.2,-1.4));
#10668=CARTESIAN_POINT('',(18.75,-2.2,-1.1));
#10669=CARTESIAN_POINT('Origin',(18.75,-1.5,-0.875));
#10670=CARTESIAN_POINT('',(19.25,-2.2,-1.1));
#10671=CARTESIAN_POINT('Origin',(18.75,-1.5,-1.625));
#10672=CARTESIAN_POINT('',(19.25,-1.5,-1.625));
#10673=CARTESIAN_POINT('Origin',(19.25,0.5,-1.25));
#10674=CARTESIAN_POINT('Origin',(20.05,3.15,-1.4375));
#10675=CARTESIAN_POINT('',(20.1,3.2,-0.975));
#10676=CARTESIAN_POINT('',(20.1,3.2,-1.525));
#10677=CARTESIAN_POINT('',(20.1,3.2,-1.4375));
#10678=CARTESIAN_POINT('',(20.,3.1,-1.625));
#10679=CARTESIAN_POINT('',(20.1,3.2,-1.525));
#10680=CARTESIAN_POINT('',(20.,3.1,-0.875));
#10681=CARTESIAN_POINT('',(20.,3.1,-1.4375));
#10682=CARTESIAN_POINT('',(20.,3.1,-0.875));
#10683=CARTESIAN_POINT('Origin',(20.,3.15,-1.575));
#10684=CARTESIAN_POINT('',(20.5,3.1,-1.625));
#10685=CARTESIAN_POINT('',(20.,3.1,-1.625));
#10686=CARTESIAN_POINT('',(20.4,3.2,-1.525));
#10687=CARTESIAN_POINT('',(20.,3.2,-1.525));
#10688=CARTESIAN_POINT('',(20.4,3.2,-1.525));
#10689=CARTESIAN_POINT('Origin',(20.,3.15,-0.925));
#10690=CARTESIAN_POINT('',(20.4,3.2,-0.975));
#10691=CARTESIAN_POINT('',(20.,3.2,-0.975));
#10692=CARTESIAN_POINT('',(20.5,3.1,-0.875));
#10693=CARTESIAN_POINT('',(20.,3.1,-0.875));
#10694=CARTESIAN_POINT('',(20.5,3.1,-0.875));
#10695=CARTESIAN_POINT('Origin',(20.45,3.15,-1.4375));
#10696=CARTESIAN_POINT('',(20.5,3.1,-1.4375));
#10697=CARTESIAN_POINT('',(20.4,3.2,-1.4375));
#10698=CARTESIAN_POINT('Origin',(20.,3.2,-0.875));
#10699=CARTESIAN_POINT('',(20.,-1.5,-0.875));
#10700=CARTESIAN_POINT('',(20.,3.2,-0.875));
#10701=CARTESIAN_POINT('',(20.5,-1.5,-0.875));
#10702=CARTESIAN_POINT('',(20.,-1.5,-0.875));
#10703=CARTESIAN_POINT('',(20.5,3.2,-0.875));
#10704=CARTESIAN_POINT('Origin',(20.,0.5,-1.25));
#10705=CARTESIAN_POINT('',(20.,-1.5,-1.625));
#10706=CARTESIAN_POINT('',(20.,-1.5,-1.625));
#10707=CARTESIAN_POINT('',(20.,-2.2,-1.4));
#10708=CARTESIAN_POINT('',(20.,-1.5,-1.625));
#10709=CARTESIAN_POINT('',(20.,-2.2,-1.1));
#10710=CARTESIAN_POINT('',(20.,-2.2,-1.4));
#10711=CARTESIAN_POINT('',(20.,-2.2,-1.1));
#10712=CARTESIAN_POINT('Origin',(20.,3.2,-1.625));
#10713=CARTESIAN_POINT('Origin',(20.,-2.2,-1.4));
#10714=CARTESIAN_POINT('',(20.5,-1.5,-1.625));
#10715=CARTESIAN_POINT('',(20.,-1.5,-1.625));
#10716=CARTESIAN_POINT('',(20.5,-2.2,-1.4));
#10717=CARTESIAN_POINT('',(20.5,-1.5,-1.625));
#10718=CARTESIAN_POINT('',(20.,-2.2,-1.4));
#10719=CARTESIAN_POINT('Origin',(20.,-2.2,-1.1));
#10720=CARTESIAN_POINT('',(20.5,-2.2,-1.1));
#10721=CARTESIAN_POINT('',(20.5,-2.2,-1.4));
#10722=CARTESIAN_POINT('',(20.,-2.2,-1.1));
#10723=CARTESIAN_POINT('Origin',(20.,-1.5,-0.875));
#10724=CARTESIAN_POINT('',(20.5,-2.2,-1.1));
#10725=CARTESIAN_POINT('Origin',(20.,-1.5,-1.625));
#10726=CARTESIAN_POINT('',(20.5,-1.5,-1.625));
#10727=CARTESIAN_POINT('Origin',(20.5,0.5,-1.25));
#10728=CARTESIAN_POINT('Origin',(21.3,3.15,-1.4375));
#10729=CARTESIAN_POINT('',(21.35,3.2,-0.975));
#10730=CARTESIAN_POINT('',(21.35,3.2,-1.525));
#10731=CARTESIAN_POINT('',(21.35,3.2,-1.4375));
#10732=CARTESIAN_POINT('',(21.25,3.1,-1.625));
#10733=CARTESIAN_POINT('',(21.35,3.2,-1.525));
#10734=CARTESIAN_POINT('',(21.25,3.1,-0.875));
#10735=CARTESIAN_POINT('',(21.25,3.1,-1.4375));
#10736=CARTESIAN_POINT('',(21.25,3.1,-0.875));
#10737=CARTESIAN_POINT('Origin',(21.25,3.15,-1.575));
#10738=CARTESIAN_POINT('',(21.75,3.1,-1.625));
#10739=CARTESIAN_POINT('',(21.25,3.1,-1.625));
#10740=CARTESIAN_POINT('',(21.65,3.2,-1.525));
#10741=CARTESIAN_POINT('',(21.25,3.2,-1.525));
#10742=CARTESIAN_POINT('',(21.65,3.2,-1.525));
#10743=CARTESIAN_POINT('Origin',(21.25,3.15,-0.925));
#10744=CARTESIAN_POINT('',(21.65,3.2,-0.975));
#10745=CARTESIAN_POINT('',(21.25,3.2,-0.975));
#10746=CARTESIAN_POINT('',(21.75,3.1,-0.875));
#10747=CARTESIAN_POINT('',(21.25,3.1,-0.875));
#10748=CARTESIAN_POINT('',(21.75,3.1,-0.875));
#10749=CARTESIAN_POINT('Origin',(21.7,3.15,-1.4375));
#10750=CARTESIAN_POINT('',(21.75,3.1,-1.4375));
#10751=CARTESIAN_POINT('',(21.65,3.2,-1.4375));
#10752=CARTESIAN_POINT('Origin',(21.25,3.2,-0.875));
#10753=CARTESIAN_POINT('',(21.25,-1.5,-0.875));
#10754=CARTESIAN_POINT('',(21.25,3.2,-0.875));
#10755=CARTESIAN_POINT('',(21.75,-1.5,-0.875));
#10756=CARTESIAN_POINT('',(21.25,-1.5,-0.875));
#10757=CARTESIAN_POINT('',(21.75,3.2,-0.875));
#10758=CARTESIAN_POINT('Origin',(21.25,0.5,-1.25));
#10759=CARTESIAN_POINT('',(21.25,-1.5,-1.625));
#10760=CARTESIAN_POINT('',(21.25,-1.5,-1.625));
#10761=CARTESIAN_POINT('',(21.25,-2.2,-1.4));
#10762=CARTESIAN_POINT('',(21.25,-1.5,-1.625));
#10763=CARTESIAN_POINT('',(21.25,-2.2,-1.1));
#10764=CARTESIAN_POINT('',(21.25,-2.2,-1.4));
#10765=CARTESIAN_POINT('',(21.25,-2.2,-1.1));
#10766=CARTESIAN_POINT('Origin',(21.25,3.2,-1.625));
#10767=CARTESIAN_POINT('Origin',(21.25,-2.2,-1.4));
#10768=CARTESIAN_POINT('',(21.75,-1.5,-1.625));
#10769=CARTESIAN_POINT('',(21.25,-1.5,-1.625));
#10770=CARTESIAN_POINT('',(21.75,-2.2,-1.4));
#10771=CARTESIAN_POINT('',(21.75,-1.5,-1.625));
#10772=CARTESIAN_POINT('',(21.25,-2.2,-1.4));
#10773=CARTESIAN_POINT('Origin',(21.25,-2.2,-1.1));
#10774=CARTESIAN_POINT('',(21.75,-2.2,-1.1));
#10775=CARTESIAN_POINT('',(21.75,-2.2,-1.4));
#10776=CARTESIAN_POINT('',(21.25,-2.2,-1.1));
#10777=CARTESIAN_POINT('Origin',(21.25,-1.5,-0.875));
#10778=CARTESIAN_POINT('',(21.75,-2.2,-1.1));
#10779=CARTESIAN_POINT('Origin',(21.25,-1.5,-1.625));
#10780=CARTESIAN_POINT('',(21.75,-1.5,-1.625));
#10781=CARTESIAN_POINT('Origin',(21.75,0.5,-1.25));
#10782=CARTESIAN_POINT('Origin',(22.55,3.15,-1.4375));
#10783=CARTESIAN_POINT('',(22.6,3.2,-0.975));
#10784=CARTESIAN_POINT('',(22.6,3.2,-1.525));
#10785=CARTESIAN_POINT('',(22.6,3.2,-1.4375));
#10786=CARTESIAN_POINT('',(22.5,3.1,-1.625));
#10787=CARTESIAN_POINT('',(22.6,3.2,-1.525));
#10788=CARTESIAN_POINT('',(22.5,3.1,-0.875));
#10789=CARTESIAN_POINT('',(22.5,3.1,-1.4375));
#10790=CARTESIAN_POINT('',(22.5,3.1,-0.875));
#10791=CARTESIAN_POINT('Origin',(22.5,3.15,-1.575));
#10792=CARTESIAN_POINT('',(23.,3.1,-1.625));
#10793=CARTESIAN_POINT('',(22.5,3.1,-1.625));
#10794=CARTESIAN_POINT('',(22.9,3.2,-1.525));
#10795=CARTESIAN_POINT('',(22.5,3.2,-1.525));
#10796=CARTESIAN_POINT('',(22.9,3.2,-1.525));
#10797=CARTESIAN_POINT('Origin',(22.5,3.15,-0.925));
#10798=CARTESIAN_POINT('',(22.9,3.2,-0.975));
#10799=CARTESIAN_POINT('',(22.5,3.2,-0.975));
#10800=CARTESIAN_POINT('',(23.,3.1,-0.875));
#10801=CARTESIAN_POINT('',(22.5,3.1,-0.875));
#10802=CARTESIAN_POINT('',(23.,3.1,-0.875));
#10803=CARTESIAN_POINT('Origin',(22.95,3.15,-1.4375));
#10804=CARTESIAN_POINT('',(23.,3.1,-1.4375));
#10805=CARTESIAN_POINT('',(22.9,3.2,-1.4375));
#10806=CARTESIAN_POINT('Origin',(22.5,3.2,-0.875));
#10807=CARTESIAN_POINT('',(22.5,-1.5,-0.875));
#10808=CARTESIAN_POINT('',(22.5,3.2,-0.875));
#10809=CARTESIAN_POINT('',(23.,-1.5,-0.875));
#10810=CARTESIAN_POINT('',(22.5,-1.5,-0.875));
#10811=CARTESIAN_POINT('',(23.,3.2,-0.875));
#10812=CARTESIAN_POINT('Origin',(22.5,0.5,-1.25));
#10813=CARTESIAN_POINT('',(22.5,-1.5,-1.625));
#10814=CARTESIAN_POINT('',(22.5,-1.5,-1.625));
#10815=CARTESIAN_POINT('',(22.5,-2.2,-1.4));
#10816=CARTESIAN_POINT('',(22.5,-1.5,-1.625));
#10817=CARTESIAN_POINT('',(22.5,-2.2,-1.1));
#10818=CARTESIAN_POINT('',(22.5,-2.2,-1.4));
#10819=CARTESIAN_POINT('',(22.5,-2.2,-1.1));
#10820=CARTESIAN_POINT('Origin',(22.5,3.2,-1.625));
#10821=CARTESIAN_POINT('Origin',(22.5,-2.2,-1.4));
#10822=CARTESIAN_POINT('',(23.,-1.5,-1.625));
#10823=CARTESIAN_POINT('',(22.5,-1.5,-1.625));
#10824=CARTESIAN_POINT('',(23.,-2.2,-1.4));
#10825=CARTESIAN_POINT('',(23.,-1.5,-1.625));
#10826=CARTESIAN_POINT('',(22.5,-2.2,-1.4));
#10827=CARTESIAN_POINT('Origin',(22.5,-2.2,-1.1));
#10828=CARTESIAN_POINT('',(23.,-2.2,-1.1));
#10829=CARTESIAN_POINT('',(23.,-2.2,-1.4));
#10830=CARTESIAN_POINT('',(22.5,-2.2,-1.1));
#10831=CARTESIAN_POINT('Origin',(22.5,-1.5,-0.875));
#10832=CARTESIAN_POINT('',(23.,-2.2,-1.1));
#10833=CARTESIAN_POINT('Origin',(22.5,-1.5,-1.625));
#10834=CARTESIAN_POINT('',(23.,-1.5,-1.625));
#10835=CARTESIAN_POINT('Origin',(23.,0.5,-1.25));
#10836=CARTESIAN_POINT('Origin',(23.8,3.15,-1.4375));
#10837=CARTESIAN_POINT('',(23.85,3.2,-0.975));
#10838=CARTESIAN_POINT('',(23.85,3.2,-1.525));
#10839=CARTESIAN_POINT('',(23.85,3.2,-1.4375));
#10840=CARTESIAN_POINT('',(23.75,3.1,-1.625));
#10841=CARTESIAN_POINT('',(23.85,3.2,-1.525));
#10842=CARTESIAN_POINT('',(23.75,3.1,-0.875));
#10843=CARTESIAN_POINT('',(23.75,3.1,-1.4375));
#10844=CARTESIAN_POINT('',(23.75,3.1,-0.875));
#10845=CARTESIAN_POINT('Origin',(23.75,3.15,-1.575));
#10846=CARTESIAN_POINT('',(24.25,3.1,-1.625));
#10847=CARTESIAN_POINT('',(23.75,3.1,-1.625));
#10848=CARTESIAN_POINT('',(24.15,3.2,-1.525));
#10849=CARTESIAN_POINT('',(23.75,3.2,-1.525));
#10850=CARTESIAN_POINT('',(24.15,3.2,-1.525));
#10851=CARTESIAN_POINT('Origin',(23.75,3.15,-0.925));
#10852=CARTESIAN_POINT('',(24.15,3.2,-0.975));
#10853=CARTESIAN_POINT('',(23.75,3.2,-0.975));
#10854=CARTESIAN_POINT('',(24.25,3.1,-0.875));
#10855=CARTESIAN_POINT('',(23.75,3.1,-0.875));
#10856=CARTESIAN_POINT('',(24.25,3.1,-0.875));
#10857=CARTESIAN_POINT('Origin',(24.2,3.15,-1.4375));
#10858=CARTESIAN_POINT('',(24.25,3.1,-1.4375));
#10859=CARTESIAN_POINT('',(24.15,3.2,-1.4375));
#10860=CARTESIAN_POINT('Origin',(23.75,3.2,-0.875));
#10861=CARTESIAN_POINT('',(23.75,-1.5,-0.875));
#10862=CARTESIAN_POINT('',(23.75,3.2,-0.875));
#10863=CARTESIAN_POINT('',(24.25,-1.5,-0.875));
#10864=CARTESIAN_POINT('',(23.75,-1.5,-0.875));
#10865=CARTESIAN_POINT('',(24.25,3.2,-0.875));
#10866=CARTESIAN_POINT('Origin',(23.75,0.5,-1.25));
#10867=CARTESIAN_POINT('',(23.75,-1.5,-1.625));
#10868=CARTESIAN_POINT('',(23.75,-1.5,-1.625));
#10869=CARTESIAN_POINT('',(23.75,-2.2,-1.4));
#10870=CARTESIAN_POINT('',(23.75,-1.5,-1.625));
#10871=CARTESIAN_POINT('',(23.75,-2.2,-1.1));
#10872=CARTESIAN_POINT('',(23.75,-2.2,-1.4));
#10873=CARTESIAN_POINT('',(23.75,-2.2,-1.1));
#10874=CARTESIAN_POINT('Origin',(23.75,3.2,-1.625));
#10875=CARTESIAN_POINT('Origin',(23.75,-2.2,-1.4));
#10876=CARTESIAN_POINT('',(24.25,-1.5,-1.625));
#10877=CARTESIAN_POINT('',(23.75,-1.5,-1.625));
#10878=CARTESIAN_POINT('',(24.25,-2.2,-1.4));
#10879=CARTESIAN_POINT('',(24.25,-1.5,-1.625));
#10880=CARTESIAN_POINT('',(23.75,-2.2,-1.4));
#10881=CARTESIAN_POINT('Origin',(23.75,-2.2,-1.1));
#10882=CARTESIAN_POINT('',(24.25,-2.2,-1.1));
#10883=CARTESIAN_POINT('',(24.25,-2.2,-1.4));
#10884=CARTESIAN_POINT('',(23.75,-2.2,-1.1));
#10885=CARTESIAN_POINT('Origin',(23.75,-1.5,-0.875));
#10886=CARTESIAN_POINT('',(24.25,-2.2,-1.1));
#10887=CARTESIAN_POINT('Origin',(23.75,-1.5,-1.625));
#10888=CARTESIAN_POINT('',(24.25,-1.5,-1.625));
#10889=CARTESIAN_POINT('Origin',(24.25,0.5,-1.25));
#10890=CARTESIAN_POINT('Origin',(25.05,3.15,-1.4375));
#10891=CARTESIAN_POINT('',(25.1,3.2,-0.975));
#10892=CARTESIAN_POINT('',(25.1,3.2,-1.525));
#10893=CARTESIAN_POINT('',(25.1,3.2,-1.4375));
#10894=CARTESIAN_POINT('',(25.,3.1,-1.625));
#10895=CARTESIAN_POINT('',(25.1,3.2,-1.525));
#10896=CARTESIAN_POINT('',(25.,3.1,-0.875));
#10897=CARTESIAN_POINT('',(25.,3.1,-1.4375));
#10898=CARTESIAN_POINT('',(25.,3.1,-0.875));
#10899=CARTESIAN_POINT('Origin',(25.,3.15,-1.575));
#10900=CARTESIAN_POINT('',(25.5,3.1,-1.625));
#10901=CARTESIAN_POINT('',(25.,3.1,-1.625));
#10902=CARTESIAN_POINT('',(25.4,3.2,-1.525));
#10903=CARTESIAN_POINT('',(25.,3.2,-1.525));
#10904=CARTESIAN_POINT('',(25.4,3.2,-1.525));
#10905=CARTESIAN_POINT('Origin',(25.,3.15,-0.925));
#10906=CARTESIAN_POINT('',(25.4,3.2,-0.975));
#10907=CARTESIAN_POINT('',(25.,3.2,-0.975));
#10908=CARTESIAN_POINT('',(25.5,3.1,-0.875));
#10909=CARTESIAN_POINT('',(25.,3.1,-0.875));
#10910=CARTESIAN_POINT('',(25.5,3.1,-0.875));
#10911=CARTESIAN_POINT('Origin',(25.45,3.15,-1.4375));
#10912=CARTESIAN_POINT('',(25.5,3.1,-1.4375));
#10913=CARTESIAN_POINT('',(25.4,3.2,-1.4375));
#10914=CARTESIAN_POINT('Origin',(25.,3.2,-0.875));
#10915=CARTESIAN_POINT('',(25.,-1.5,-0.875));
#10916=CARTESIAN_POINT('',(25.,3.2,-0.875));
#10917=CARTESIAN_POINT('',(25.5,-1.5,-0.875));
#10918=CARTESIAN_POINT('',(25.,-1.5,-0.875));
#10919=CARTESIAN_POINT('',(25.5,3.2,-0.875));
#10920=CARTESIAN_POINT('Origin',(25.,0.5,-1.25));
#10921=CARTESIAN_POINT('',(25.,-1.5,-1.625));
#10922=CARTESIAN_POINT('',(25.,-1.5,-1.625));
#10923=CARTESIAN_POINT('',(25.,-2.2,-1.4));
#10924=CARTESIAN_POINT('',(25.,-1.5,-1.625));
#10925=CARTESIAN_POINT('',(25.,-2.2,-1.1));
#10926=CARTESIAN_POINT('',(25.,-2.2,-1.4));
#10927=CARTESIAN_POINT('',(25.,-2.2,-1.1));
#10928=CARTESIAN_POINT('Origin',(25.,3.2,-1.625));
#10929=CARTESIAN_POINT('Origin',(25.,-2.2,-1.4));
#10930=CARTESIAN_POINT('',(25.5,-1.5,-1.625));
#10931=CARTESIAN_POINT('',(25.,-1.5,-1.625));
#10932=CARTESIAN_POINT('',(25.5,-2.2,-1.4));
#10933=CARTESIAN_POINT('',(25.5,-1.5,-1.625));
#10934=CARTESIAN_POINT('',(25.,-2.2,-1.4));
#10935=CARTESIAN_POINT('Origin',(25.,-2.2,-1.1));
#10936=CARTESIAN_POINT('',(25.5,-2.2,-1.1));
#10937=CARTESIAN_POINT('',(25.5,-2.2,-1.4));
#10938=CARTESIAN_POINT('',(25.,-2.2,-1.1));
#10939=CARTESIAN_POINT('Origin',(25.,-1.5,-0.875));
#10940=CARTESIAN_POINT('',(25.5,-2.2,-1.1));
#10941=CARTESIAN_POINT('Origin',(25.,-1.5,-1.625));
#10942=CARTESIAN_POINT('',(25.5,-1.5,-1.625));
#10943=CARTESIAN_POINT('Origin',(25.5,0.5,-1.25));
#10944=CARTESIAN_POINT('Origin',(8.75,0.,-0.875));
#10945=CARTESIAN_POINT('',(8.75,0.5,-0.875));
#10946=CARTESIAN_POINT('',(9.25,0.5,-0.875));
#10947=CARTESIAN_POINT('',(8.75,0.5,-0.875));
#10948=CARTESIAN_POINT('',(8.75,0.7,-0.875));
#10949=CARTESIAN_POINT('',(8.75,0.,-0.875));
#10950=CARTESIAN_POINT('',(9.25,0.7,-0.875));
#10951=CARTESIAN_POINT('',(11.0625,0.7,-0.875));
#10952=CARTESIAN_POINT('',(9.25,0.,-0.875));
#10953=CARTESIAN_POINT('Origin',(9.25,0.,-0.875));
#10954=CARTESIAN_POINT('',(9.25,0.5,-1.625));
#10955=CARTESIAN_POINT('',(9.25,0.5,0.));
#10956=CARTESIAN_POINT('',(9.25,0.7,-1.625));
#10957=CARTESIAN_POINT('',(9.25,0.7,-1.2375));
#10958=CARTESIAN_POINT('',(9.25,0.,-1.625));
#10959=CARTESIAN_POINT('Origin',(8.75,0.,-1.625));
#10960=CARTESIAN_POINT('',(8.75,0.5,-1.625));
#10961=CARTESIAN_POINT('',(8.75,0.5,0.));
#10962=CARTESIAN_POINT('',(8.75,0.7,-1.625));
#10963=CARTESIAN_POINT('',(8.75,0.,-1.625));
#10964=CARTESIAN_POINT('',(8.75,0.7,-1.6125));
#10965=CARTESIAN_POINT('Origin',(9.25,0.,-1.625));
#10966=CARTESIAN_POINT('',(9.,0.5,-1.625));
#10967=CARTESIAN_POINT('',(11.3125,0.7,-1.625));
#10968=CARTESIAN_POINT('Origin',(3.75,0.,-0.875));
#10969=CARTESIAN_POINT('',(3.75,0.5,-0.875));
#10970=CARTESIAN_POINT('',(4.25,0.5,-0.875));
#10971=CARTESIAN_POINT('',(3.75,0.5,-0.875));
#10972=CARTESIAN_POINT('',(3.75,0.7,-0.875));
#10973=CARTESIAN_POINT('',(3.75,0.,-0.875));
#10974=CARTESIAN_POINT('',(4.25,0.7,-0.875));
#10975=CARTESIAN_POINT('',(8.5625,0.7,-0.875));
#10976=CARTESIAN_POINT('',(4.25,0.,-0.875));
#10977=CARTESIAN_POINT('Origin',(4.25,0.,-0.875));
#10978=CARTESIAN_POINT('',(4.25,0.5,-1.625));
#10979=CARTESIAN_POINT('',(4.25,0.5,0.));
#10980=CARTESIAN_POINT('',(4.25,0.7,-1.625));
#10981=CARTESIAN_POINT('',(4.25,0.7,-1.2375));
#10982=CARTESIAN_POINT('',(4.25,0.,-1.625));
#10983=CARTESIAN_POINT('Origin',(3.75,0.,-1.625));
#10984=CARTESIAN_POINT('',(3.75,0.5,-1.625));
#10985=CARTESIAN_POINT('',(3.75,0.5,0.));
#10986=CARTESIAN_POINT('',(3.75,0.7,-1.625));
#10987=CARTESIAN_POINT('',(3.75,0.,-1.625));
#10988=CARTESIAN_POINT('',(3.75,0.7,-1.6125));
#10989=CARTESIAN_POINT('Origin',(4.25,0.,-1.625));
#10990=CARTESIAN_POINT('',(4.,0.5,-1.625));
#10991=CARTESIAN_POINT('',(8.8125,0.7,-1.625));
#10992=CARTESIAN_POINT('Origin',(2.5,0.,-0.875));
#10993=CARTESIAN_POINT('',(2.5,0.5,-0.875));
#10994=CARTESIAN_POINT('',(3.,0.5,-0.875));
#10995=CARTESIAN_POINT('',(2.5,0.5,-0.875));
#10996=CARTESIAN_POINT('',(2.5,0.7,-0.875));
#10997=CARTESIAN_POINT('',(2.5,0.,-0.875));
#10998=CARTESIAN_POINT('',(3.,0.7,-0.875));
#10999=CARTESIAN_POINT('',(7.9375,0.7,-0.875));
#11000=CARTESIAN_POINT('',(3.,0.,-0.875));
#11001=CARTESIAN_POINT('Origin',(3.,0.,-0.875));
#11002=CARTESIAN_POINT('',(3.,0.5,-1.625));
#11003=CARTESIAN_POINT('',(3.,0.5,0.));
#11004=CARTESIAN_POINT('',(3.,0.7,-1.625));
#11005=CARTESIAN_POINT('',(3.,0.7,-1.2375));
#11006=CARTESIAN_POINT('',(3.,0.,-1.625));
#11007=CARTESIAN_POINT('Origin',(2.5,0.,-1.625));
#11008=CARTESIAN_POINT('',(2.5,0.5,-1.625));
#11009=CARTESIAN_POINT('',(2.5,0.5,0.));
#11010=CARTESIAN_POINT('',(2.5,0.7,-1.625));
#11011=CARTESIAN_POINT('',(2.5,0.,-1.625));
#11012=CARTESIAN_POINT('',(2.5,0.7,-1.6125));
#11013=CARTESIAN_POINT('Origin',(3.,0.,-1.625));
#11014=CARTESIAN_POINT('',(2.75,0.5,-1.625));
#11015=CARTESIAN_POINT('',(8.1875,0.7,-1.625));
#11016=CARTESIAN_POINT('Origin',(7.5,0.,-0.875));
#11017=CARTESIAN_POINT('',(7.5,0.5,-0.875));
#11018=CARTESIAN_POINT('',(8.,0.5,-0.875));
#11019=CARTESIAN_POINT('',(7.5,0.5,-0.875));
#11020=CARTESIAN_POINT('',(7.5,0.7,-0.875));
#11021=CARTESIAN_POINT('',(7.5,0.,-0.875));
#11022=CARTESIAN_POINT('',(8.,0.7,-0.875));
#11023=CARTESIAN_POINT('',(10.4375,0.7,-0.875));
#11024=CARTESIAN_POINT('',(8.,0.,-0.875));
#11025=CARTESIAN_POINT('Origin',(8.,0.,-0.875));
#11026=CARTESIAN_POINT('',(8.,0.5,-1.625));
#11027=CARTESIAN_POINT('',(8.,0.5,0.));
#11028=CARTESIAN_POINT('',(8.,0.7,-1.625));
#11029=CARTESIAN_POINT('',(8.,0.7,-1.2375));
#11030=CARTESIAN_POINT('',(8.,0.,-1.625));
#11031=CARTESIAN_POINT('Origin',(7.5,0.,-1.625));
#11032=CARTESIAN_POINT('',(7.5,0.5,-1.625));
#11033=CARTESIAN_POINT('',(7.5,0.5,0.));
#11034=CARTESIAN_POINT('',(7.5,0.7,-1.625));
#11035=CARTESIAN_POINT('',(7.5,0.,-1.625));
#11036=CARTESIAN_POINT('',(7.5,0.7,-1.6125));
#11037=CARTESIAN_POINT('Origin',(8.,0.,-1.625));
#11038=CARTESIAN_POINT('',(7.75,0.5,-1.625));
#11039=CARTESIAN_POINT('',(10.6875,0.7,-1.625));
#11040=CARTESIAN_POINT('Origin',(10.,0.,-0.875));
#11041=CARTESIAN_POINT('',(10.,0.5,-0.875));
#11042=CARTESIAN_POINT('',(10.5,0.499999999999998,-0.875));
#11043=CARTESIAN_POINT('',(10.,0.5,-0.875));
#11044=CARTESIAN_POINT('',(10.,0.7,-0.875));
#11045=CARTESIAN_POINT('',(10.,0.,-0.875));
#11046=CARTESIAN_POINT('',(10.5,0.7,-0.875));
#11047=CARTESIAN_POINT('',(11.6875,0.7,-0.875));
#11048=CARTESIAN_POINT('',(10.5,0.,-0.875));
#11049=CARTESIAN_POINT('Origin',(10.5,0.,-0.875));
#11050=CARTESIAN_POINT('',(10.5,0.499999999999998,-1.625));
#11051=CARTESIAN_POINT('',(10.5,0.5,0.));
#11052=CARTESIAN_POINT('',(10.5,0.7,-1.625));
#11053=CARTESIAN_POINT('',(10.5,0.7,-1.2375));
#11054=CARTESIAN_POINT('',(10.5,0.,-1.625));
#11055=CARTESIAN_POINT('Origin',(10.,0.,-1.625));
#11056=CARTESIAN_POINT('',(10.,0.5,-1.625));
#11057=CARTESIAN_POINT('',(10.,0.5,0.));
#11058=CARTESIAN_POINT('',(10.,0.7,-1.625));
#11059=CARTESIAN_POINT('',(10.,0.,-1.625));
#11060=CARTESIAN_POINT('',(10.,0.7,-1.6125));
#11061=CARTESIAN_POINT('Origin',(10.5,0.,-1.625));
#11062=CARTESIAN_POINT('',(10.25,0.5,-1.625));
#11063=CARTESIAN_POINT('',(11.9375,0.7,-1.625));
#11064=CARTESIAN_POINT('Origin',(5.,0.,-0.875));
#11065=CARTESIAN_POINT('',(5.,0.5,-0.875));
#11066=CARTESIAN_POINT('',(5.5,0.5,-0.875));
#11067=CARTESIAN_POINT('',(5.,0.5,-0.875));
#11068=CARTESIAN_POINT('',(5.,0.7,-0.875));
#11069=CARTESIAN_POINT('',(5.,0.,-0.875));
#11070=CARTESIAN_POINT('',(5.5,0.7,-0.875));
#11071=CARTESIAN_POINT('',(9.1875,0.7,-0.875));
#11072=CARTESIAN_POINT('',(5.5,0.,-0.875));
#11073=CARTESIAN_POINT('Origin',(5.5,0.,-0.875));
#11074=CARTESIAN_POINT('',(5.5,0.5,-1.625));
#11075=CARTESIAN_POINT('',(5.5,0.5,0.));
#11076=CARTESIAN_POINT('',(5.5,0.7,-1.625));
#11077=CARTESIAN_POINT('',(5.5,0.7,-1.2375));
#11078=CARTESIAN_POINT('',(5.5,0.,-1.625));
#11079=CARTESIAN_POINT('Origin',(5.,0.,-1.625));
#11080=CARTESIAN_POINT('',(5.,0.5,-1.625));
#11081=CARTESIAN_POINT('',(5.,0.5,0.));
#11082=CARTESIAN_POINT('',(5.,0.7,-1.625));
#11083=CARTESIAN_POINT('',(5.,0.,-1.625));
#11084=CARTESIAN_POINT('',(5.,0.7,-1.6125));
#11085=CARTESIAN_POINT('Origin',(5.5,0.,-1.625));
#11086=CARTESIAN_POINT('',(5.25,0.5,-1.625));
#11087=CARTESIAN_POINT('',(9.4375,0.7,-1.625));
#11088=CARTESIAN_POINT('Origin',(1.25,0.,-0.875));
#11089=CARTESIAN_POINT('',(1.25,0.5,-0.875));
#11090=CARTESIAN_POINT('',(1.75,0.5,-0.875));
#11091=CARTESIAN_POINT('',(1.25,0.5,-0.875));
#11092=CARTESIAN_POINT('',(1.25,0.7,-0.875));
#11093=CARTESIAN_POINT('',(1.25,0.,-0.875));
#11094=CARTESIAN_POINT('',(1.75,0.7,-0.875));
#11095=CARTESIAN_POINT('',(7.3125,0.7,-0.875));
#11096=CARTESIAN_POINT('',(1.75,0.,-0.875));
#11097=CARTESIAN_POINT('Origin',(1.75,0.,-0.875));
#11098=CARTESIAN_POINT('',(1.75,0.5,-1.625));
#11099=CARTESIAN_POINT('',(1.75,0.5,0.));
#11100=CARTESIAN_POINT('',(1.75,0.7,-1.625));
#11101=CARTESIAN_POINT('',(1.75,0.7,-1.2375));
#11102=CARTESIAN_POINT('',(1.75,0.,-1.625));
#11103=CARTESIAN_POINT('Origin',(1.25,0.,-1.625));
#11104=CARTESIAN_POINT('',(1.25,0.5,-1.625));
#11105=CARTESIAN_POINT('',(1.25,0.5,0.));
#11106=CARTESIAN_POINT('',(1.25,0.7,-1.625));
#11107=CARTESIAN_POINT('',(1.25,0.,-1.625));
#11108=CARTESIAN_POINT('',(1.25,0.7,-1.6125));
#11109=CARTESIAN_POINT('Origin',(1.75,0.,-1.625));
#11110=CARTESIAN_POINT('',(1.5,0.5,-1.625));
#11111=CARTESIAN_POINT('',(7.5625,0.7,-1.625));
#11112=CARTESIAN_POINT('Origin',(6.25,0.,-0.875));
#11113=CARTESIAN_POINT('',(6.25,0.5,-0.875));
#11114=CARTESIAN_POINT('',(6.75,0.5,-0.875));
#11115=CARTESIAN_POINT('',(6.25,0.5,-0.875));
#11116=CARTESIAN_POINT('',(6.25,0.7,-0.875));
#11117=CARTESIAN_POINT('',(6.25,0.,-0.875));
#11118=CARTESIAN_POINT('',(6.75,0.7,-0.875));
#11119=CARTESIAN_POINT('',(9.8125,0.7,-0.875));
#11120=CARTESIAN_POINT('',(6.75,0.,-0.875));
#11121=CARTESIAN_POINT('Origin',(6.75,0.,-0.875));
#11122=CARTESIAN_POINT('',(6.75,0.5,-1.625));
#11123=CARTESIAN_POINT('',(6.75,0.5,0.));
#11124=CARTESIAN_POINT('',(6.75,0.7,-1.625));
#11125=CARTESIAN_POINT('',(6.75,0.7,-1.2375));
#11126=CARTESIAN_POINT('',(6.75,0.,-1.625));
#11127=CARTESIAN_POINT('Origin',(6.25,0.,-1.625));
#11128=CARTESIAN_POINT('',(6.25,0.5,-1.625));
#11129=CARTESIAN_POINT('',(6.25,0.5,0.));
#11130=CARTESIAN_POINT('',(6.25,0.7,-1.625));
#11131=CARTESIAN_POINT('',(6.25,0.,-1.625));
#11132=CARTESIAN_POINT('',(6.25,0.7,-1.6125));
#11133=CARTESIAN_POINT('Origin',(6.75,0.,-1.625));
#11134=CARTESIAN_POINT('',(6.5,0.5,-1.625));
#11135=CARTESIAN_POINT('',(10.0625,0.7,-1.625));
#11136=CARTESIAN_POINT('Origin',(11.25,0.,-0.875));
#11137=CARTESIAN_POINT('',(11.25,0.5,-0.875));
#11138=CARTESIAN_POINT('',(11.75,0.499999999999998,-0.875));
#11139=CARTESIAN_POINT('',(11.25,0.5,-0.875));
#11140=CARTESIAN_POINT('',(11.25,0.7,-0.875));
#11141=CARTESIAN_POINT('',(11.25,0.,-0.875));
#11142=CARTESIAN_POINT('',(11.75,0.7,-0.875));
#11143=CARTESIAN_POINT('',(12.3125,0.7,-0.875));
#11144=CARTESIAN_POINT('',(11.75,0.,-0.875));
#11145=CARTESIAN_POINT('Origin',(11.75,0.,-0.875));
#11146=CARTESIAN_POINT('',(11.75,0.499999999999998,-1.625));
#11147=CARTESIAN_POINT('',(11.75,0.5,0.));
#11148=CARTESIAN_POINT('',(11.75,0.7,-1.625));
#11149=CARTESIAN_POINT('',(11.75,0.7,-1.2375));
#11150=CARTESIAN_POINT('',(11.75,0.,-1.625));
#11151=CARTESIAN_POINT('Origin',(11.25,0.,-1.625));
#11152=CARTESIAN_POINT('',(11.25,0.5,-1.625));
#11153=CARTESIAN_POINT('',(11.25,0.5,0.));
#11154=CARTESIAN_POINT('',(11.25,0.7,-1.625));
#11155=CARTESIAN_POINT('',(11.25,0.,-1.625));
#11156=CARTESIAN_POINT('',(11.25,0.7,-1.6125));
#11157=CARTESIAN_POINT('Origin',(11.75,0.,-1.625));
#11158=CARTESIAN_POINT('',(11.5,0.5,-1.625));
#11159=CARTESIAN_POINT('',(12.5625,0.7,-1.625));
#11160=CARTESIAN_POINT('Origin',(8.75,0.5,0.));
#11161=CARTESIAN_POINT('',(8.75,0.5,-3.2));
#11162=CARTESIAN_POINT('',(8.75,0.5,0.));
#11163=CARTESIAN_POINT('',(9.25,0.5,-3.2));
#11164=CARTESIAN_POINT('',(17.75,0.500000000000002,-3.2));
#11165=CARTESIAN_POINT('',(9.25,0.5,0.));
#11166=CARTESIAN_POINT('Origin',(8.75,0.5,0.));
#11167=CARTESIAN_POINT('',(9.25,0.5,0.));
#11168=CARTESIAN_POINT('',(9.25,0.5,0.));
#11169=CARTESIAN_POINT('',(8.75,0.5,0.));
#11170=CARTESIAN_POINT('',(4.375,0.5,2.51990833845059E-33));
#11171=CARTESIAN_POINT('',(8.75,0.5,0.));
#11172=CARTESIAN_POINT('Origin',(3.75,0.5,0.));
#11173=CARTESIAN_POINT('',(3.75,0.5,-3.2));
#11174=CARTESIAN_POINT('',(3.75,0.5,0.));
#11175=CARTESIAN_POINT('',(4.25,0.5,-3.2));
#11176=CARTESIAN_POINT('',(15.25,0.500000000000002,-3.2));
#11177=CARTESIAN_POINT('',(4.25,0.5,0.));
#11178=CARTESIAN_POINT('Origin',(3.75,0.5,0.));
#11179=CARTESIAN_POINT('',(4.25,0.5,0.));
#11180=CARTESIAN_POINT('',(4.25,0.5,0.));
#11181=CARTESIAN_POINT('',(3.75,0.5,0.));
#11182=CARTESIAN_POINT('',(1.875,0.5,1.07996071647882E-33));
#11183=CARTESIAN_POINT('',(3.75,0.5,0.));
#11184=CARTESIAN_POINT('Origin',(2.5,0.5,0.));
#11185=CARTESIAN_POINT('',(2.5,0.5,-3.2));
#11186=CARTESIAN_POINT('',(2.5,0.5,0.));
#11187=CARTESIAN_POINT('',(3.,0.5,-3.2));
#11188=CARTESIAN_POINT('',(14.625,0.500000000000002,-3.2));
#11189=CARTESIAN_POINT('',(3.,0.5,0.));
#11190=CARTESIAN_POINT('Origin',(2.5,0.5,0.));
#11191=CARTESIAN_POINT('',(3.,0.5,0.));
#11192=CARTESIAN_POINT('',(3.,0.5,0.));
#11193=CARTESIAN_POINT('',(2.5,0.5,0.));
#11194=CARTESIAN_POINT('',(1.25,0.5,7.19973810985883E-34));
#11195=CARTESIAN_POINT('',(2.5,0.5,0.));
#11196=CARTESIAN_POINT('Origin',(7.5,0.5,0.));
#11197=CARTESIAN_POINT('',(7.5,0.5,-3.2));
#11198=CARTESIAN_POINT('',(7.5,0.5,0.));
#11199=CARTESIAN_POINT('',(8.,0.5,-3.2));
#11200=CARTESIAN_POINT('',(17.125,0.500000000000002,-3.2));
#11201=CARTESIAN_POINT('',(8.,0.5,0.));
#11202=CARTESIAN_POINT('Origin',(7.5,0.5,0.));
#11203=CARTESIAN_POINT('',(8.,0.5,0.));
#11204=CARTESIAN_POINT('',(8.,0.5,0.));
#11205=CARTESIAN_POINT('',(7.5,0.5,0.));
#11206=CARTESIAN_POINT('',(3.75,0.5,2.15992143295765E-33));
#11207=CARTESIAN_POINT('',(7.5,0.5,0.));
#11208=CARTESIAN_POINT('Origin',(10.,0.5,0.));
#11209=CARTESIAN_POINT('',(10.,0.5,-3.2));
#11210=CARTESIAN_POINT('',(10.,0.5,0.));
#11211=CARTESIAN_POINT('',(10.5,0.5,-3.2));
#11212=CARTESIAN_POINT('',(18.375,0.500000000000001,-3.2));
#11213=CARTESIAN_POINT('',(10.5,0.5,0.));
#11214=CARTESIAN_POINT('Origin',(10.,0.5,0.));
#11215=CARTESIAN_POINT('',(10.5,0.5,0.));
#11216=CARTESIAN_POINT('',(10.5,0.5,0.));
#11217=CARTESIAN_POINT('',(10.,0.5,0.));
#11218=CARTESIAN_POINT('',(5.,0.5,2.87989524394353E-33));
#11219=CARTESIAN_POINT('',(10.,0.5,0.));
#11220=CARTESIAN_POINT('Origin',(5.,0.5,0.));
#11221=CARTESIAN_POINT('',(5.,0.5,-3.2));
#11222=CARTESIAN_POINT('',(5.,0.5,0.));
#11223=CARTESIAN_POINT('',(5.5,0.5,-3.2));
#11224=CARTESIAN_POINT('',(15.875,0.500000000000002,-3.2));
#11225=CARTESIAN_POINT('',(5.5,0.5,0.));
#11226=CARTESIAN_POINT('Origin',(5.,0.5,0.));
#11227=CARTESIAN_POINT('',(5.5,0.5,0.));
#11228=CARTESIAN_POINT('',(5.5,0.5,0.));
#11229=CARTESIAN_POINT('',(5.,0.5,0.));
#11230=CARTESIAN_POINT('',(2.5,0.5,1.43994762197177E-33));
#11231=CARTESIAN_POINT('',(5.,0.5,0.));
#11232=CARTESIAN_POINT('Origin',(1.25,0.5,0.));
#11233=CARTESIAN_POINT('',(1.25,0.5,-3.2));
#11234=CARTESIAN_POINT('',(1.25,0.5,0.));
#11235=CARTESIAN_POINT('',(1.75,0.5,-3.2));
#11236=CARTESIAN_POINT('',(14.,0.500000000000002,-3.2));
#11237=CARTESIAN_POINT('',(1.75,0.5,0.));
#11238=CARTESIAN_POINT('Origin',(1.25,0.5,0.));
#11239=CARTESIAN_POINT('',(1.75,0.5,0.));
#11240=CARTESIAN_POINT('',(1.75,0.5,0.));
#11241=CARTESIAN_POINT('',(1.25,0.5,0.));
#11242=CARTESIAN_POINT('',(0.625,0.5,3.59986905492941E-34));
#11243=CARTESIAN_POINT('',(1.25,0.5,0.));
#11244=CARTESIAN_POINT('Origin',(6.25,0.5,0.));
#11245=CARTESIAN_POINT('',(6.25,0.5,-3.2));
#11246=CARTESIAN_POINT('',(6.25,0.5,0.));
#11247=CARTESIAN_POINT('',(6.75,0.5,-3.2));
#11248=CARTESIAN_POINT('',(16.5,0.500000000000002,-3.2));
#11249=CARTESIAN_POINT('',(6.75,0.5,0.));
#11250=CARTESIAN_POINT('Origin',(6.25,0.5,0.));
#11251=CARTESIAN_POINT('',(6.75,0.5,0.));
#11252=CARTESIAN_POINT('',(6.75,0.5,0.));
#11253=CARTESIAN_POINT('',(6.25,0.5,0.));
#11254=CARTESIAN_POINT('',(3.125,0.5,1.79993452746471E-33));
#11255=CARTESIAN_POINT('',(6.25,0.5,0.));
#11256=CARTESIAN_POINT('Origin',(11.25,0.5,0.));
#11257=CARTESIAN_POINT('',(11.25,0.5,-3.2));
#11258=CARTESIAN_POINT('',(11.25,0.5,0.));
#11259=CARTESIAN_POINT('',(11.75,0.5,-3.2));
#11260=CARTESIAN_POINT('',(19.,0.500000000000001,-3.2));
#11261=CARTESIAN_POINT('',(11.75,0.5,0.));
#11262=CARTESIAN_POINT('Origin',(11.25,0.5,0.));
#11263=CARTESIAN_POINT('',(11.75,0.5,0.));
#11264=CARTESIAN_POINT('',(11.75,0.5,0.));
#11265=CARTESIAN_POINT('',(11.25,0.5,0.));
#11266=CARTESIAN_POINT('',(5.625,0.499999999999999,3.23988214943647E-33));
#11267=CARTESIAN_POINT('',(11.25,0.5,0.));
#11268=CARTESIAN_POINT('Origin',(13.,0.5,0.));
#11269=CARTESIAN_POINT('',(13.2,0.250000000000001,-3.2));
#11270=CARTESIAN_POINT('',(13.,0.5,-3.2));
#11271=CARTESIAN_POINT('',(15.8048780487807,-3.00609756097565,-3.2));
#11272=CARTESIAN_POINT('',(13.2,0.250000000000001,0.));
#11273=CARTESIAN_POINT('',(13.2,0.250000000000001,0.));
#11274=CARTESIAN_POINT('',(13.,0.5,0.));
#11275=CARTESIAN_POINT('',(10.5853658536584,3.51829268292688,6.09694895547059E-33));
#11276=CARTESIAN_POINT('',(13.,0.5,0.));
#11277=CARTESIAN_POINT('Origin',(12.5,0.5,0.));
#11278=CARTESIAN_POINT('',(12.5,0.5,-3.2));
#11279=CARTESIAN_POINT('',(19.625,0.500000000000001,-3.2));
#11280=CARTESIAN_POINT('',(12.5,0.5,0.));
#11281=CARTESIAN_POINT('',(6.25,0.499999999999999,3.59986905492941E-33));
#11282=CARTESIAN_POINT('',(12.5,0.5,0.));
#11283=CARTESIAN_POINT('Origin',(12.3,0.25,0.));
#11284=CARTESIAN_POINT('',(12.3,0.25,-3.2));
#11285=CARTESIAN_POINT('',(15.0585365853659,3.69817073170732,-3.2));
#11286=CARTESIAN_POINT('',(12.3,0.25,0.));
#11287=CARTESIAN_POINT('',(9.8390243902439,-2.82621951219512,5.66707190930156E-33));
#11288=CARTESIAN_POINT('',(12.3,0.25,0.));
#11289=CARTESIAN_POINT('Origin',(11.95,0.250000000000001,0.));
#11290=CARTESIAN_POINT('',(11.95,0.250000000000001,-3.2));
#11291=CARTESIAN_POINT('',(19.35,0.249999999999985,-3.2));
#11292=CARTESIAN_POINT('',(11.95,0.250000000000001,0.));
#11293=CARTESIAN_POINT('',(5.975,0.250000000000014,3.44147481651252E-33));
#11294=CARTESIAN_POINT('',(11.95,0.250000000000001,0.));
#11295=CARTESIAN_POINT('Origin',(11.75,0.5,0.));
#11296=CARTESIAN_POINT('',(14.7987804878051,-3.31097560975615,-3.2));
#11297=CARTESIAN_POINT('',(9.57926829268273,3.21341463414639,5.51745783931121E-33));
#11298=CARTESIAN_POINT('Origin',(11.05,0.25,0.));
#11299=CARTESIAN_POINT('',(11.05,0.25,-3.2));
#11300=CARTESIAN_POINT('',(14.0524390243903,4.00304878048782,-3.2));
#11301=CARTESIAN_POINT('',(11.05,0.25,0.));
#11302=CARTESIAN_POINT('',(8.83292682926826,-2.52134146341464,5.08758079314217E-33));
#11303=CARTESIAN_POINT('',(11.05,0.25,0.));
#11304=CARTESIAN_POINT('Origin',(10.7,0.250000000000001,0.));
#11305=CARTESIAN_POINT('',(10.7,0.250000000000001,-3.2));
#11306=CARTESIAN_POINT('',(18.725,0.249999999999983,-3.2));
#11307=CARTESIAN_POINT('',(10.7,0.250000000000001,0.));
#11308=CARTESIAN_POINT('',(5.35000000000001,0.250000000000013,3.08148791101958E-33));
#11309=CARTESIAN_POINT('',(10.7,0.250000000000001,0.));
#11310=CARTESIAN_POINT('Origin',(10.5,0.5,0.));
#11311=CARTESIAN_POINT('',(13.7926829268295,-3.61585365853664,-3.2));
#11312=CARTESIAN_POINT('',(8.57317073170714,2.9085365853659,4.93796672315186E-33));
#11313=CARTESIAN_POINT('Origin',(9.8,0.25,0.));
#11314=CARTESIAN_POINT('',(9.8,0.25,-3.2));
#11315=CARTESIAN_POINT('',(13.0463414634146,4.30792682926829,-3.2));
#11316=CARTESIAN_POINT('',(9.8,0.25,0.));
#11317=CARTESIAN_POINT('',(7.82682926829268,-2.21646341463415,4.50808967698282E-33));
#11318=CARTESIAN_POINT('',(9.8,0.25,0.));
#11319=CARTESIAN_POINT('Origin',(9.45000000000001,0.250000000000001,0.));
#11320=CARTESIAN_POINT('',(9.45000000000001,0.250000000000001,-3.2));
#11321=CARTESIAN_POINT('',(18.1,0.249999999999982,-3.2));
#11322=CARTESIAN_POINT('',(9.45000000000001,0.250000000000001,0.));
#11323=CARTESIAN_POINT('',(4.72500000000001,0.250000000000011,2.72150100552664E-33));
#11324=CARTESIAN_POINT('',(9.45000000000001,0.250000000000001,0.));
#11325=CARTESIAN_POINT('Origin',(9.25,0.5,0.));
#11326=CARTESIAN_POINT('',(12.7865853658539,-3.92073170731712,-3.2));
#11327=CARTESIAN_POINT('',(7.56707317073158,2.6036585365854,4.35847560699251E-33));
#11328=CARTESIAN_POINT('Origin',(8.55,0.25,0.));
#11329=CARTESIAN_POINT('',(8.55,0.25,-3.2));
#11330=CARTESIAN_POINT('',(12.040243902439,4.61280487804878,-3.2));
#11331=CARTESIAN_POINT('',(8.55,0.25,0.));
#11332=CARTESIAN_POINT('',(6.82073170731707,-1.91158536585366,3.92859856082345E-33));
#11333=CARTESIAN_POINT('',(8.55,0.25,0.));
#11334=CARTESIAN_POINT('Origin',(8.20000000000001,0.250000000000001,0.));
#11335=CARTESIAN_POINT('',(8.20000000000001,0.250000000000001,-3.2));
#11336=CARTESIAN_POINT('',(17.475,0.249999999999981,-3.2));
#11337=CARTESIAN_POINT('',(8.20000000000001,0.250000000000001,0.));
#11338=CARTESIAN_POINT('',(4.10000000000001,0.25000000000001,2.3615141000337E-33));
#11339=CARTESIAN_POINT('',(8.20000000000001,0.250000000000001,0.));
#11340=CARTESIAN_POINT('Origin',(8.,0.5,0.));
#11341=CARTESIAN_POINT('',(11.7804878048783,-4.22560975609761,-3.2));
#11342=CARTESIAN_POINT('',(6.56097560975599,2.29878048780491,3.77898449083315E-33));
#11343=CARTESIAN_POINT('Origin',(7.3,0.25,0.));
#11344=CARTESIAN_POINT('',(7.3,0.25,-3.2));
#11345=CARTESIAN_POINT('',(11.0341463414634,4.91768292682927,-3.2));
#11346=CARTESIAN_POINT('',(7.3,0.25,0.));
#11347=CARTESIAN_POINT('',(5.81463414634146,-1.60670731707317,3.34910744466408E-33));
#11348=CARTESIAN_POINT('',(7.3,0.25,0.));
#11349=CARTESIAN_POINT('Origin',(6.95000000000001,0.250000000000001,0.));
#11350=CARTESIAN_POINT('',(6.95000000000001,0.250000000000001,-3.2));
#11351=CARTESIAN_POINT('',(16.85,0.249999999999979,-3.2));
#11352=CARTESIAN_POINT('',(6.95000000000001,0.250000000000001,0.));
#11353=CARTESIAN_POINT('',(3.47500000000001,0.250000000000009,2.00152719454076E-33));
#11354=CARTESIAN_POINT('',(6.95000000000001,0.250000000000001,0.));
#11355=CARTESIAN_POINT('Origin',(6.75,0.5,0.));
#11356=CARTESIAN_POINT('',(10.7743902439027,-4.5304878048781,-3.2));
#11357=CARTESIAN_POINT('',(5.5548780487804,1.99390243902442,3.1994933746738E-33));
#11358=CARTESIAN_POINT('Origin',(6.05,0.25,0.));
#11359=CARTESIAN_POINT('',(6.05,0.25,-3.2));
#11360=CARTESIAN_POINT('',(10.0280487804878,5.22256097560976,-3.2));
#11361=CARTESIAN_POINT('',(6.05,0.25,0.));
#11362=CARTESIAN_POINT('',(4.80853658536585,-1.30182926829268,2.76961632850472E-33));
#11363=CARTESIAN_POINT('',(6.05,0.25,0.));
#11364=CARTESIAN_POINT('Origin',(5.70000000000001,0.250000000000001,0.));
#11365=CARTESIAN_POINT('',(5.70000000000001,0.250000000000001,-3.2));
#11366=CARTESIAN_POINT('',(16.225,0.249999999999978,-3.2));
#11367=CARTESIAN_POINT('',(5.70000000000001,0.250000000000001,0.));
#11368=CARTESIAN_POINT('',(2.85000000000001,0.250000000000007,1.64154028904782E-33));
#11369=CARTESIAN_POINT('',(5.70000000000001,0.250000000000001,0.));
#11370=CARTESIAN_POINT('Origin',(5.5,0.5,0.));
#11371=CARTESIAN_POINT('',(9.76829268292713,-4.8353658536586,-3.2));
#11372=CARTESIAN_POINT('',(4.5487804878048,1.68902439024393,2.62000225851444E-33));
#11373=CARTESIAN_POINT('Origin',(4.8,0.25,0.));
#11374=CARTESIAN_POINT('',(4.8,0.25,-3.2));
#11375=CARTESIAN_POINT('',(9.0219512195122,5.52743902439024,-3.2));
#11376=CARTESIAN_POINT('',(4.8,0.25,0.));
#11377=CARTESIAN_POINT('',(3.80243902439024,-0.996951219512195,2.19012521234535E-33));
#11378=CARTESIAN_POINT('',(4.8,0.25,0.));
#11379=CARTESIAN_POINT('Origin',(4.45000000000001,0.250000000000001,0.));
#11380=CARTESIAN_POINT('',(4.45000000000001,0.250000000000001,-3.2));
#11381=CARTESIAN_POINT('',(15.6,0.249999999999977,-3.2));
#11382=CARTESIAN_POINT('',(4.45000000000001,0.250000000000001,0.));
#11383=CARTESIAN_POINT('',(2.22500000000001,0.250000000000006,1.28155338355487E-33));
#11384=CARTESIAN_POINT('',(4.45000000000001,0.250000000000001,0.));
#11385=CARTESIAN_POINT('Origin',(4.25,0.5,0.));
#11386=CARTESIAN_POINT('',(8.76219512195154,-5.14024390243909,-3.2));
#11387=CARTESIAN_POINT('',(3.54268292682921,1.38414634146344,2.04051114235508E-33));
#11388=CARTESIAN_POINT('Origin',(3.55,0.25,0.));
#11389=CARTESIAN_POINT('',(3.55,0.25,-3.2));
#11390=CARTESIAN_POINT('',(8.01585365853659,5.83231707317073,-3.2));
#11391=CARTESIAN_POINT('',(3.55,0.25,0.));
#11392=CARTESIAN_POINT('',(2.79634146341463,-0.692073170731707,1.61063409618598E-33));
#11393=CARTESIAN_POINT('',(3.55,0.25,0.));
#11394=CARTESIAN_POINT('Origin',(3.20000000000001,0.250000000000001,0.));
#11395=CARTESIAN_POINT('',(3.20000000000001,0.250000000000001,-3.2));
#11396=CARTESIAN_POINT('',(14.975,0.249999999999975,-3.2));
#11397=CARTESIAN_POINT('',(3.20000000000001,0.250000000000001,0.));
#11398=CARTESIAN_POINT('',(1.60000000000001,0.250000000000004,9.21566478061933E-34));
#11399=CARTESIAN_POINT('',(3.20000000000001,0.250000000000001,0.));
#11400=CARTESIAN_POINT('Origin',(3.,0.5,0.));
#11401=CARTESIAN_POINT('',(7.75609756097595,-5.44512195121958,-3.2));
#11402=CARTESIAN_POINT('',(2.53658536585362,1.07926829268294,1.46102002619572E-33));
#11403=CARTESIAN_POINT('Origin',(2.3,0.25,0.));
#11404=CARTESIAN_POINT('',(2.3,0.25,-3.2));
#11405=CARTESIAN_POINT('',(7.00975609756096,6.13719512195122,-3.2));
#11406=CARTESIAN_POINT('',(2.3,0.25,0.));
#11407=CARTESIAN_POINT('',(1.79024390243903,-0.387195121951219,1.03114298002661E-33));
#11408=CARTESIAN_POINT('',(2.3,0.25,0.));
#11409=CARTESIAN_POINT('Origin',(1.95000000000001,0.250000000000001,0.));
#11410=CARTESIAN_POINT('',(1.95000000000001,0.250000000000001,-3.2));
#11411=CARTESIAN_POINT('',(14.35,0.249999999999974,-3.2));
#11412=CARTESIAN_POINT('',(1.95000000000001,0.250000000000001,0.));
#11413=CARTESIAN_POINT('',(0.975000000000006,0.250000000000003,5.61579572568992E-34));
#11414=CARTESIAN_POINT('',(1.95000000000001,0.250000000000001,0.));
#11415=CARTESIAN_POINT('Origin',(1.75,0.5,0.));
#11416=CARTESIAN_POINT('',(6.75000000000036,-5.75000000000008,-3.2));
#11417=CARTESIAN_POINT('',(1.53048780487803,0.774390243902452,8.8152891003636E-34));
#11418=CARTESIAN_POINT('Origin',(1.05,0.25,0.));
#11419=CARTESIAN_POINT('',(1.05,0.25,-3.2));
#11420=CARTESIAN_POINT('',(6.00365853658536,6.44207317073171,-3.2));
#11421=CARTESIAN_POINT('',(1.05,0.25,0.));
#11422=CARTESIAN_POINT('',(0.784146341463415,-0.0823170731707316,4.51651863867242E-34));
#11423=CARTESIAN_POINT('',(1.05,0.25,0.));
#11424=CARTESIAN_POINT('Origin',(0.25,0.25,0.));
#11425=CARTESIAN_POINT('',(0.25,0.25,-3.2));
#11426=CARTESIAN_POINT('',(13.5,0.250000000000003,-3.2));
#11427=CARTESIAN_POINT('',(0.25,0.25,0.));
#11428=CARTESIAN_POINT('',(0.125,0.25,7.19973810985882E-35));
#11429=CARTESIAN_POINT('',(0.25,0.25,0.));
#11430=CARTESIAN_POINT('Origin',(0.25,-1.73472347597681E-17,0.));
#11431=CARTESIAN_POINT('',(0.249999999999999,-1.73472347597681E-17,-3.2));
#11432=CARTESIAN_POINT('',(0.249999999999999,-8.67361737988404E-18,-3.2));
#11433=CARTESIAN_POINT('',(0.249999999999999,-1.73472347597681E-17,0.));
#11434=CARTESIAN_POINT('',(0.25,-8.67361737988404E-18,1.43994762197176E-34));
#11435=CARTESIAN_POINT('',(0.249999999999999,0.,-0.800000000000001));
#11436=CARTESIAN_POINT('Origin',(20.5,0.5,0.));
#11437=CARTESIAN_POINT('',(20.7,0.250000000000001,-3.2));
#11438=CARTESIAN_POINT('',(20.5,0.5,-3.2));
#11439=CARTESIAN_POINT('',(21.8414634146342,-1.1768292682927,-3.2));
#11440=CARTESIAN_POINT('',(20.7,0.250000000000001,0.));
#11441=CARTESIAN_POINT('',(20.7,0.250000000000001,0.));
#11442=CARTESIAN_POINT('',(20.5,0.5,0.));
#11443=CARTESIAN_POINT('',(16.6219512195119,5.34756097560984,9.57389565242671E-33));
#11444=CARTESIAN_POINT('',(20.5,0.5,0.));
#11445=CARTESIAN_POINT('Origin',(20.,0.5,0.));
#11446=CARTESIAN_POINT('',(20.,0.5,-3.2));
#11447=CARTESIAN_POINT('',(23.375,0.500000000000001,-3.2));
#11448=CARTESIAN_POINT('',(20.,0.5,0.));
#11449=CARTESIAN_POINT('',(10.,0.499999999999999,5.75979048788706E-33));
#11450=CARTESIAN_POINT('',(20.,0.5,0.));
#11451=CARTESIAN_POINT('Origin',(19.8,0.25,0.));
#11452=CARTESIAN_POINT('',(19.8,0.25,-3.2));
#11453=CARTESIAN_POINT('',(21.0951219512195,1.86890243902439,-3.2));
#11454=CARTESIAN_POINT('',(19.8,0.25,0.));
#11455=CARTESIAN_POINT('',(15.8756097560976,-4.65548780487805,9.14401860625777E-33));
#11456=CARTESIAN_POINT('',(19.8,0.25,0.));
#11457=CARTESIAN_POINT('Origin',(19.45,0.250000000000001,0.));
#11458=CARTESIAN_POINT('',(19.45,0.250000000000001,-3.2));
#11459=CARTESIAN_POINT('',(23.1,0.249999999999993,-3.2));
#11460=CARTESIAN_POINT('',(19.45,0.250000000000001,0.));
#11461=CARTESIAN_POINT('',(9.725,0.250000000000022,5.60139624947017E-33));
#11462=CARTESIAN_POINT('',(19.45,0.250000000000001,0.));
#11463=CARTESIAN_POINT('Origin',(19.25,0.5,0.));
#11464=CARTESIAN_POINT('',(19.25,0.5,-3.2));
#11465=CARTESIAN_POINT('',(20.8353658536586,-1.48170731707319,-3.2));
#11466=CARTESIAN_POINT('',(19.25,0.5,0.));
#11467=CARTESIAN_POINT('',(15.6158536585363,5.04268292682933,8.99440453626738E-33));
#11468=CARTESIAN_POINT('',(19.25,0.5,0.));
#11469=CARTESIAN_POINT('Origin',(18.75,0.5,0.));
#11470=CARTESIAN_POINT('',(18.75,0.5,-3.2));
#11471=CARTESIAN_POINT('',(22.75,0.500000000000001,-3.2));
#11472=CARTESIAN_POINT('',(18.75,0.5,0.));
#11473=CARTESIAN_POINT('',(9.375,0.499999999999999,5.39980358239412E-33));
#11474=CARTESIAN_POINT('',(18.75,0.5,0.));
#11475=CARTESIAN_POINT('Origin',(18.55,0.25,0.));
#11476=CARTESIAN_POINT('',(18.55,0.25,-3.2));
#11477=CARTESIAN_POINT('',(20.0890243902439,2.17378048780488,-3.2));
#11478=CARTESIAN_POINT('',(18.55,0.25,0.));
#11479=CARTESIAN_POINT('',(14.8695121951219,-4.35060975609756,8.5645274900984E-33));
#11480=CARTESIAN_POINT('',(18.55,0.25,0.));
#11481=CARTESIAN_POINT('Origin',(18.2,0.250000000000001,0.));
#11482=CARTESIAN_POINT('',(18.2,0.250000000000001,-3.2));
#11483=CARTESIAN_POINT('',(22.475,0.249999999999992,-3.2));
#11484=CARTESIAN_POINT('',(18.2,0.250000000000001,0.));
#11485=CARTESIAN_POINT('',(9.1,0.250000000000021,5.24140934397723E-33));
#11486=CARTESIAN_POINT('',(18.2,0.250000000000001,0.));
#11487=CARTESIAN_POINT('Origin',(18.,0.5,0.));
#11488=CARTESIAN_POINT('',(18.,0.5,-3.2));
#11489=CARTESIAN_POINT('',(19.829268292683,-1.78658536585368,-3.2));
#11490=CARTESIAN_POINT('',(18.,0.5,0.));
#11491=CARTESIAN_POINT('',(14.6097560975607,4.73780487804884,8.41491342010802E-33));
#11492=CARTESIAN_POINT('',(18.,0.5,0.));
#11493=CARTESIAN_POINT('Origin',(17.5,0.5,0.));
#11494=CARTESIAN_POINT('',(17.5,0.5,-3.2));
#11495=CARTESIAN_POINT('',(22.125,0.500000000000001,-3.2));
#11496=CARTESIAN_POINT('',(17.5,0.5,0.));
#11497=CARTESIAN_POINT('',(8.75,0.499999999999999,5.03981667690118E-33));
#11498=CARTESIAN_POINT('',(17.5,0.5,0.));
#11499=CARTESIAN_POINT('Origin',(17.3,0.25,0.));
#11500=CARTESIAN_POINT('',(17.3,0.25,-3.2));
#11501=CARTESIAN_POINT('',(19.0829268292683,2.47865853658537,-3.2));
#11502=CARTESIAN_POINT('',(17.3,0.25,0.));
#11503=CARTESIAN_POINT('',(13.8634146341463,-4.04573170731707,7.98503637393903E-33));
#11504=CARTESIAN_POINT('',(17.3,0.25,0.));
#11505=CARTESIAN_POINT('Origin',(16.95,0.250000000000001,0.));
#11506=CARTESIAN_POINT('',(16.95,0.250000000000001,-3.2));
#11507=CARTESIAN_POINT('',(21.85,0.24999999999999,-3.2));
#11508=CARTESIAN_POINT('',(16.95,0.250000000000001,0.));
#11509=CARTESIAN_POINT('',(8.475,0.250000000000019,4.88142243848429E-33));
#11510=CARTESIAN_POINT('',(16.95,0.250000000000001,0.));
#11511=CARTESIAN_POINT('Origin',(16.75,0.5,0.));
#11512=CARTESIAN_POINT('',(16.75,0.5,-3.2));
#11513=CARTESIAN_POINT('',(18.8231707317075,-2.09146341463417,-3.2));
#11514=CARTESIAN_POINT('',(16.75,0.5,0.));
#11515=CARTESIAN_POINT('',(13.6036585365851,4.43292682926835,7.83542230394866E-33));
#11516=CARTESIAN_POINT('',(16.75,0.5,0.));
#11517=CARTESIAN_POINT('Origin',(16.25,0.5,0.));
#11518=CARTESIAN_POINT('',(16.25,0.5,-3.2));
#11519=CARTESIAN_POINT('',(21.5,0.500000000000001,-3.2));
#11520=CARTESIAN_POINT('',(16.25,0.5,0.));
#11521=CARTESIAN_POINT('',(8.125,0.499999999999999,4.67982977140824E-33));
#11522=CARTESIAN_POINT('',(16.25,0.5,0.));
#11523=CARTESIAN_POINT('Origin',(16.05,0.25,0.));
#11524=CARTESIAN_POINT('',(16.05,0.25,-3.2));
#11525=CARTESIAN_POINT('',(18.0768292682927,2.78353658536586,-3.2));
#11526=CARTESIAN_POINT('',(16.05,0.25,0.));
#11527=CARTESIAN_POINT('',(12.8573170731707,-3.74085365853658,7.40554525777966E-33));
#11528=CARTESIAN_POINT('',(16.05,0.25,0.));
#11529=CARTESIAN_POINT('Origin',(15.7,0.250000000000001,0.));
#11530=CARTESIAN_POINT('',(15.7,0.250000000000001,-3.2));
#11531=CARTESIAN_POINT('',(21.225,0.249999999999989,-3.2));
#11532=CARTESIAN_POINT('',(15.7,0.250000000000001,0.));
#11533=CARTESIAN_POINT('',(7.85,0.250000000000018,4.52143553299135E-33));
#11534=CARTESIAN_POINT('',(15.7,0.250000000000001,0.));
#11535=CARTESIAN_POINT('Origin',(15.5,0.5,0.));
#11536=CARTESIAN_POINT('',(15.5,0.5,-3.2));
#11537=CARTESIAN_POINT('',(17.8170731707319,-2.39634146341466,-3.2));
#11538=CARTESIAN_POINT('',(15.5,0.5,0.));
#11539=CARTESIAN_POINT('',(12.5975609756095,4.12804878048786,7.2559311877893E-33));
#11540=CARTESIAN_POINT('',(15.5,0.5,0.));
#11541=CARTESIAN_POINT('Origin',(15.,0.5,0.));
#11542=CARTESIAN_POINT('',(15.,0.5,-3.2));
#11543=CARTESIAN_POINT('',(20.875,0.500000000000001,-3.2));
#11544=CARTESIAN_POINT('',(15.,0.5,0.));
#11545=CARTESIAN_POINT('',(7.5,0.499999999999999,4.3198428659153E-33));
#11546=CARTESIAN_POINT('',(15.,0.5,0.));
#11547=CARTESIAN_POINT('Origin',(14.8,0.25,0.));
#11548=CARTESIAN_POINT('',(14.8,0.25,-3.2));
#11549=CARTESIAN_POINT('',(17.0707317073171,3.08841463414634,-3.2));
#11550=CARTESIAN_POINT('',(14.8,0.25,0.));
#11551=CARTESIAN_POINT('',(11.8512195121951,-3.4359756097561,6.82605414162029E-33));
#11552=CARTESIAN_POINT('',(14.8,0.25,0.));
#11553=CARTESIAN_POINT('Origin',(14.45,0.250000000000001,0.));
#11554=CARTESIAN_POINT('',(14.45,0.250000000000001,-3.2));
#11555=CARTESIAN_POINT('',(20.6,0.249999999999988,-3.2));
#11556=CARTESIAN_POINT('',(14.45,0.250000000000001,0.));
#11557=CARTESIAN_POINT('',(7.225,0.250000000000017,4.1614486274984E-33));
#11558=CARTESIAN_POINT('',(14.45,0.250000000000001,0.));
#11559=CARTESIAN_POINT('Origin',(14.25,0.5,0.));
#11560=CARTESIAN_POINT('',(14.25,0.5,-3.2));
#11561=CARTESIAN_POINT('',(16.8109756097563,-2.70121951219515,-3.2));
#11562=CARTESIAN_POINT('',(14.25,0.5,0.));
#11563=CARTESIAN_POINT('',(11.5914634146339,3.82317073170737,6.67644007162995E-33));
#11564=CARTESIAN_POINT('',(14.25,0.5,0.));
#11565=CARTESIAN_POINT('Origin',(13.75,0.5,0.));
#11566=CARTESIAN_POINT('',(13.75,0.5,-3.2));
#11567=CARTESIAN_POINT('',(20.25,0.500000000000001,-3.2));
#11568=CARTESIAN_POINT('',(13.75,0.5,0.));
#11569=CARTESIAN_POINT('',(6.875,0.499999999999999,3.95985596042235E-33));
#11570=CARTESIAN_POINT('',(13.75,0.5,0.));
#11571=CARTESIAN_POINT('Origin',(13.55,0.25,0.));
#11572=CARTESIAN_POINT('',(13.55,0.25,-3.2));
#11573=CARTESIAN_POINT('',(16.0646341463415,3.39329268292683,-3.2));
#11574=CARTESIAN_POINT('',(13.55,0.25,0.));
#11575=CARTESIAN_POINT('',(10.8451219512195,-3.13109756097561,6.24656302546093E-33));
#11576=CARTESIAN_POINT('',(13.55,0.25,0.));
#11577=CARTESIAN_POINT('Origin',(13.2,0.250000000000001,0.));
#11578=CARTESIAN_POINT('',(19.975,0.249999999999986,-3.2));
#11579=CARTESIAN_POINT('',(6.6,0.250000000000015,3.80146172200546E-33));
#11580=CARTESIAN_POINT('Origin',(26.5,0.249999999999267,0.));
#11581=CARTESIAN_POINT('',(26.5,-1.44807776880642E-12,-3.2));
#11582=CARTESIAN_POINT('',(26.5,0.249999999999267,-3.2));
#11583=CARTESIAN_POINT('',(26.5,0.12499999999964,-3.2));
#11584=CARTESIAN_POINT('',(26.5,-1.44807776880642E-12,0.));
#11585=CARTESIAN_POINT('',(26.5,0.,-0.800000000000001));
#11586=CARTESIAN_POINT('',(26.5,0.249999999999267,0.));
#11587=CARTESIAN_POINT('',(26.5,0.124999999998928,1.52634447929007E-32));
#11588=CARTESIAN_POINT('',(26.5,0.249999999999267,0.));
#11589=CARTESIAN_POINT('Origin',(25.7,0.250000000000001,0.));
#11590=CARTESIAN_POINT('',(25.7,0.250000000000001,-3.2));
#11591=CARTESIAN_POINT('',(26.2250000000001,0.249999999999519,-3.2));
#11592=CARTESIAN_POINT('',(25.7,0.250000000000001,0.));
#11593=CARTESIAN_POINT('',(12.8500000000001,0.250000000011786,7.40133077693494E-33));
#11594=CARTESIAN_POINT('',(25.7,0.250000000000001,0.));
#11595=CARTESIAN_POINT('Origin',(25.5,0.5,0.));
#11596=CARTESIAN_POINT('',(25.5,0.5,-3.2));
#11597=CARTESIAN_POINT('',(25.8658536585366,0.04268292682927,-3.2));
#11598=CARTESIAN_POINT('',(25.5,0.5,0.));
#11599=CARTESIAN_POINT('',(20.6463414634142,6.56707317073181,1.18918601170641E-32));
#11600=CARTESIAN_POINT('',(25.5,0.5,0.));
#11601=CARTESIAN_POINT('Origin',(25.,0.5,0.));
#11602=CARTESIAN_POINT('',(25.,0.5,-3.2));
#11603=CARTESIAN_POINT('',(25.875,0.5,-3.2));
#11604=CARTESIAN_POINT('',(25.,0.5,0.));
#11605=CARTESIAN_POINT('',(12.5,0.499999999999999,7.19973810985882E-33));
#11606=CARTESIAN_POINT('',(25.,0.5,0.));
#11607=CARTESIAN_POINT('Origin',(24.8,0.25,0.));
#11608=CARTESIAN_POINT('',(24.8,0.25,-3.2));
#11609=CARTESIAN_POINT('',(25.1195121951219,0.649390243902441,-3.2));
#11610=CARTESIAN_POINT('',(24.8,0.25,0.));
#11611=CARTESIAN_POINT('',(19.9,-5.875,1.14619830708952E-32));
#11612=CARTESIAN_POINT('',(24.8,0.25,0.));
#11613=CARTESIAN_POINT('Origin',(24.45,0.250000000000001,0.));
#11614=CARTESIAN_POINT('',(24.45,0.250000000000001,-3.2));
#11615=CARTESIAN_POINT('',(25.6,0.249999999999998,-3.2));
#11616=CARTESIAN_POINT('',(24.45,0.250000000000001,0.));
#11617=CARTESIAN_POINT('',(12.225,0.250000000000028,7.04134387144193E-33));
#11618=CARTESIAN_POINT('',(24.45,0.250000000000001,0.));
#11619=CARTESIAN_POINT('Origin',(24.25,0.5,0.));
#11620=CARTESIAN_POINT('',(24.25,0.5,-3.2));
#11621=CARTESIAN_POINT('',(24.859756097561,-0.262195121951222,-3.2));
#11622=CARTESIAN_POINT('',(24.25,0.5,0.));
#11623=CARTESIAN_POINT('',(19.6402439024386,6.26219512195132,1.13123690009048E-32));
#11624=CARTESIAN_POINT('',(24.25,0.5,0.));
#11625=CARTESIAN_POINT('Origin',(23.75,0.5,0.));
#11626=CARTESIAN_POINT('',(23.75,0.5,-3.2));
#11627=CARTESIAN_POINT('',(25.25,0.500000000000001,-3.2));
#11628=CARTESIAN_POINT('',(23.75,0.5,0.));
#11629=CARTESIAN_POINT('',(11.875,0.499999999999999,6.83975120436588E-33));
#11630=CARTESIAN_POINT('',(23.75,0.5,0.));
#11631=CARTESIAN_POINT('Origin',(23.55,0.25,0.));
#11632=CARTESIAN_POINT('',(23.55,0.25,-3.2));
#11633=CARTESIAN_POINT('',(24.1134146341463,0.954268292682929,-3.2));
#11634=CARTESIAN_POINT('',(23.55,0.25,0.));
#11635=CARTESIAN_POINT('',(18.8939024390244,-5.57012195121951,1.08824919547359E-32));
#11636=CARTESIAN_POINT('',(23.55,0.25,0.));
#11637=CARTESIAN_POINT('Origin',(23.2,0.250000000000001,0.));
#11638=CARTESIAN_POINT('',(23.2,0.250000000000001,-3.2));
#11639=CARTESIAN_POINT('',(24.975,0.249999999999997,-3.2));
#11640=CARTESIAN_POINT('',(23.2,0.250000000000001,0.));
#11641=CARTESIAN_POINT('',(11.6,0.250000000000026,6.68135696594899E-33));
#11642=CARTESIAN_POINT('',(23.2,0.250000000000001,0.));
#11643=CARTESIAN_POINT('Origin',(23.,0.5,0.));
#11644=CARTESIAN_POINT('',(23.,0.5,-3.2));
#11645=CARTESIAN_POINT('',(23.8536585365854,-0.567073170731715,-3.2));
#11646=CARTESIAN_POINT('',(23.,0.5,0.));
#11647=CARTESIAN_POINT('',(18.634146341463,5.95731707317082,1.07328778847454E-32));
#11648=CARTESIAN_POINT('',(23.,0.5,0.));
#11649=CARTESIAN_POINT('Origin',(22.5,0.5,0.));
#11650=CARTESIAN_POINT('',(22.5,0.5,-3.2));
#11651=CARTESIAN_POINT('',(24.625,0.500000000000001,-3.2));
#11652=CARTESIAN_POINT('',(22.5,0.5,0.));
#11653=CARTESIAN_POINT('',(11.25,0.499999999999999,6.47976429887294E-33));
#11654=CARTESIAN_POINT('',(22.5,0.5,0.));
#11655=CARTESIAN_POINT('Origin',(22.3,0.25,0.));
#11656=CARTESIAN_POINT('',(22.3,0.25,-3.2));
#11657=CARTESIAN_POINT('',(23.1073170731707,1.25914634146342,-3.2));
#11658=CARTESIAN_POINT('',(22.3,0.25,0.));
#11659=CARTESIAN_POINT('',(17.8878048780488,-5.26524390243902,1.03030008385765E-32));
#11660=CARTESIAN_POINT('',(22.3,0.25,0.));
#11661=CARTESIAN_POINT('Origin',(21.95,0.250000000000001,0.));
#11662=CARTESIAN_POINT('',(21.95,0.250000000000001,-3.2));
#11663=CARTESIAN_POINT('',(24.35,0.249999999999996,-3.2));
#11664=CARTESIAN_POINT('',(21.95,0.250000000000001,0.));
#11665=CARTESIAN_POINT('',(10.975,0.250000000000025,6.32137006045605E-33));
#11666=CARTESIAN_POINT('',(21.95,0.250000000000001,0.));
#11667=CARTESIAN_POINT('Origin',(21.75,0.5,0.));
#11668=CARTESIAN_POINT('',(21.75,0.5,-3.2));
#11669=CARTESIAN_POINT('',(22.8475609756098,-0.871951219512207,-3.2));
#11670=CARTESIAN_POINT('',(21.75,0.5,0.));
#11671=CARTESIAN_POINT('',(17.6280487804874,5.65243902439033,1.01533867685861E-32));
#11672=CARTESIAN_POINT('',(21.75,0.5,0.));
#11673=CARTESIAN_POINT('Origin',(21.25,0.5,0.));
#11674=CARTESIAN_POINT('',(21.25,0.5,-3.2));
#11675=CARTESIAN_POINT('',(24.,0.500000000000001,-3.2));
#11676=CARTESIAN_POINT('',(21.25,0.5,0.));
#11677=CARTESIAN_POINT('',(10.625,0.499999999999999,6.11977739338E-33));
#11678=CARTESIAN_POINT('',(21.25,0.5,0.));
#11679=CARTESIAN_POINT('Origin',(21.05,0.25,0.));
#11680=CARTESIAN_POINT('',(21.05,0.25,-3.2));
#11681=CARTESIAN_POINT('',(22.1012195121951,1.5640243902439,-3.2));
#11682=CARTESIAN_POINT('',(21.05,0.25,0.));
#11683=CARTESIAN_POINT('',(16.8817073170732,-4.96036585365854,9.72350972241714E-33));
#11684=CARTESIAN_POINT('',(21.05,0.25,0.));
#11685=CARTESIAN_POINT('Origin',(20.7,0.250000000000001,0.));
#11686=CARTESIAN_POINT('',(23.725,0.249999999999994,-3.2));
#11687=CARTESIAN_POINT('',(10.35,0.250000000000024,5.96138315496311E-33));
#11688=CARTESIAN_POINT('Origin',(13.375,0.,-1.6));
#11689=CARTESIAN_POINT('',(26.75,0.,-3.2));
#11690=CARTESIAN_POINT('',(26.75,0.,-3.2));
#11691=CARTESIAN_POINT('',(26.75,0.,1.54074395550979E-32));
#11692=CARTESIAN_POINT('',(26.75,0.,1.54074395550979E-32));
#11693=CARTESIAN_POINT('',(0.,0.,0.));
#11694=CARTESIAN_POINT('Origin',(13.375,0.,-1.6));
#11695=CARTESIAN_POINT('',(0.,0.,0.));
#11696=CARTESIAN_POINT('',(0.,0.,0.));
#11697=CARTESIAN_POINT('',(0.,0.,-3.2));
#11698=CARTESIAN_POINT('',(0.,0.,-3.2));
#11699=CARTESIAN_POINT('',(26.75,0.,-3.2));
#11700=CARTESIAN_POINT('Origin',(0.,0.,0.));
#11701=CARTESIAN_POINT('',(26.75,4.7,0.));
#11702=CARTESIAN_POINT('',(26.75,0.,1.54074395550979E-32));
#11703=CARTESIAN_POINT('',(24.75,4.7,0.));
#11704=CARTESIAN_POINT('',(0.,4.7,0.));
#11705=CARTESIAN_POINT('',(24.75,3.,0.));
#11706=CARTESIAN_POINT('',(24.75,2.425,1.42554814575205E-32));
#11707=CARTESIAN_POINT('',(25.,3.,0.));
#11708=CARTESIAN_POINT('',(12.125,3.,6.98374596656306E-33));
#11709=CARTESIAN_POINT('',(25.,2.,0.));
#11710=CARTESIAN_POINT('',(25.,1.5,1.43994762197177E-32));
#11711=CARTESIAN_POINT('',(24.25,2.,0.));
#11712=CARTESIAN_POINT('',(12.5,2.,7.19973810985883E-33));
#11713=CARTESIAN_POINT('',(24.25,3.,0.));
#11714=CARTESIAN_POINT('',(24.25,1.,1.39674919331261E-32));
#11715=CARTESIAN_POINT('',(24.5,3.,0.));
#11716=CARTESIAN_POINT('',(12.125,3.,6.98374596656306E-33));
#11717=CARTESIAN_POINT('',(24.5,4.7,0.));
#11718=CARTESIAN_POINT('',(24.5,1.175,1.41114866953233E-32));
#11719=CARTESIAN_POINT('',(2.25,4.7,0.));
#11720=CARTESIAN_POINT('',(0.,4.7,0.));
#11721=CARTESIAN_POINT('',(2.25,3.,0.));
#11722=CARTESIAN_POINT('',(2.25,2.425,1.29595285977459E-33));
#11723=CARTESIAN_POINT('',(2.5,3.,0.));
#11724=CARTESIAN_POINT('',(0.875,3.,5.03981667690118E-34));
#11725=CARTESIAN_POINT('',(2.5,2.,0.));
#11726=CARTESIAN_POINT('',(2.5,1.5,1.43994762197177E-33));
#11727=CARTESIAN_POINT('',(1.75,2.,0.));
#11728=CARTESIAN_POINT('',(1.25,2.,7.19973810985883E-34));
#11729=CARTESIAN_POINT('',(1.75,3.,0.));
#11730=CARTESIAN_POINT('',(1.75,1.,1.00796333538024E-33));
#11731=CARTESIAN_POINT('',(2.,3.,0.));
#11732=CARTESIAN_POINT('',(0.875,3.,5.03981667690118E-34));
#11733=CARTESIAN_POINT('',(2.,4.7,0.));
#11734=CARTESIAN_POINT('',(2.,1.175,1.15195809757741E-33));
#11735=CARTESIAN_POINT('',(0.,4.7,0.));
#11736=CARTESIAN_POINT('',(0.,4.7,0.));
#11737=CARTESIAN_POINT('',(0.,0.,0.));
#11738=CARTESIAN_POINT('Origin',(0.,3.2,-2.5));
#11739=CARTESIAN_POINT('',(26.25,3.2,-2.5));
#11740=CARTESIAN_POINT('',(26.25,3.2,-2.7));
#11741=CARTESIAN_POINT('',(26.25,3.2,-2.6));
#11742=CARTESIAN_POINT('',(26.75,3.2,-2.5));
#11743=CARTESIAN_POINT('',(0.,3.2,-2.5));
#11744=CARTESIAN_POINT('',(26.75,3.2,-3.2));
#11745=CARTESIAN_POINT('',(26.75,3.2,-1.25));
#11746=CARTESIAN_POINT('',(0.,3.2,-3.2));
#11747=CARTESIAN_POINT('',(13.375,3.2,-3.2));
#11748=CARTESIAN_POINT('',(0.,3.2,-2.5));
#11749=CARTESIAN_POINT('',(0.,3.2,-2.85));
#11750=CARTESIAN_POINT('',(0.5,3.2,-2.5));
#11751=CARTESIAN_POINT('',(0.,3.2,-2.5));
#11752=CARTESIAN_POINT('',(0.5,3.2,-2.7));
#11753=CARTESIAN_POINT('',(0.5,3.2,-2.3));
#11754=CARTESIAN_POINT('',(0.249999999999999,3.2,-2.7));
#11755=CARTESIAN_POINT('Origin',(0.,4.7,-2.5));
#11756=CARTESIAN_POINT('',(0.5,4.7,-2.5));
#11757=CARTESIAN_POINT('',(0.5,2.35,-2.5));
#11758=CARTESIAN_POINT('',(0.,4.7,-2.5));
#11759=CARTESIAN_POINT('',(0.,2.35,-2.5));
#11760=CARTESIAN_POINT('',(6.6875,4.7,-2.5));
#11761=CARTESIAN_POINT('Origin',(0.,4.7,-2.5));
#11762=CARTESIAN_POINT('',(26.25,4.7,-2.5));
#11763=CARTESIAN_POINT('',(26.25,2.35,-2.5));
#11764=CARTESIAN_POINT('',(26.75,4.7,-2.5));
#11765=CARTESIAN_POINT('',(6.6875,4.7,-2.5));
#11766=CARTESIAN_POINT('',(26.75,2.35,-2.5));
#11767=CARTESIAN_POINT('Origin',(0.499999999999998,0.,-2.7));
#11768=CARTESIAN_POINT('',(0.5,0.7,-2.7));
#11769=CARTESIAN_POINT('',(0.5,0.,-2.7));
#11770=CARTESIAN_POINT('',(26.25,0.7,-2.7));
#11771=CARTESIAN_POINT('',(6.9375,0.7,-2.7));
#11772=CARTESIAN_POINT('',(26.25,0.,-2.7));
#11773=CARTESIAN_POINT('',(24.25,2.,-2.7));
#11774=CARTESIAN_POINT('',(24.25,3.,-2.7));
#11775=CARTESIAN_POINT('',(24.25,1.,-2.7));
#11776=CARTESIAN_POINT('',(25.,3.,-2.7));
#11777=CARTESIAN_POINT('',(12.375,3.,-2.7));
#11778=CARTESIAN_POINT('',(25.,2.,-2.7));
#11779=CARTESIAN_POINT('',(25.,1.5,-2.7));
#11780=CARTESIAN_POINT('',(12.75,2.,-2.7));
#11781=CARTESIAN_POINT('',(1.75,2.,-2.7));
#11782=CARTESIAN_POINT('',(1.75,3.,-2.7));
#11783=CARTESIAN_POINT('',(1.75,1.,-2.7));
#11784=CARTESIAN_POINT('',(2.5,3.,-2.7));
#11785=CARTESIAN_POINT('',(1.125,3.,-2.7));
#11786=CARTESIAN_POINT('',(2.5,2.,-2.7));
#11787=CARTESIAN_POINT('',(2.5,1.5,-2.7));
#11788=CARTESIAN_POINT('',(1.5,2.,-2.7));
#11789=CARTESIAN_POINT('Origin',(0.5,0.,-2.1));
#11790=CARTESIAN_POINT('',(0.499999999999998,4.7,-2.1));
#11791=CARTESIAN_POINT('',(0.5,4.7,-2.7));
#11792=CARTESIAN_POINT('',(0.5,0.7,-2.1));
#11793=CARTESIAN_POINT('',(0.5,0.,-2.1));
#11794=CARTESIAN_POINT('',(0.5,0.7,-1.85));
#11795=CARTESIAN_POINT('Origin',(13.375,4.7,-1.6));
#11796=CARTESIAN_POINT('',(0.,4.7,-3.2));
#11797=CARTESIAN_POINT('',(2.,4.7,-0.5));
#11798=CARTESIAN_POINT('',(2.,4.7,-0.8));
#11799=CARTESIAN_POINT('',(0.499999999999998,4.7,-0.5));
#11800=CARTESIAN_POINT('',(0.5,4.7,-0.5));
#11801=CARTESIAN_POINT('',(0.499999999999998,4.7,-1.1));
#11802=CARTESIAN_POINT('',(0.5,4.7,-2.7));
#11803=CARTESIAN_POINT('',(0.249999999999999,4.7,-1.1));
#11804=CARTESIAN_POINT('',(0.25,4.7,-1.1));
#11805=CARTESIAN_POINT('',(0.249999999999999,4.7,-2.1));
#11806=CARTESIAN_POINT('',(0.25,4.7,-2.1));
#11807=CARTESIAN_POINT('',(0.5,4.7,-2.1));
#11808=CARTESIAN_POINT('Origin',(26.75,0.,-3.2));
#11809=CARTESIAN_POINT('',(0.,0.,-3.2));
#11810=CARTESIAN_POINT('',(26.75,0.,-3.2));
#11811=CARTESIAN_POINT('',(24.25,3.,-3.2));
#11812=CARTESIAN_POINT('',(24.25,2.,-3.2));
#11813=CARTESIAN_POINT('',(24.25,1.,-3.2));
#11814=CARTESIAN_POINT('',(25.,2.,-3.2));
#11815=CARTESIAN_POINT('',(25.875,2.,-3.2));
#11816=CARTESIAN_POINT('',(25.,3.,-3.2));
#11817=CARTESIAN_POINT('',(25.,1.5,-3.2));
#11818=CARTESIAN_POINT('',(25.5,3.,-3.2));
#11819=CARTESIAN_POINT('',(1.75,3.,-3.2));
#11820=CARTESIAN_POINT('',(1.75,2.,-3.2));
#11821=CARTESIAN_POINT('',(1.75,1.,-3.2));
#11822=CARTESIAN_POINT('',(2.5,2.,-3.2));
#11823=CARTESIAN_POINT('',(14.625,2.,-3.2));
#11824=CARTESIAN_POINT('',(2.5,3.,-3.2));
#11825=CARTESIAN_POINT('',(2.5,1.5,-3.2));
#11826=CARTESIAN_POINT('',(14.25,3.,-3.2));
#11827=CARTESIAN_POINT('Origin',(24.5,2.35,0.));
#11828=CARTESIAN_POINT('',(24.5,4.7,-0.500000000000001));
#11829=CARTESIAN_POINT('',(24.5,4.7,-0.8));
#11830=CARTESIAN_POINT('',(24.5,3.,-0.500000000000001));
#11831=CARTESIAN_POINT('',(24.5,3.,0.));
#11832=CARTESIAN_POINT('',(24.5,1.175,-0.500000000000001));
#11833=CARTESIAN_POINT('Origin',(24.75,4.85,0.));
#11834=CARTESIAN_POINT('',(24.75,4.7,-0.500000000000001));
#11835=CARTESIAN_POINT('',(24.75,4.7,-0.8));
#11836=CARTESIAN_POINT('',(24.75,3.,-0.500000000000001));
#11837=CARTESIAN_POINT('',(24.75,2.425,-0.500000000000001));
#11838=CARTESIAN_POINT('',(24.75,3.,0.));
#11839=CARTESIAN_POINT('Origin',(2.,2.35,0.));
#11840=CARTESIAN_POINT('',(2.,3.,-0.5));
#11841=CARTESIAN_POINT('',(2.,3.,0.));
#11842=CARTESIAN_POINT('',(2.,1.175,-0.5));
#11843=CARTESIAN_POINT('Origin',(2.25,4.85,0.));
#11844=CARTESIAN_POINT('',(2.25,4.7,-0.5));
#11845=CARTESIAN_POINT('',(2.25,4.7,-0.8));
#11846=CARTESIAN_POINT('',(2.25,3.,-0.5));
#11847=CARTESIAN_POINT('',(2.25,2.425,-0.5));
#11848=CARTESIAN_POINT('',(2.25,3.,0.));
#11849=CARTESIAN_POINT('Origin',(24.25,3.,0.));
#11850=CARTESIAN_POINT('',(24.25,3.,-0.500000000000001));
#11851=CARTESIAN_POINT('',(24.25,3.,0.));
#11852=CARTESIAN_POINT('',(25.25,3.,-0.500000000000001));
#11853=CARTESIAN_POINT('Origin',(13.375,4.7,-1.6));
#11854=CARTESIAN_POINT('',(0.5,4.7,-0.5));
#11855=CARTESIAN_POINT('Origin',(13.375,4.7,-1.6));
#11856=CARTESIAN_POINT('',(26.25,4.7,-2.1));
#11857=CARTESIAN_POINT('',(26.25,4.7,-0.500000000000001));
#11858=CARTESIAN_POINT('',(26.5,4.7,-2.1));
#11859=CARTESIAN_POINT('',(26.25,4.7,-2.1));
#11860=CARTESIAN_POINT('',(26.5,4.7,-1.1));
#11861=CARTESIAN_POINT('',(26.5,4.7,-2.1));
#11862=CARTESIAN_POINT('',(26.25,4.7,-1.1));
#11863=CARTESIAN_POINT('',(26.5,4.7,-1.1));
#11864=CARTESIAN_POINT('',(26.25,4.7,-0.500000000000001));
#11865=CARTESIAN_POINT('',(26.25,4.7,-0.500000000000001));
#11866=CARTESIAN_POINT('',(0.5,4.7,-0.5));
#11867=CARTESIAN_POINT('',(26.75,4.7,1.54074395550979E-32));
#11868=CARTESIAN_POINT('Origin',(1.75,3.,0.));
#11869=CARTESIAN_POINT('',(1.75,3.,-0.5));
#11870=CARTESIAN_POINT('',(1.75,3.,0.));
#11871=CARTESIAN_POINT('',(14.,3.,-0.500000000000001));
#11872=CARTESIAN_POINT('Origin',(2.5,3.,0.));
#11873=CARTESIAN_POINT('',(2.5,2.,-0.5));
#11874=CARTESIAN_POINT('',(2.5,3.,-0.5));
#11875=CARTESIAN_POINT('',(2.5,1.5,-0.5));
#11876=CARTESIAN_POINT('',(2.5,2.,0.));
#11877=CARTESIAN_POINT('',(2.5,3.,0.));
#11878=CARTESIAN_POINT('Origin',(2.5,3.,0.));
#11879=CARTESIAN_POINT('',(2.5,3.,0.));
#11880=CARTESIAN_POINT('',(2.5,2.,0.));
#11881=CARTESIAN_POINT('Origin',(2.5,2.,0.));
#11882=CARTESIAN_POINT('',(1.75,2.,-0.5));
#11883=CARTESIAN_POINT('',(14.375,2.,-0.500000000000001));
#11884=CARTESIAN_POINT('',(1.75,2.,0.));
#11885=CARTESIAN_POINT('Origin',(2.5,2.,0.));
#11886=CARTESIAN_POINT('',(1.75,2.,0.));
#11887=CARTESIAN_POINT('Origin',(1.75,3.,0.));
#11888=CARTESIAN_POINT('',(14.,3.,-0.500000000000001));
#11889=CARTESIAN_POINT('Origin',(1.75,2.,0.));
#11890=CARTESIAN_POINT('',(1.75,1.,-0.5));
#11891=CARTESIAN_POINT('Origin',(1.75,2.,0.));
#11892=CARTESIAN_POINT('',(1.75,3.,0.));
#11893=CARTESIAN_POINT('Origin',(1.75,3.,0.));
#11894=CARTESIAN_POINT('Origin',(25.,3.,0.));
#11895=CARTESIAN_POINT('',(25.,2.,-0.500000000000001));
#11896=CARTESIAN_POINT('',(25.,3.,-0.500000000000001));
#11897=CARTESIAN_POINT('',(25.,1.5,-0.500000000000001));
#11898=CARTESIAN_POINT('',(25.,2.,0.));
#11899=CARTESIAN_POINT('',(25.,3.,0.));
#11900=CARTESIAN_POINT('Origin',(25.,3.,0.));
#11901=CARTESIAN_POINT('',(25.,3.,0.));
#11902=CARTESIAN_POINT('',(25.,2.,0.));
#11903=CARTESIAN_POINT('Origin',(25.,2.,0.));
#11904=CARTESIAN_POINT('',(24.25,2.,-0.500000000000001));
#11905=CARTESIAN_POINT('',(25.625,2.,-0.500000000000001));
#11906=CARTESIAN_POINT('',(24.25,2.,0.));
#11907=CARTESIAN_POINT('Origin',(25.,2.,0.));
#11908=CARTESIAN_POINT('',(24.25,2.,0.));
#11909=CARTESIAN_POINT('Origin',(24.25,3.,0.));
#11910=CARTESIAN_POINT('',(25.25,3.,-0.500000000000001));
#11911=CARTESIAN_POINT('Origin',(24.25,2.,0.));
#11912=CARTESIAN_POINT('',(24.25,1.,-0.500000000000001));
#11913=CARTESIAN_POINT('Origin',(24.25,2.,0.));
#11914=CARTESIAN_POINT('',(24.25,3.,0.));
#11915=CARTESIAN_POINT('Origin',(24.25,3.,0.));
#11916=CARTESIAN_POINT('Origin',(0.5,0.,-0.5));
#11917=CARTESIAN_POINT('',(0.5,0.7,-1.1));
#11918=CARTESIAN_POINT('',(0.5,0.7,-0.5));
#11919=CARTESIAN_POINT('',(0.5,0.7,-1.05));
#11920=CARTESIAN_POINT('',(0.5,0.,-1.1));
#11921=CARTESIAN_POINT('',(0.5,0.,-0.5));
#11922=CARTESIAN_POINT('Origin',(0.5,0.,-1.1));
#11923=CARTESIAN_POINT('',(0.25,0.7,-1.1));
#11924=CARTESIAN_POINT('',(6.9375,0.7,-1.1));
#11925=CARTESIAN_POINT('',(0.25,0.,-1.1));
#11926=CARTESIAN_POINT('Origin',(0.25,0.,-1.1));
#11927=CARTESIAN_POINT('',(0.25,0.7,-2.1));
#11928=CARTESIAN_POINT('',(0.249999999999999,0.7,-1.35));
#11929=CARTESIAN_POINT('',(0.25,0.,-2.1));
#11930=CARTESIAN_POINT('Origin',(0.25,0.,-2.1));
#11931=CARTESIAN_POINT('',(6.8125,0.7,-2.1));
#11932=CARTESIAN_POINT('Origin',(26.25,0.,-0.500000000000001));
#11933=CARTESIAN_POINT('',(26.25,0.7,-0.500000000000001));
#11934=CARTESIAN_POINT('',(26.25,0.,-0.500000000000001));
#11935=CARTESIAN_POINT('',(19.8125,0.7,-0.500000000000001));
#11936=CARTESIAN_POINT('Origin',(26.25,0.,-1.1));
#11937=CARTESIAN_POINT('',(26.25,0.7,-1.1));
#11938=CARTESIAN_POINT('',(26.25,0.7,-1.35));
#11939=CARTESIAN_POINT('',(26.25,0.,-1.1));
#11940=CARTESIAN_POINT('Origin',(26.5,0.,-1.1));
#11941=CARTESIAN_POINT('',(26.5,0.7,-1.1));
#11942=CARTESIAN_POINT('',(19.9375,0.7,-1.1));
#11943=CARTESIAN_POINT('',(26.5,0.,-1.1));
#11944=CARTESIAN_POINT('Origin',(26.5,0.,-2.1));
#11945=CARTESIAN_POINT('',(26.5,0.7,-2.1));
#11946=CARTESIAN_POINT('',(26.5,0.7,-1.85));
#11947=CARTESIAN_POINT('',(26.5,0.,-2.1));
#11948=CARTESIAN_POINT('Origin',(26.25,0.,-2.1));
#11949=CARTESIAN_POINT('',(26.25,0.7,-2.1));
#11950=CARTESIAN_POINT('',(19.8125,0.7,-2.1));
#11951=CARTESIAN_POINT('',(26.25,0.,-2.1));
#11952=CARTESIAN_POINT('Origin',(26.25,0.,-2.7));
#11953=CARTESIAN_POINT('',(26.25,0.7,-2.15));
#11954=CARTESIAN_POINT('Origin',(26.75,0.,1.54074395550979E-32));
#11955=CARTESIAN_POINT('Origin',(0.,0.,-3.2));
#11956=CARTESIAN_POINT('Origin',(13.375,0.7,-1.6));
#11957=CARTESIAN_POINT('',(0.,0.,0.));
#11958=UNCERTAINTY_MEASURE_WITH_UNIT(LENGTH_MEASURE(0.01),#11964,
'DISTANCE_ACCURACY_VALUE',
'Maximum model space distance between geometric entities at asserted c
onnectivities');
#11959=UNCERTAINTY_MEASURE_WITH_UNIT(LENGTH_MEASURE(0.01),#11964,
'DISTANCE_ACCURACY_VALUE',
'Maximum model space distance between geometric entities at asserted c
onnectivities');
#11960=UNCERTAINTY_MEASURE_WITH_UNIT(LENGTH_MEASURE(0.01),#11964,
'DISTANCE_ACCURACY_VALUE',
'Maximum model space distance between geometric entities at asserted c
onnectivities');
#11961=(
GEOMETRIC_REPRESENTATION_CONTEXT(3)
GLOBAL_UNCERTAINTY_ASSIGNED_CONTEXT((#11958))
GLOBAL_UNIT_ASSIGNED_CONTEXT((#11964,#11966,#11967))
REPRESENTATION_CONTEXT('','3D')
);
#11962=(
GEOMETRIC_REPRESENTATION_CONTEXT(3)
GLOBAL_UNCERTAINTY_ASSIGNED_CONTEXT((#11959))
GLOBAL_UNIT_ASSIGNED_CONTEXT((#11964,#11966,#11967))
REPRESENTATION_CONTEXT('','3D')
);
#11963=(
GEOMETRIC_REPRESENTATION_CONTEXT(3)
GLOBAL_UNCERTAINTY_ASSIGNED_CONTEXT((#11960))
GLOBAL_UNIT_ASSIGNED_CONTEXT((#11964,#11966,#11967))
REPRESENTATION_CONTEXT('','3D')
);
#11964=(
LENGTH_UNIT()
NAMED_UNIT(*)
SI_UNIT(.MILLI.,.METRE.)
);
#11965=(
LENGTH_UNIT()
NAMED_UNIT(*)
SI_UNIT($,.METRE.)
);
#11966=(
NAMED_UNIT(*)
PLANE_ANGLE_UNIT()
SI_UNIT($,.RADIAN.)
);
#11967=(
NAMED_UNIT(*)
SI_UNIT($,.STERADIAN.)
SOLID_ANGLE_UNIT()
);
#11968=SHAPE_DEFINITION_REPRESENTATION(#11970,#11973);
#11969=SHAPE_DEFINITION_REPRESENTATION(#11971,#11974);
#11970=PRODUCT_DEFINITION_SHAPE('',$,#11976);
#11971=PRODUCT_DEFINITION_SHAPE('',$,#11977);
#11972=PRODUCT_DEFINITION_SHAPE($,$,#14);
#11973=SHAPE_REPRESENTATION('',(#7578,#7995),#11961);
#11974=SHAPE_REPRESENTATION('',(#7579),#11962);
#11975=PRODUCT_DEFINITION_CONTEXT('part definition',#11983,'design');
#11976=PRODUCT_DEFINITION(
'JST connector 1x20  P1.25mm thru hole wafer A2',
'JST connector 1x20  P1.25mm thru hole wafer A2 v2',#11978,#11975);
#11977=PRODUCT_DEFINITION('pins','pins',#11979,#11975);
#11978=PRODUCT_DEFINITION_FORMATION('',$,#11985);
#11979=PRODUCT_DEFINITION_FORMATION('',$,#11986);
#11980=PRODUCT_RELATED_PRODUCT_CATEGORY(
'JST connector 1x20  P1.25mm thru hole wafer A2 v2',
'JST connector 1x20  P1.25mm thru hole wafer A2 v2',(#11985));
#11981=PRODUCT_RELATED_PRODUCT_CATEGORY('pins','pins',(#11986));
#11982=APPLICATION_PROTOCOL_DEFINITION('international standard',
'automotive_design',2009,#11983);
#11983=APPLICATION_CONTEXT(
'Core Data for Automotive Mechanical Design Process');
#11984=PRODUCT_CONTEXT('part definition',#11983,'mechanical');
#11985=PRODUCT('JST connector 1x20  P1.25mm thru hole wafer A2',
'JST connector 1x20  P1.25mm thru hole wafer A2 v2',$,(#11984));
#11986=PRODUCT('pins','pins',$,(#11984));
#11987=PRESENTATION_STYLE_ASSIGNMENT((#11990));
#11988=PRESENTATION_STYLE_ASSIGNMENT((#11991));
#11989=PRESENTATION_STYLE_ASSIGNMENT((#11992));
#11990=SURFACE_STYLE_USAGE(.BOTH.,#11993);
#11991=SURFACE_STYLE_USAGE(.BOTH.,#11994);
#11992=SURFACE_STYLE_USAGE(.BOTH.,#11995);
#11993=SURFACE_SIDE_STYLE('',(#11996));
#11994=SURFACE_SIDE_STYLE('',(#11997));
#11995=SURFACE_SIDE_STYLE('',(#11998));
#11996=SURFACE_STYLE_FILL_AREA(#11999);
#11997=SURFACE_STYLE_FILL_AREA(#12000);
#11998=SURFACE_STYLE_FILL_AREA(#12001);
#11999=FILL_AREA_STYLE('Aluminum - Satin',(#12002));
#12000=FILL_AREA_STYLE('ABS (White)',(#12003));
#12001=FILL_AREA_STYLE('Aluminum - Anodized Rough (Grey)',(#12004));
#12002=FILL_AREA_STYLE_COLOUR('Aluminum - Satin',#12005);
#12003=FILL_AREA_STYLE_COLOUR('ABS (White)',#12006);
#12004=FILL_AREA_STYLE_COLOUR('Aluminum - Anodized Rough (Grey)',#12007);
#12005=COLOUR_RGB('Aluminum - Satin',0.96078431372549,0.96078431372549,
0.964705882352941);
#12006=COLOUR_RGB('ABS (White)',0.964705882352941,0.964705882352941,0.952941176470588);
#12007=COLOUR_RGB('Aluminum - Anodized Rough (Grey)',0.537254901960784,
0.537254901960784,0.537254901960784);
ENDSEC;
END-ISO-10303-21;
