ISO-10303-21;
HEADER;
/* Generated by software containing ST-Developer
 * from STEP Tools, Inc. (www.steptools.com) 
 */

FILE_DESCRIPTION(
/* description */ (''),
/* implementation_level */ '2;1');

FILE_NAME(
/* name */ 'RF shield.step',
/* time_stamp */ '2025-05-22T09:42:58-05:00',
/* author */ (''),
/* organization */ (''),
/* preprocessor_version */ 'ST-DEVELOPER v20.1',
/* originating_system */ 'Autodesk Translation Framework v14.4.0.0',
/* authorisation */ '');

FILE_SCHEMA (('AUTOMOTIVE_DESIGN { 1 0 10303 214 3 1 1 }'));
ENDSEC;

DATA;
#10=MECHANICAL_DESIGN_GEOMETRIC_PRESENTATION_REPRESENTATION('',(#79,#80,
#81,#82,#83),#2744);
#11=SHAPE_REPRESENTATION_RELATIONSHIP('SRR','None',#2751,#12);
#12=ADVANCED_BREP_SHAPE_REPRESENTATION('',(#84,#85,#86,#87,#88),#2743);
#13=B_SPLINE_CURVE_WITH_KNOTS('',3,(#2147,#2148,#2149,#2150,#2151),
 .UNSPECIFIED.,.F.,.F.,(4,1,4),(0.,0.0636832164771835,0.108874366329411),
 .UNSPECIFIED.);
#14=B_SPLINE_CURVE_WITH_KNOTS('',3,(#2153,#2154,#2155,#2156,#2157),
 .UNSPECIFIED.,.F.,.F.,(4,1,4),(-0.108874366329411,-0.0636832164771835,
0.),.UNSPECIFIED.);
#15=B_SPLINE_CURVE_WITH_KNOTS('',3,(#2170,#2171,#2172,#2173,#2174),
 .UNSPECIFIED.,.F.,.F.,(4,1,4),(0.,0.0495660009236543,0.118231741306038),
 .UNSPECIFIED.);
#16=B_SPLINE_CURVE_WITH_KNOTS('',3,(#2176,#2177,#2178,#2179,#2180),
 .UNSPECIFIED.,.F.,.F.,(4,1,4),(-0.118231741306038,-0.0495660009236543,
0.),.UNSPECIFIED.);
#17=B_SPLINE_CURVE_WITH_KNOTS('',3,(#2261,#2262,#2263,#2264,#2265),
 .UNSPECIFIED.,.F.,.F.,(4,1,4),(0.,0.108519254902521,0.205986861432848),
 .UNSPECIFIED.);
#18=B_SPLINE_CURVE_WITH_KNOTS('',3,(#2267,#2268,#2269,#2270,#2271),
 .UNSPECIFIED.,.F.,.F.,(4,1,4),(-0.205986861432848,-0.108519254902521,0.),
 .UNSPECIFIED.);
#19=B_SPLINE_CURVE_WITH_KNOTS('',3,(#2284,#2285,#2286,#2287,#2288),
 .UNSPECIFIED.,.F.,.F.,(4,1,4),(0.,0.0953540021799481,0.197389300720164),
 .UNSPECIFIED.);
#20=B_SPLINE_CURVE_WITH_KNOTS('',3,(#2290,#2291,#2292,#2293,#2294),
 .UNSPECIFIED.,.F.,.F.,(4,1,4),(-0.197389300720164,-0.0953540021799481,
0.),.UNSPECIFIED.);
#21=B_SPLINE_CURVE_WITH_KNOTS('',3,(#2307,#2308,#2309,#2310,#2311),
 .UNSPECIFIED.,.F.,.F.,(4,1,4),(0.,0.103245218782972,0.191743325305442),
 .UNSPECIFIED.);
#22=B_SPLINE_CURVE_WITH_KNOTS('',3,(#2313,#2314,#2315,#2316,#2317),
 .UNSPECIFIED.,.F.,.F.,(4,1,4),(-0.191743325305442,-0.103245218782972,0.),
 .UNSPECIFIED.);
#23=B_SPLINE_CURVE_WITH_KNOTS('',3,(#2330,#2331,#2332,#2333,#2334),
 .UNSPECIFIED.,.F.,.F.,(4,1,4),(0.,0.0841371879027943,0.17361332259259),
 .UNSPECIFIED.);
#24=B_SPLINE_CURVE_WITH_KNOTS('',3,(#2336,#2337,#2338,#2339,#2340),
 .UNSPECIFIED.,.F.,.F.,(4,1,4),(-0.17361332259259,-0.0841371879027943,0.),
 .UNSPECIFIED.);
#25=B_SPLINE_CURVE_WITH_KNOTS('',3,(#2353,#2354,#2355,#2356,#2357),
 .UNSPECIFIED.,.F.,.F.,(4,1,4),(0.,0.0947592762526538,0.192248998679792),
 .UNSPECIFIED.);
#26=B_SPLINE_CURVE_WITH_KNOTS('',3,(#2359,#2360,#2361,#2362,#2363),
 .UNSPECIFIED.,.F.,.F.,(4,1,4),(-0.192248998679792,-0.0947592762526538,
0.),.UNSPECIFIED.);
#27=B_SPLINE_CURVE_WITH_KNOTS('',3,(#2376,#2377,#2378,#2379,#2380),
 .UNSPECIFIED.,.F.,.F.,(4,1,4),(0.,0.102893393567871,0.196678389995942),
 .UNSPECIFIED.);
#28=B_SPLINE_CURVE_WITH_KNOTS('',3,(#2382,#2383,#2384,#2385,#2386),
 .UNSPECIFIED.,.F.,.F.,(4,1,4),(-0.196678389995942,-0.102893393567871,0.),
 .UNSPECIFIED.);
#29=B_SPLINE_CURVE_WITH_KNOTS('',3,(#2399,#2400,#2401,#2402,#2403),
 .UNSPECIFIED.,.F.,.F.,(4,1,4),(0.,0.0877022387104894,0.17355759454035),
 .UNSPECIFIED.);
#30=B_SPLINE_CURVE_WITH_KNOTS('',3,(#2405,#2406,#2407,#2408,#2409),
 .UNSPECIFIED.,.F.,.F.,(4,1,4),(-0.17355759454035,-0.0877022387104894,0.),
 .UNSPECIFIED.);
#31=B_SPLINE_CURVE_WITH_KNOTS('',3,(#2422,#2423,#2424,#2425,#2426),
 .UNSPECIFIED.,.F.,.F.,(4,1,4),(0.,0.0869742465008941,0.176354248916497),
 .UNSPECIFIED.);
#32=B_SPLINE_CURVE_WITH_KNOTS('',3,(#2428,#2429,#2430,#2431,#2432),
 .UNSPECIFIED.,.F.,.F.,(4,1,4),(-0.176354248916497,-0.0869742465008941,
0.),.UNSPECIFIED.);
#33=B_SPLINE_CURVE_WITH_KNOTS('',3,(#2445,#2446,#2447,#2448,#2449),
 .UNSPECIFIED.,.F.,.F.,(4,1,4),(0.,0.0976117942274656,0.187084972926623),
 .UNSPECIFIED.);
#34=B_SPLINE_CURVE_WITH_KNOTS('',3,(#2451,#2452,#2453,#2454,#2455),
 .UNSPECIFIED.,.F.,.F.,(4,1,4),(-0.187084972926623,-0.0976117942274656,
0.),.UNSPECIFIED.);
#35=B_SPLINE_CURVE_WITH_KNOTS('',3,(#2468,#2469,#2470,#2471,#2472),
 .UNSPECIFIED.,.F.,.F.,(4,1,4),(0.,0.08849686751384,0.183002652671989),
 .UNSPECIFIED.);
#36=B_SPLINE_CURVE_WITH_KNOTS('',3,(#2474,#2475,#2476,#2477,#2478),
 .UNSPECIFIED.,.F.,.F.,(4,1,4),(-0.183002652671989,-0.08849686751384,0.),
 .UNSPECIFIED.);
#37=B_SPLINE_CURVE_WITH_KNOTS('',3,(#2497,#2498,#2499,#2500,#2501),
 .UNSPECIFIED.,.F.,.F.,(4,1,4),(0.,0.0724452593769866,0.133384297580873),
 .UNSPECIFIED.);
#38=B_SPLINE_CURVE_WITH_KNOTS('',3,(#2503,#2504,#2505,#2506,#2507),
 .UNSPECIFIED.,.F.,.F.,(4,1,4),(-0.133384297580873,-0.0724452593769866,
0.),.UNSPECIFIED.);
#39=B_SPLINE_CURVE_WITH_KNOTS('',3,(#2520,#2521,#2522,#2523,#2524),
 .UNSPECIFIED.,.F.,.F.,(4,1,4),(0.,0.0584565977882278,0.123267443199737),
 .UNSPECIFIED.);
#40=B_SPLINE_CURVE_WITH_KNOTS('',3,(#2526,#2527,#2528,#2529,#2530),
 .UNSPECIFIED.,.F.,.F.,(4,1,4),(-0.123267443199737,-0.0584565977882278,
0.),.UNSPECIFIED.);
#41=B_SPLINE_CURVE_WITH_KNOTS('',3,(#2543,#2544,#2545,#2546,#2547),
 .UNSPECIFIED.,.F.,.F.,(4,1,4),(0.,0.0746991335630306,0.142082726721968),
 .UNSPECIFIED.);
#42=B_SPLINE_CURVE_WITH_KNOTS('',3,(#2549,#2550,#2551,#2552,#2553),
 .UNSPECIFIED.,.F.,.F.,(4,1,4),(-0.142082726721968,-0.0746991335630306,
0.),.UNSPECIFIED.);
#43=B_SPLINE_CURVE_WITH_KNOTS('',3,(#2566,#2567,#2568,#2569,#2570),
 .UNSPECIFIED.,.F.,.F.,(4,1,4),(0.,0.0646599475685795,0.130460273902946),
 .UNSPECIFIED.);
#44=B_SPLINE_CURVE_WITH_KNOTS('',3,(#2572,#2573,#2574,#2575,#2576),
 .UNSPECIFIED.,.F.,.F.,(4,1,4),(-0.130460273902946,-0.0646599475685795,
0.),.UNSPECIFIED.);
#45=B_SPLINE_CURVE_WITH_KNOTS('',3,(#2589,#2590,#2591,#2592,#2593),
 .UNSPECIFIED.,.F.,.F.,(4,1,4),(0.,0.0682111301430942,0.136653124649858),
 .UNSPECIFIED.);
#46=B_SPLINE_CURVE_WITH_KNOTS('',3,(#2595,#2596,#2597,#2598,#2599),
 .UNSPECIFIED.,.F.,.F.,(4,1,4),(-0.136653124649858,-0.0682111301430942,
0.),.UNSPECIFIED.);
#47=B_SPLINE_CURVE_WITH_KNOTS('',3,(#2612,#2613,#2614,#2615,#2616),
 .UNSPECIFIED.,.F.,.F.,(4,1,4),(0.,0.0838731223125578,0.15874185186319),
 .UNSPECIFIED.);
#48=B_SPLINE_CURVE_WITH_KNOTS('',3,(#2618,#2619,#2620,#2621,#2622),
 .UNSPECIFIED.,.F.,.F.,(4,1,4),(-0.15874185186319,-0.0838731223125578,0.),
 .UNSPECIFIED.);
#49=B_SPLINE_CURVE_WITH_KNOTS('',3,(#2635,#2636,#2637,#2638,#2639),
 .UNSPECIFIED.,.F.,.F.,(4,1,4),(0.,0.0670208779224463,0.13014870909938),
 .UNSPECIFIED.);
#50=B_SPLINE_CURVE_WITH_KNOTS('',3,(#2641,#2642,#2643,#2644,#2645),
 .UNSPECIFIED.,.F.,.F.,(4,1,4),(-0.13014870909938,-0.0670208779224463,0.),
 .UNSPECIFIED.);
#51=B_SPLINE_CURVE_WITH_KNOTS('',3,(#2658,#2659,#2660,#2661,#2662),
 .UNSPECIFIED.,.F.,.F.,(4,1,4),(0.,0.062290284836676,0.124553098668594),
 .UNSPECIFIED.);
#52=B_SPLINE_CURVE_WITH_KNOTS('',3,(#2664,#2665,#2666,#2667,#2668),
 .UNSPECIFIED.,.F.,.F.,(4,1,4),(-0.124553098668594,-0.062290284836676,0.),
 .UNSPECIFIED.);
#53=B_SPLINE_CURVE_WITH_KNOTS('',3,(#2681,#2682,#2683,#2684,#2685),
 .UNSPECIFIED.,.F.,.F.,(4,1,4),(0.,0.0727330009411258,0.141465718389138),
 .UNSPECIFIED.);
#54=B_SPLINE_CURVE_WITH_KNOTS('',3,(#2687,#2688,#2689,#2690,#2691),
 .UNSPECIFIED.,.F.,.F.,(4,1,4),(-0.141465718389138,-0.0727330009411258,
0.),.UNSPECIFIED.);
#55=B_SPLINE_CURVE_WITH_KNOTS('',3,(#2703,#2704,#2705,#2706,#2707),
 .UNSPECIFIED.,.F.,.F.,(4,1,4),(0.,0.0717954377339281,0.154109633576962),
 .UNSPECIFIED.);
#56=B_SPLINE_CURVE_WITH_KNOTS('',3,(#2708,#2709,#2710,#2711,#2712),
 .UNSPECIFIED.,.F.,.F.,(4,1,4),(-0.154109633576962,-0.0717954377339281,
0.),.UNSPECIFIED.);
#57=B_SPLINE_SURFACE_WITH_KNOTS('',3,1,((#2136,#2137),(#2138,#2139),(#2140,
#2141),(#2142,#2143),(#2144,#2145)),.UNSPECIFIED.,.F.,.F.,.F.,(4,1,4),(2,
2),(-0.108874366329411,-0.0636832164771835,0.),(0.,0.01),.UNSPECIFIED.);
#58=B_SPLINE_SURFACE_WITH_KNOTS('',3,1,((#2159,#2160),(#2161,#2162),(#2163,
#2164),(#2165,#2166),(#2167,#2168)),.UNSPECIFIED.,.F.,.F.,.F.,(4,1,4),(2,
2),(-0.118231741306038,-0.0495660009236543,0.),(0.,0.01),.UNSPECIFIED.);
#59=B_SPLINE_SURFACE_WITH_KNOTS('',3,1,((#2250,#2251),(#2252,#2253),(#2254,
#2255),(#2256,#2257),(#2258,#2259)),.UNSPECIFIED.,.F.,.F.,.F.,(4,1,4),(2,
2),(-0.205986861432848,-0.108519254902521,0.),(0.,0.01),.UNSPECIFIED.);
#60=B_SPLINE_SURFACE_WITH_KNOTS('',3,1,((#2273,#2274),(#2275,#2276),(#2277,
#2278),(#2279,#2280),(#2281,#2282)),.UNSPECIFIED.,.F.,.F.,.F.,(4,1,4),(2,
2),(-0.197389300720164,-0.0953540021799481,0.),(0.,0.01),.UNSPECIFIED.);
#61=B_SPLINE_SURFACE_WITH_KNOTS('',3,1,((#2296,#2297),(#2298,#2299),(#2300,
#2301),(#2302,#2303),(#2304,#2305)),.UNSPECIFIED.,.F.,.F.,.F.,(4,1,4),(2,
2),(-0.191743325305442,-0.103245218782972,0.),(0.,0.01),.UNSPECIFIED.);
#62=B_SPLINE_SURFACE_WITH_KNOTS('',3,1,((#2319,#2320),(#2321,#2322),(#2323,
#2324),(#2325,#2326),(#2327,#2328)),.UNSPECIFIED.,.F.,.F.,.F.,(4,1,4),(2,
2),(-0.17361332259259,-0.0841371879027943,0.),(0.,0.01),.UNSPECIFIED.);
#63=B_SPLINE_SURFACE_WITH_KNOTS('',3,1,((#2342,#2343),(#2344,#2345),(#2346,
#2347),(#2348,#2349),(#2350,#2351)),.UNSPECIFIED.,.F.,.F.,.F.,(4,1,4),(2,
2),(-0.192248998679792,-0.0947592762526538,0.),(0.,0.01),.UNSPECIFIED.);
#64=B_SPLINE_SURFACE_WITH_KNOTS('',3,1,((#2365,#2366),(#2367,#2368),(#2369,
#2370),(#2371,#2372),(#2373,#2374)),.UNSPECIFIED.,.F.,.F.,.F.,(4,1,4),(2,
2),(-0.196678389995942,-0.102893393567871,0.),(0.,0.01),.UNSPECIFIED.);
#65=B_SPLINE_SURFACE_WITH_KNOTS('',3,1,((#2388,#2389),(#2390,#2391),(#2392,
#2393),(#2394,#2395),(#2396,#2397)),.UNSPECIFIED.,.F.,.F.,.F.,(4,1,4),(2,
2),(-0.17355759454035,-0.0877022387104894,0.),(0.,0.01),.UNSPECIFIED.);
#66=B_SPLINE_SURFACE_WITH_KNOTS('',3,1,((#2411,#2412),(#2413,#2414),(#2415,
#2416),(#2417,#2418),(#2419,#2420)),.UNSPECIFIED.,.F.,.F.,.F.,(4,1,4),(2,
2),(-0.176354248916497,-0.0869742465008941,0.),(0.,0.01),.UNSPECIFIED.);
#67=B_SPLINE_SURFACE_WITH_KNOTS('',3,1,((#2434,#2435),(#2436,#2437),(#2438,
#2439),(#2440,#2441),(#2442,#2443)),.UNSPECIFIED.,.F.,.F.,.F.,(4,1,4),(2,
2),(-0.187084972926623,-0.0976117942274656,0.),(0.,0.01),.UNSPECIFIED.);
#68=B_SPLINE_SURFACE_WITH_KNOTS('',3,1,((#2457,#2458),(#2459,#2460),(#2461,
#2462),(#2463,#2464),(#2465,#2466)),.UNSPECIFIED.,.F.,.F.,.F.,(4,1,4),(2,
2),(-0.183002652671989,-0.08849686751384,0.),(0.,0.01),.UNSPECIFIED.);
#69=B_SPLINE_SURFACE_WITH_KNOTS('',3,1,((#2486,#2487),(#2488,#2489),(#2490,
#2491),(#2492,#2493),(#2494,#2495)),.UNSPECIFIED.,.F.,.F.,.F.,(4,1,4),(2,
2),(-0.133384297580873,-0.0724452593769866,0.),(0.,0.01),.UNSPECIFIED.);
#70=B_SPLINE_SURFACE_WITH_KNOTS('',3,1,((#2509,#2510),(#2511,#2512),(#2513,
#2514),(#2515,#2516),(#2517,#2518)),.UNSPECIFIED.,.F.,.F.,.F.,(4,1,4),(2,
2),(-0.123267443199737,-0.0584565977882278,0.),(0.,0.01),.UNSPECIFIED.);
#71=B_SPLINE_SURFACE_WITH_KNOTS('',3,1,((#2532,#2533),(#2534,#2535),(#2536,
#2537),(#2538,#2539),(#2540,#2541)),.UNSPECIFIED.,.F.,.F.,.F.,(4,1,4),(2,
2),(-0.142082726721968,-0.0746991335630306,0.),(0.,0.01),.UNSPECIFIED.);
#72=B_SPLINE_SURFACE_WITH_KNOTS('',3,1,((#2555,#2556),(#2557,#2558),(#2559,
#2560),(#2561,#2562),(#2563,#2564)),.UNSPECIFIED.,.F.,.F.,.F.,(4,1,4),(2,
2),(-0.130460273902946,-0.0646599475685795,0.),(0.,0.01),.UNSPECIFIED.);
#73=B_SPLINE_SURFACE_WITH_KNOTS('',3,1,((#2578,#2579),(#2580,#2581),(#2582,
#2583),(#2584,#2585),(#2586,#2587)),.UNSPECIFIED.,.F.,.F.,.F.,(4,1,4),(2,
2),(-0.136653124649858,-0.0682111301430942,0.),(0.,0.01),.UNSPECIFIED.);
#74=B_SPLINE_SURFACE_WITH_KNOTS('',3,1,((#2601,#2602),(#2603,#2604),(#2605,
#2606),(#2607,#2608),(#2609,#2610)),.UNSPECIFIED.,.F.,.F.,.F.,(4,1,4),(2,
2),(-0.15874185186319,-0.0838731223125578,0.),(0.,0.01),.UNSPECIFIED.);
#75=B_SPLINE_SURFACE_WITH_KNOTS('',3,1,((#2624,#2625),(#2626,#2627),(#2628,
#2629),(#2630,#2631),(#2632,#2633)),.UNSPECIFIED.,.F.,.F.,.F.,(4,1,4),(2,
2),(-0.13014870909938,-0.0670208779224463,0.),(0.,0.01),.UNSPECIFIED.);
#76=B_SPLINE_SURFACE_WITH_KNOTS('',3,1,((#2647,#2648),(#2649,#2650),(#2651,
#2652),(#2653,#2654),(#2655,#2656)),.UNSPECIFIED.,.F.,.F.,.F.,(4,1,4),(2,
2),(-0.124553098668594,-0.062290284836676,0.),(0.,0.01),.UNSPECIFIED.);
#77=B_SPLINE_SURFACE_WITH_KNOTS('',3,1,((#2670,#2671),(#2672,#2673),(#2674,
#2675),(#2676,#2677),(#2678,#2679)),.UNSPECIFIED.,.F.,.F.,.F.,(4,1,4),(2,
2),(-0.141465718389138,-0.0727330009411258,0.),(0.,0.01),.UNSPECIFIED.);
#78=B_SPLINE_SURFACE_WITH_KNOTS('',3,1,((#2693,#2694),(#2695,#2696),(#2697,
#2698),(#2699,#2700),(#2701,#2702)),.UNSPECIFIED.,.F.,.F.,.F.,(4,1,4),(2,
2),(-0.154109633576962,-0.0717954377339281,0.),(0.,0.01),.UNSPECIFIED.);
#79=STYLED_ITEM('',(#2760),#84);
#80=STYLED_ITEM('',(#2760),#85);
#81=STYLED_ITEM('',(#2760),#86);
#82=STYLED_ITEM('',(#2760),#87);
#83=STYLED_ITEM('',(#2760),#88);
#84=MANIFOLD_SOLID_BREP('Body1',#1528);
#85=MANIFOLD_SOLID_BREP('Body3',#1529);
#86=MANIFOLD_SOLID_BREP('Body4',#1530);
#87=MANIFOLD_SOLID_BREP('Body5',#1531);
#88=MANIFOLD_SOLID_BREP('Body6',#1532);
#89=PLANE('',#1549);
#90=PLANE('',#1550);
#91=PLANE('',#1554);
#92=PLANE('',#1558);
#93=PLANE('',#1562);
#94=PLANE('',#1563);
#95=PLANE('',#1564);
#96=PLANE('',#1565);
#97=PLANE('',#1566);
#98=PLANE('',#1567);
#99=PLANE('',#1568);
#100=PLANE('',#1569);
#101=PLANE('',#1570);
#102=PLANE('',#1571);
#103=PLANE('',#1572);
#104=PLANE('',#1573);
#105=PLANE('',#1574);
#106=PLANE('',#1575);
#107=PLANE('',#1576);
#108=PLANE('',#1577);
#109=PLANE('',#1578);
#110=PLANE('',#1579);
#111=PLANE('',#1580);
#112=PLANE('',#1581);
#113=PLANE('',#1582);
#114=PLANE('',#1583);
#115=PLANE('',#1584);
#116=PLANE('',#1585);
#117=PLANE('',#1586);
#118=PLANE('',#1587);
#119=PLANE('',#1588);
#120=PLANE('',#1589);
#121=PLANE('',#1590);
#122=PLANE('',#1591);
#123=PLANE('',#1592);
#124=PLANE('',#1593);
#125=PLANE('',#1594);
#126=PLANE('',#1595);
#127=PLANE('',#1596);
#128=PLANE('',#1597);
#129=PLANE('',#1598);
#130=PLANE('',#1599);
#131=PLANE('',#1600);
#132=PLANE('',#1601);
#133=PLANE('',#1602);
#134=PLANE('',#1603);
#135=PLANE('',#1604);
#136=PLANE('',#1605);
#137=PLANE('',#1606);
#138=PLANE('',#1607);
#139=PLANE('',#1608);
#140=PLANE('',#1609);
#141=PLANE('',#1610);
#142=PLANE('',#1611);
#143=PLANE('',#1612);
#144=PLANE('',#1613);
#145=PLANE('',#1614);
#146=PLANE('',#1615);
#147=PLANE('',#1616);
#148=PLANE('',#1617);
#149=PLANE('',#1618);
#150=FACE_OUTER_BOUND('',#237,.T.);
#151=FACE_OUTER_BOUND('',#238,.T.);
#152=FACE_OUTER_BOUND('',#239,.T.);
#153=FACE_OUTER_BOUND('',#240,.T.);
#154=FACE_OUTER_BOUND('',#241,.T.);
#155=FACE_OUTER_BOUND('',#242,.T.);
#156=FACE_OUTER_BOUND('',#243,.T.);
#157=FACE_OUTER_BOUND('',#244,.T.);
#158=FACE_OUTER_BOUND('',#245,.T.);
#159=FACE_OUTER_BOUND('',#246,.T.);
#160=FACE_OUTER_BOUND('',#247,.T.);
#161=FACE_OUTER_BOUND('',#248,.T.);
#162=FACE_OUTER_BOUND('',#249,.T.);
#163=FACE_OUTER_BOUND('',#250,.T.);
#164=FACE_OUTER_BOUND('',#251,.T.);
#165=FACE_OUTER_BOUND('',#252,.T.);
#166=FACE_OUTER_BOUND('',#253,.T.);
#167=FACE_OUTER_BOUND('',#254,.T.);
#168=FACE_OUTER_BOUND('',#255,.T.);
#169=FACE_OUTER_BOUND('',#256,.T.);
#170=FACE_OUTER_BOUND('',#257,.T.);
#171=FACE_OUTER_BOUND('',#258,.T.);
#172=FACE_OUTER_BOUND('',#259,.T.);
#173=FACE_OUTER_BOUND('',#260,.T.);
#174=FACE_OUTER_BOUND('',#261,.T.);
#175=FACE_OUTER_BOUND('',#262,.T.);
#176=FACE_OUTER_BOUND('',#263,.T.);
#177=FACE_OUTER_BOUND('',#264,.T.);
#178=FACE_OUTER_BOUND('',#265,.T.);
#179=FACE_OUTER_BOUND('',#266,.T.);
#180=FACE_OUTER_BOUND('',#267,.T.);
#181=FACE_OUTER_BOUND('',#268,.T.);
#182=FACE_OUTER_BOUND('',#269,.T.);
#183=FACE_OUTER_BOUND('',#270,.T.);
#184=FACE_OUTER_BOUND('',#271,.T.);
#185=FACE_OUTER_BOUND('',#272,.T.);
#186=FACE_OUTER_BOUND('',#273,.T.);
#187=FACE_OUTER_BOUND('',#274,.T.);
#188=FACE_OUTER_BOUND('',#275,.T.);
#189=FACE_OUTER_BOUND('',#276,.T.);
#190=FACE_OUTER_BOUND('',#277,.T.);
#191=FACE_OUTER_BOUND('',#278,.T.);
#192=FACE_OUTER_BOUND('',#279,.T.);
#193=FACE_OUTER_BOUND('',#280,.T.);
#194=FACE_OUTER_BOUND('',#281,.T.);
#195=FACE_OUTER_BOUND('',#282,.T.);
#196=FACE_OUTER_BOUND('',#283,.T.);
#197=FACE_OUTER_BOUND('',#284,.T.);
#198=FACE_OUTER_BOUND('',#285,.T.);
#199=FACE_OUTER_BOUND('',#286,.T.);
#200=FACE_OUTER_BOUND('',#287,.T.);
#201=FACE_OUTER_BOUND('',#288,.T.);
#202=FACE_OUTER_BOUND('',#289,.T.);
#203=FACE_OUTER_BOUND('',#290,.T.);
#204=FACE_OUTER_BOUND('',#291,.T.);
#205=FACE_OUTER_BOUND('',#292,.T.);
#206=FACE_OUTER_BOUND('',#293,.T.);
#207=FACE_OUTER_BOUND('',#294,.T.);
#208=FACE_OUTER_BOUND('',#295,.T.);
#209=FACE_OUTER_BOUND('',#296,.T.);
#210=FACE_OUTER_BOUND('',#297,.T.);
#211=FACE_OUTER_BOUND('',#298,.T.);
#212=FACE_OUTER_BOUND('',#299,.T.);
#213=FACE_OUTER_BOUND('',#300,.T.);
#214=FACE_OUTER_BOUND('',#301,.T.);
#215=FACE_OUTER_BOUND('',#302,.T.);
#216=FACE_OUTER_BOUND('',#303,.T.);
#217=FACE_OUTER_BOUND('',#304,.T.);
#218=FACE_OUTER_BOUND('',#305,.T.);
#219=FACE_OUTER_BOUND('',#306,.T.);
#220=FACE_OUTER_BOUND('',#307,.T.);
#221=FACE_OUTER_BOUND('',#308,.T.);
#222=FACE_OUTER_BOUND('',#309,.T.);
#223=FACE_OUTER_BOUND('',#310,.T.);
#224=FACE_OUTER_BOUND('',#311,.T.);
#225=FACE_OUTER_BOUND('',#312,.T.);
#226=FACE_OUTER_BOUND('',#313,.T.);
#227=FACE_OUTER_BOUND('',#314,.T.);
#228=FACE_OUTER_BOUND('',#315,.T.);
#229=FACE_OUTER_BOUND('',#316,.T.);
#230=FACE_OUTER_BOUND('',#317,.T.);
#231=FACE_OUTER_BOUND('',#318,.T.);
#232=FACE_OUTER_BOUND('',#319,.T.);
#233=FACE_OUTER_BOUND('',#320,.T.);
#234=FACE_OUTER_BOUND('',#321,.T.);
#235=FACE_OUTER_BOUND('',#322,.T.);
#236=FACE_OUTER_BOUND('',#323,.T.);
#237=EDGE_LOOP('',(#1007,#1008,#1009,#1010));
#238=EDGE_LOOP('',(#1011,#1012,#1013,#1014,#1015));
#239=EDGE_LOOP('',(#1016,#1017,#1018,#1019));
#240=EDGE_LOOP('',(#1020,#1021,#1022,#1023));
#241=EDGE_LOOP('',(#1024,#1025,#1026,#1027,#1028));
#242=EDGE_LOOP('',(#1029,#1030,#1031,#1032));
#243=EDGE_LOOP('',(#1033,#1034,#1035,#1036,#1037));
#244=EDGE_LOOP('',(#1038,#1039,#1040,#1041));
#245=EDGE_LOOP('',(#1042,#1043,#1044,#1045,#1046));
#246=EDGE_LOOP('',(#1047,#1048,#1049,#1050));
#247=EDGE_LOOP('',(#1051,#1052,#1053,#1054));
#248=EDGE_LOOP('',(#1055,#1056,#1057,#1058));
#249=EDGE_LOOP('',(#1059,#1060,#1061,#1062,#1063));
#250=EDGE_LOOP('',(#1064,#1065,#1066,#1067));
#251=EDGE_LOOP('',(#1068,#1069,#1070,#1071));
#252=EDGE_LOOP('',(#1072,#1073,#1074,#1075,#1076));
#253=EDGE_LOOP('',(#1077,#1078,#1079,#1080));
#254=EDGE_LOOP('',(#1081,#1082,#1083,#1084));
#255=EDGE_LOOP('',(#1085,#1086,#1087,#1088));
#256=EDGE_LOOP('',(#1089,#1090,#1091,#1092,#1093));
#257=EDGE_LOOP('',(#1094,#1095,#1096,#1097));
#258=EDGE_LOOP('',(#1098,#1099,#1100,#1101));
#259=EDGE_LOOP('',(#1102,#1103,#1104,#1105,#1106));
#260=EDGE_LOOP('',(#1107,#1108,#1109,#1110));
#261=EDGE_LOOP('',(#1111,#1112,#1113,#1114));
#262=EDGE_LOOP('',(#1115,#1116,#1117,#1118));
#263=EDGE_LOOP('',(#1119,#1120,#1121,#1122));
#264=EDGE_LOOP('',(#1123,#1124,#1125,#1126));
#265=EDGE_LOOP('',(#1127,#1128,#1129,#1130));
#266=EDGE_LOOP('',(#1131,#1132,#1133,#1134));
#267=EDGE_LOOP('',(#1135,#1136,#1137,#1138));
#268=EDGE_LOOP('',(#1139,#1140,#1141,#1142));
#269=EDGE_LOOP('',(#1143,#1144,#1145,#1146));
#270=EDGE_LOOP('',(#1147,#1148,#1149,#1150));
#271=EDGE_LOOP('',(#1151,#1152,#1153,#1154));
#272=EDGE_LOOP('',(#1155,#1156,#1157,#1158));
#273=EDGE_LOOP('',(#1159,#1160,#1161,#1162));
#274=EDGE_LOOP('',(#1163,#1164,#1165,#1166));
#275=EDGE_LOOP('',(#1167,#1168,#1169,#1170,#1171,#1172,#1173,#1174,#1175,
#1176,#1177,#1178));
#276=EDGE_LOOP('',(#1179,#1180,#1181,#1182,#1183,#1184,#1185,#1186,#1187,
#1188,#1189,#1190));
#277=EDGE_LOOP('',(#1191,#1192,#1193,#1194));
#278=EDGE_LOOP('',(#1195,#1196,#1197,#1198));
#279=EDGE_LOOP('',(#1199,#1200,#1201,#1202));
#280=EDGE_LOOP('',(#1203,#1204,#1205,#1206));
#281=EDGE_LOOP('',(#1207,#1208,#1209,#1210));
#282=EDGE_LOOP('',(#1211,#1212,#1213,#1214));
#283=EDGE_LOOP('',(#1215,#1216,#1217,#1218));
#284=EDGE_LOOP('',(#1219,#1220,#1221,#1222));
#285=EDGE_LOOP('',(#1223,#1224,#1225,#1226));
#286=EDGE_LOOP('',(#1227,#1228,#1229,#1230));
#287=EDGE_LOOP('',(#1231,#1232,#1233,#1234));
#288=EDGE_LOOP('',(#1235,#1236,#1237,#1238));
#289=EDGE_LOOP('',(#1239,#1240,#1241,#1242));
#290=EDGE_LOOP('',(#1243,#1244,#1245,#1246));
#291=EDGE_LOOP('',(#1247,#1248,#1249,#1250));
#292=EDGE_LOOP('',(#1251,#1252,#1253,#1254,#1255,#1256,#1257,#1258,#1259,
#1260,#1261,#1262,#1263,#1264,#1265));
#293=EDGE_LOOP('',(#1266,#1267,#1268,#1269,#1270,#1271,#1272,#1273,#1274,
#1275,#1276,#1277,#1278,#1279,#1280));
#294=EDGE_LOOP('',(#1281,#1282,#1283,#1284));
#295=EDGE_LOOP('',(#1285,#1286,#1287,#1288));
#296=EDGE_LOOP('',(#1289,#1290,#1291,#1292));
#297=EDGE_LOOP('',(#1293,#1294,#1295,#1296));
#298=EDGE_LOOP('',(#1297,#1298,#1299,#1300));
#299=EDGE_LOOP('',(#1301,#1302,#1303,#1304));
#300=EDGE_LOOP('',(#1305,#1306,#1307,#1308));
#301=EDGE_LOOP('',(#1309,#1310,#1311,#1312));
#302=EDGE_LOOP('',(#1313,#1314,#1315,#1316));
#303=EDGE_LOOP('',(#1317,#1318,#1319,#1320));
#304=EDGE_LOOP('',(#1321,#1322,#1323,#1324));
#305=EDGE_LOOP('',(#1325,#1326,#1327,#1328));
#306=EDGE_LOOP('',(#1329,#1330,#1331,#1332));
#307=EDGE_LOOP('',(#1333,#1334,#1335,#1336));
#308=EDGE_LOOP('',(#1337,#1338,#1339,#1340));
#309=EDGE_LOOP('',(#1341,#1342,#1343,#1344));
#310=EDGE_LOOP('',(#1345,#1346,#1347,#1348));
#311=EDGE_LOOP('',(#1349,#1350,#1351,#1352));
#312=EDGE_LOOP('',(#1353,#1354,#1355,#1356));
#313=EDGE_LOOP('',(#1357,#1358,#1359,#1360));
#314=EDGE_LOOP('',(#1361,#1362,#1363,#1364));
#315=EDGE_LOOP('',(#1365,#1366,#1367,#1368));
#316=EDGE_LOOP('',(#1369,#1370,#1371,#1372,#1373,#1374,#1375,#1376,#1377,
#1378,#1379,#1380,#1381,#1382,#1383,#1384,#1385,#1386,#1387,#1388,#1389,
#1390));
#317=EDGE_LOOP('',(#1391,#1392,#1393,#1394,#1395,#1396,#1397,#1398,#1399,
#1400,#1401,#1402,#1403,#1404,#1405,#1406,#1407,#1408,#1409,#1410,#1411,
#1412));
#318=EDGE_LOOP('',(#1413,#1414,#1415,#1416));
#319=EDGE_LOOP('',(#1417,#1418,#1419,#1420));
#320=EDGE_LOOP('',(#1421,#1422,#1423,#1424));
#321=EDGE_LOOP('',(#1425,#1426,#1427,#1428));
#322=EDGE_LOOP('',(#1429,#1430,#1431,#1432));
#323=EDGE_LOOP('',(#1433,#1434,#1435,#1436));
#324=LINE('',#1936,#487);
#325=LINE('',#1939,#488);
#326=LINE('',#1942,#489);
#327=LINE('',#1944,#490);
#328=LINE('',#1946,#491);
#329=LINE('',#1947,#492);
#330=LINE('',#1950,#493);
#331=LINE('',#1952,#494);
#332=LINE('',#1953,#495);
#333=LINE('',#1959,#496);
#334=LINE('',#1962,#497);
#335=LINE('',#1964,#498);
#336=LINE('',#1966,#499);
#337=LINE('',#1967,#500);
#338=LINE('',#1973,#501);
#339=LINE('',#1976,#502);
#340=LINE('',#1978,#503);
#341=LINE('',#1980,#504);
#342=LINE('',#1981,#505);
#343=LINE('',#1987,#506);
#344=LINE('',#1990,#507);
#345=LINE('',#1992,#508);
#346=LINE('',#1994,#509);
#347=LINE('',#1995,#510);
#348=LINE('',#1997,#511);
#349=LINE('',#1998,#512);
#350=LINE('',#1999,#513);
#351=LINE('',#2000,#514);
#352=LINE('',#2002,#515);
#353=LINE('',#2003,#516);
#354=LINE('',#2005,#517);
#355=LINE('',#2006,#518);
#356=LINE('',#2009,#519);
#357=LINE('',#2010,#520);
#358=LINE('',#2012,#521);
#359=LINE('',#2016,#522);
#360=LINE('',#2017,#523);
#361=LINE('',#2019,#524);
#362=LINE('',#2022,#525);
#363=LINE('',#2023,#526);
#364=LINE('',#2026,#527);
#365=LINE('',#2027,#528);
#366=LINE('',#2029,#529);
#367=LINE('',#2033,#530);
#368=LINE('',#2034,#531);
#369=LINE('',#2035,#532);
#370=LINE('',#2037,#533);
#371=LINE('',#2039,#534);
#372=LINE('',#2044,#535);
#373=LINE('',#2046,#536);
#374=LINE('',#2048,#537);
#375=LINE('',#2049,#538);
#376=LINE('',#2052,#539);
#377=LINE('',#2054,#540);
#378=LINE('',#2055,#541);
#379=LINE('',#2058,#542);
#380=LINE('',#2060,#543);
#381=LINE('',#2061,#544);
#382=LINE('',#2064,#545);
#383=LINE('',#2066,#546);
#384=LINE('',#2067,#547);
#385=LINE('',#2070,#548);
#386=LINE('',#2072,#549);
#387=LINE('',#2073,#550);
#388=LINE('',#2076,#551);
#389=LINE('',#2078,#552);
#390=LINE('',#2079,#553);
#391=LINE('',#2082,#554);
#392=LINE('',#2084,#555);
#393=LINE('',#2085,#556);
#394=LINE('',#2088,#557);
#395=LINE('',#2090,#558);
#396=LINE('',#2091,#559);
#397=LINE('',#2094,#560);
#398=LINE('',#2096,#561);
#399=LINE('',#2097,#562);
#400=LINE('',#2100,#563);
#401=LINE('',#2102,#564);
#402=LINE('',#2103,#565);
#403=LINE('',#2106,#566);
#404=LINE('',#2108,#567);
#405=LINE('',#2109,#568);
#406=LINE('',#2111,#569);
#407=LINE('',#2112,#570);
#408=LINE('',#2118,#571);
#409=LINE('',#2120,#572);
#410=LINE('',#2122,#573);
#411=LINE('',#2123,#574);
#412=LINE('',#2126,#575);
#413=LINE('',#2128,#576);
#414=LINE('',#2129,#577);
#415=LINE('',#2132,#578);
#416=LINE('',#2134,#579);
#417=LINE('',#2135,#580);
#418=LINE('',#2158,#581);
#419=LINE('',#2181,#582);
#420=LINE('',#2184,#583);
#421=LINE('',#2186,#584);
#422=LINE('',#2187,#585);
#423=LINE('',#2190,#586);
#424=LINE('',#2192,#587);
#425=LINE('',#2193,#588);
#426=LINE('',#2196,#589);
#427=LINE('',#2198,#590);
#428=LINE('',#2199,#591);
#429=LINE('',#2202,#592);
#430=LINE('',#2204,#593);
#431=LINE('',#2205,#594);
#432=LINE('',#2208,#595);
#433=LINE('',#2210,#596);
#434=LINE('',#2211,#597);
#435=LINE('',#2214,#598);
#436=LINE('',#2216,#599);
#437=LINE('',#2217,#600);
#438=LINE('',#2220,#601);
#439=LINE('',#2222,#602);
#440=LINE('',#2223,#603);
#441=LINE('',#2226,#604);
#442=LINE('',#2228,#605);
#443=LINE('',#2229,#606);
#444=LINE('',#2232,#607);
#445=LINE('',#2234,#608);
#446=LINE('',#2235,#609);
#447=LINE('',#2237,#610);
#448=LINE('',#2238,#611);
#449=LINE('',#2244,#612);
#450=LINE('',#2246,#613);
#451=LINE('',#2248,#614);
#452=LINE('',#2249,#615);
#453=LINE('',#2272,#616);
#454=LINE('',#2295,#617);
#455=LINE('',#2318,#618);
#456=LINE('',#2341,#619);
#457=LINE('',#2364,#620);
#458=LINE('',#2387,#621);
#459=LINE('',#2410,#622);
#460=LINE('',#2433,#623);
#461=LINE('',#2456,#624);
#462=LINE('',#2479,#625);
#463=LINE('',#2482,#626);
#464=LINE('',#2484,#627);
#465=LINE('',#2485,#628);
#466=LINE('',#2508,#629);
#467=LINE('',#2531,#630);
#468=LINE('',#2554,#631);
#469=LINE('',#2577,#632);
#470=LINE('',#2600,#633);
#471=LINE('',#2623,#634);
#472=LINE('',#2646,#635);
#473=LINE('',#2669,#636);
#474=LINE('',#2692,#637);
#475=LINE('',#2718,#638);
#476=LINE('',#2720,#639);
#477=LINE('',#2722,#640);
#478=LINE('',#2723,#641);
#479=LINE('',#2726,#642);
#480=LINE('',#2728,#643);
#481=LINE('',#2729,#644);
#482=LINE('',#2732,#645);
#483=LINE('',#2734,#646);
#484=LINE('',#2735,#647);
#485=LINE('',#2737,#648);
#486=LINE('',#2738,#649);
#487=VECTOR('',#1625,10.);
#488=VECTOR('',#1628,10.);
#489=VECTOR('',#1631,10.);
#490=VECTOR('',#1632,10.);
#491=VECTOR('',#1633,10.);
#492=VECTOR('',#1634,10.);
#493=VECTOR('',#1637,10.);
#494=VECTOR('',#1638,10.);
#495=VECTOR('',#1639,10.);
#496=VECTOR('',#1646,10.);
#497=VECTOR('',#1649,10.);
#498=VECTOR('',#1650,10.);
#499=VECTOR('',#1651,10.);
#500=VECTOR('',#1652,10.);
#501=VECTOR('',#1659,10.);
#502=VECTOR('',#1662,10.);
#503=VECTOR('',#1663,10.);
#504=VECTOR('',#1664,10.);
#505=VECTOR('',#1665,10.);
#506=VECTOR('',#1672,10.);
#507=VECTOR('',#1675,10.);
#508=VECTOR('',#1676,10.);
#509=VECTOR('',#1677,10.);
#510=VECTOR('',#1678,10.);
#511=VECTOR('',#1681,10.);
#512=VECTOR('',#1682,10.);
#513=VECTOR('',#1683,10.);
#514=VECTOR('',#1684,10.);
#515=VECTOR('',#1687,10.);
#516=VECTOR('',#1688,10.);
#517=VECTOR('',#1691,10.);
#518=VECTOR('',#1692,10.);
#519=VECTOR('',#1695,10.);
#520=VECTOR('',#1696,10.);
#521=VECTOR('',#1699,10.);
#522=VECTOR('',#1704,10.);
#523=VECTOR('',#1705,10.);
#524=VECTOR('',#1708,10.);
#525=VECTOR('',#1713,10.);
#526=VECTOR('',#1714,10.);
#527=VECTOR('',#1717,10.);
#528=VECTOR('',#1718,10.);
#529=VECTOR('',#1721,10.);
#530=VECTOR('',#1726,10.);
#531=VECTOR('',#1727,10.);
#532=VECTOR('',#1728,10.);
#533=VECTOR('',#1731,10.);
#534=VECTOR('',#1734,10.);
#535=VECTOR('',#1739,10.);
#536=VECTOR('',#1740,10.);
#537=VECTOR('',#1741,10.);
#538=VECTOR('',#1742,10.);
#539=VECTOR('',#1745,10.);
#540=VECTOR('',#1746,10.);
#541=VECTOR('',#1747,10.);
#542=VECTOR('',#1750,10.);
#543=VECTOR('',#1751,10.);
#544=VECTOR('',#1752,10.);
#545=VECTOR('',#1755,10.);
#546=VECTOR('',#1756,10.);
#547=VECTOR('',#1757,10.);
#548=VECTOR('',#1760,10.);
#549=VECTOR('',#1761,10.);
#550=VECTOR('',#1762,10.);
#551=VECTOR('',#1765,10.);
#552=VECTOR('',#1766,10.);
#553=VECTOR('',#1767,10.);
#554=VECTOR('',#1770,10.);
#555=VECTOR('',#1771,10.);
#556=VECTOR('',#1772,10.);
#557=VECTOR('',#1775,10.);
#558=VECTOR('',#1776,10.);
#559=VECTOR('',#1777,10.);
#560=VECTOR('',#1780,10.);
#561=VECTOR('',#1781,10.);
#562=VECTOR('',#1782,10.);
#563=VECTOR('',#1785,10.);
#564=VECTOR('',#1786,10.);
#565=VECTOR('',#1787,10.);
#566=VECTOR('',#1790,10.);
#567=VECTOR('',#1791,10.);
#568=VECTOR('',#1792,10.);
#569=VECTOR('',#1795,10.);
#570=VECTOR('',#1796,10.);
#571=VECTOR('',#1803,10.);
#572=VECTOR('',#1804,10.);
#573=VECTOR('',#1805,10.);
#574=VECTOR('',#1806,10.);
#575=VECTOR('',#1809,10.);
#576=VECTOR('',#1810,10.);
#577=VECTOR('',#1811,10.);
#578=VECTOR('',#1814,10.);
#579=VECTOR('',#1815,10.);
#580=VECTOR('',#1816,10.);
#581=VECTOR('',#1817,10.);
#582=VECTOR('',#1818,10.);
#583=VECTOR('',#1821,10.);
#584=VECTOR('',#1822,10.);
#585=VECTOR('',#1823,10.);
#586=VECTOR('',#1826,10.);
#587=VECTOR('',#1827,10.);
#588=VECTOR('',#1828,10.);
#589=VECTOR('',#1831,10.);
#590=VECTOR('',#1832,10.);
#591=VECTOR('',#1833,10.);
#592=VECTOR('',#1836,10.);
#593=VECTOR('',#1837,10.);
#594=VECTOR('',#1838,10.);
#595=VECTOR('',#1841,10.);
#596=VECTOR('',#1842,10.);
#597=VECTOR('',#1843,10.);
#598=VECTOR('',#1846,10.);
#599=VECTOR('',#1847,10.);
#600=VECTOR('',#1848,10.);
#601=VECTOR('',#1851,10.);
#602=VECTOR('',#1852,10.);
#603=VECTOR('',#1853,10.);
#604=VECTOR('',#1856,10.);
#605=VECTOR('',#1857,10.);
#606=VECTOR('',#1858,10.);
#607=VECTOR('',#1861,10.);
#608=VECTOR('',#1862,10.);
#609=VECTOR('',#1863,10.);
#610=VECTOR('',#1866,10.);
#611=VECTOR('',#1867,10.);
#612=VECTOR('',#1874,10.);
#613=VECTOR('',#1875,10.);
#614=VECTOR('',#1876,10.);
#615=VECTOR('',#1877,10.);
#616=VECTOR('',#1878,10.);
#617=VECTOR('',#1879,10.);
#618=VECTOR('',#1880,10.);
#619=VECTOR('',#1881,10.);
#620=VECTOR('',#1882,10.);
#621=VECTOR('',#1883,10.);
#622=VECTOR('',#1884,10.);
#623=VECTOR('',#1885,10.);
#624=VECTOR('',#1886,10.);
#625=VECTOR('',#1887,10.);
#626=VECTOR('',#1890,10.);
#627=VECTOR('',#1891,10.);
#628=VECTOR('',#1892,10.);
#629=VECTOR('',#1893,10.);
#630=VECTOR('',#1894,10.);
#631=VECTOR('',#1895,10.);
#632=VECTOR('',#1896,10.);
#633=VECTOR('',#1897,10.);
#634=VECTOR('',#1898,10.);
#635=VECTOR('',#1899,10.);
#636=VECTOR('',#1900,10.);
#637=VECTOR('',#1901,10.);
#638=VECTOR('',#1908,10.);
#639=VECTOR('',#1909,10.);
#640=VECTOR('',#1910,10.);
#641=VECTOR('',#1911,10.);
#642=VECTOR('',#1914,10.);
#643=VECTOR('',#1915,10.);
#644=VECTOR('',#1916,10.);
#645=VECTOR('',#1919,10.);
#646=VECTOR('',#1920,10.);
#647=VECTOR('',#1921,10.);
#648=VECTOR('',#1924,10.);
#649=VECTOR('',#1925,10.);
#650=CIRCLE('',#1547,1.);
#651=CIRCLE('',#1548,1.);
#652=CIRCLE('',#1552,1.);
#653=CIRCLE('',#1553,1.);
#654=CIRCLE('',#1556,1.);
#655=CIRCLE('',#1557,1.);
#656=CIRCLE('',#1560,1.);
#657=CIRCLE('',#1561,1.);
#658=VERTEX_POINT('',#1932);
#659=VERTEX_POINT('',#1933);
#660=VERTEX_POINT('',#1935);
#661=VERTEX_POINT('',#1937);
#662=VERTEX_POINT('',#1941);
#663=VERTEX_POINT('',#1943);
#664=VERTEX_POINT('',#1945);
#665=VERTEX_POINT('',#1949);
#666=VERTEX_POINT('',#1951);
#667=VERTEX_POINT('',#1955);
#668=VERTEX_POINT('',#1957);
#669=VERTEX_POINT('',#1961);
#670=VERTEX_POINT('',#1963);
#671=VERTEX_POINT('',#1965);
#672=VERTEX_POINT('',#1969);
#673=VERTEX_POINT('',#1971);
#674=VERTEX_POINT('',#1975);
#675=VERTEX_POINT('',#1977);
#676=VERTEX_POINT('',#1979);
#677=VERTEX_POINT('',#1983);
#678=VERTEX_POINT('',#1985);
#679=VERTEX_POINT('',#1989);
#680=VERTEX_POINT('',#1991);
#681=VERTEX_POINT('',#1993);
#682=VERTEX_POINT('',#2008);
#683=VERTEX_POINT('',#2015);
#684=VERTEX_POINT('',#2025);
#685=VERTEX_POINT('',#2032);
#686=VERTEX_POINT('',#2042);
#687=VERTEX_POINT('',#2043);
#688=VERTEX_POINT('',#2045);
#689=VERTEX_POINT('',#2047);
#690=VERTEX_POINT('',#2051);
#691=VERTEX_POINT('',#2053);
#692=VERTEX_POINT('',#2057);
#693=VERTEX_POINT('',#2059);
#694=VERTEX_POINT('',#2063);
#695=VERTEX_POINT('',#2065);
#696=VERTEX_POINT('',#2069);
#697=VERTEX_POINT('',#2071);
#698=VERTEX_POINT('',#2075);
#699=VERTEX_POINT('',#2077);
#700=VERTEX_POINT('',#2081);
#701=VERTEX_POINT('',#2083);
#702=VERTEX_POINT('',#2087);
#703=VERTEX_POINT('',#2089);
#704=VERTEX_POINT('',#2093);
#705=VERTEX_POINT('',#2095);
#706=VERTEX_POINT('',#2099);
#707=VERTEX_POINT('',#2101);
#708=VERTEX_POINT('',#2105);
#709=VERTEX_POINT('',#2107);
#710=VERTEX_POINT('',#2116);
#711=VERTEX_POINT('',#2117);
#712=VERTEX_POINT('',#2119);
#713=VERTEX_POINT('',#2121);
#714=VERTEX_POINT('',#2125);
#715=VERTEX_POINT('',#2127);
#716=VERTEX_POINT('',#2131);
#717=VERTEX_POINT('',#2133);
#718=VERTEX_POINT('',#2146);
#719=VERTEX_POINT('',#2152);
#720=VERTEX_POINT('',#2169);
#721=VERTEX_POINT('',#2175);
#722=VERTEX_POINT('',#2183);
#723=VERTEX_POINT('',#2185);
#724=VERTEX_POINT('',#2189);
#725=VERTEX_POINT('',#2191);
#726=VERTEX_POINT('',#2195);
#727=VERTEX_POINT('',#2197);
#728=VERTEX_POINT('',#2201);
#729=VERTEX_POINT('',#2203);
#730=VERTEX_POINT('',#2207);
#731=VERTEX_POINT('',#2209);
#732=VERTEX_POINT('',#2213);
#733=VERTEX_POINT('',#2215);
#734=VERTEX_POINT('',#2219);
#735=VERTEX_POINT('',#2221);
#736=VERTEX_POINT('',#2225);
#737=VERTEX_POINT('',#2227);
#738=VERTEX_POINT('',#2231);
#739=VERTEX_POINT('',#2233);
#740=VERTEX_POINT('',#2242);
#741=VERTEX_POINT('',#2243);
#742=VERTEX_POINT('',#2245);
#743=VERTEX_POINT('',#2247);
#744=VERTEX_POINT('',#2260);
#745=VERTEX_POINT('',#2266);
#746=VERTEX_POINT('',#2283);
#747=VERTEX_POINT('',#2289);
#748=VERTEX_POINT('',#2306);
#749=VERTEX_POINT('',#2312);
#750=VERTEX_POINT('',#2329);
#751=VERTEX_POINT('',#2335);
#752=VERTEX_POINT('',#2352);
#753=VERTEX_POINT('',#2358);
#754=VERTEX_POINT('',#2375);
#755=VERTEX_POINT('',#2381);
#756=VERTEX_POINT('',#2398);
#757=VERTEX_POINT('',#2404);
#758=VERTEX_POINT('',#2421);
#759=VERTEX_POINT('',#2427);
#760=VERTEX_POINT('',#2444);
#761=VERTEX_POINT('',#2450);
#762=VERTEX_POINT('',#2467);
#763=VERTEX_POINT('',#2473);
#764=VERTEX_POINT('',#2481);
#765=VERTEX_POINT('',#2483);
#766=VERTEX_POINT('',#2496);
#767=VERTEX_POINT('',#2502);
#768=VERTEX_POINT('',#2519);
#769=VERTEX_POINT('',#2525);
#770=VERTEX_POINT('',#2542);
#771=VERTEX_POINT('',#2548);
#772=VERTEX_POINT('',#2565);
#773=VERTEX_POINT('',#2571);
#774=VERTEX_POINT('',#2588);
#775=VERTEX_POINT('',#2594);
#776=VERTEX_POINT('',#2611);
#777=VERTEX_POINT('',#2617);
#778=VERTEX_POINT('',#2634);
#779=VERTEX_POINT('',#2640);
#780=VERTEX_POINT('',#2657);
#781=VERTEX_POINT('',#2663);
#782=VERTEX_POINT('',#2680);
#783=VERTEX_POINT('',#2686);
#784=VERTEX_POINT('',#2716);
#785=VERTEX_POINT('',#2717);
#786=VERTEX_POINT('',#2719);
#787=VERTEX_POINT('',#2721);
#788=VERTEX_POINT('',#2725);
#789=VERTEX_POINT('',#2727);
#790=VERTEX_POINT('',#2731);
#791=VERTEX_POINT('',#2733);
#792=EDGE_CURVE('',#658,#659,#650,.T.);
#793=EDGE_CURVE('',#659,#660,#324,.T.);
#794=EDGE_CURVE('',#660,#661,#651,.T.);
#795=EDGE_CURVE('',#661,#658,#325,.T.);
#796=EDGE_CURVE('',#662,#660,#326,.T.);
#797=EDGE_CURVE('',#663,#662,#327,.T.);
#798=EDGE_CURVE('',#663,#664,#328,.T.);
#799=EDGE_CURVE('',#664,#661,#329,.T.);
#800=EDGE_CURVE('',#665,#659,#330,.T.);
#801=EDGE_CURVE('',#666,#665,#331,.T.);
#802=EDGE_CURVE('',#660,#666,#332,.T.);
#803=EDGE_CURVE('',#667,#665,#652,.T.);
#804=EDGE_CURVE('',#659,#668,#653,.T.);
#805=EDGE_CURVE('',#668,#667,#333,.T.);
#806=EDGE_CURVE('',#669,#659,#334,.T.);
#807=EDGE_CURVE('',#670,#669,#335,.T.);
#808=EDGE_CURVE('',#671,#670,#336,.T.);
#809=EDGE_CURVE('',#671,#668,#337,.T.);
#810=EDGE_CURVE('',#672,#666,#654,.T.);
#811=EDGE_CURVE('',#665,#673,#655,.T.);
#812=EDGE_CURVE('',#673,#672,#338,.T.);
#813=EDGE_CURVE('',#674,#665,#339,.T.);
#814=EDGE_CURVE('',#675,#674,#340,.T.);
#815=EDGE_CURVE('',#675,#676,#341,.T.);
#816=EDGE_CURVE('',#676,#673,#342,.T.);
#817=EDGE_CURVE('',#677,#660,#656,.T.);
#818=EDGE_CURVE('',#666,#678,#657,.T.);
#819=EDGE_CURVE('',#678,#677,#343,.T.);
#820=EDGE_CURVE('',#679,#666,#344,.T.);
#821=EDGE_CURVE('',#680,#679,#345,.T.);
#822=EDGE_CURVE('',#681,#680,#346,.T.);
#823=EDGE_CURVE('',#681,#678,#347,.T.);
#824=EDGE_CURVE('',#679,#662,#348,.T.);
#825=EDGE_CURVE('',#674,#679,#349,.T.);
#826=EDGE_CURVE('',#669,#674,#350,.T.);
#827=EDGE_CURVE('',#662,#669,#351,.T.);
#828=EDGE_CURVE('',#675,#674,#352,.T.);
#829=EDGE_CURVE('',#670,#675,#353,.T.);
#830=EDGE_CURVE('',#680,#679,#354,.T.);
#831=EDGE_CURVE('',#675,#680,#355,.T.);
#832=EDGE_CURVE('',#682,#672,#356,.T.);
#833=EDGE_CURVE('',#680,#682,#357,.T.);
#834=EDGE_CURVE('',#676,#682,#358,.T.);
#835=EDGE_CURVE('',#683,#667,#359,.T.);
#836=EDGE_CURVE('',#683,#675,#360,.T.);
#837=EDGE_CURVE('',#671,#683,#361,.T.);
#838=EDGE_CURVE('',#663,#662,#362,.T.);
#839=EDGE_CURVE('',#680,#663,#363,.T.);
#840=EDGE_CURVE('',#684,#677,#364,.T.);
#841=EDGE_CURVE('',#684,#663,#365,.T.);
#842=EDGE_CURVE('',#681,#684,#366,.T.);
#843=EDGE_CURVE('',#685,#658,#367,.T.);
#844=EDGE_CURVE('',#670,#685,#368,.T.);
#845=EDGE_CURVE('',#670,#669,#369,.T.);
#846=EDGE_CURVE('',#664,#685,#370,.T.);
#847=EDGE_CURVE('',#663,#670,#371,.T.);
#848=EDGE_CURVE('',#686,#687,#372,.T.);
#849=EDGE_CURVE('',#686,#688,#373,.T.);
#850=EDGE_CURVE('',#689,#688,#374,.T.);
#851=EDGE_CURVE('',#687,#689,#375,.T.);
#852=EDGE_CURVE('',#687,#690,#376,.T.);
#853=EDGE_CURVE('',#691,#689,#377,.T.);
#854=EDGE_CURVE('',#690,#691,#378,.T.);
#855=EDGE_CURVE('',#690,#692,#379,.T.);
#856=EDGE_CURVE('',#693,#691,#380,.T.);
#857=EDGE_CURVE('',#692,#693,#381,.T.);
#858=EDGE_CURVE('',#692,#694,#382,.T.);
#859=EDGE_CURVE('',#695,#693,#383,.T.);
#860=EDGE_CURVE('',#694,#695,#384,.T.);
#861=EDGE_CURVE('',#694,#696,#385,.T.);
#862=EDGE_CURVE('',#697,#695,#386,.T.);
#863=EDGE_CURVE('',#696,#697,#387,.T.);
#864=EDGE_CURVE('',#696,#698,#388,.T.);
#865=EDGE_CURVE('',#699,#697,#389,.T.);
#866=EDGE_CURVE('',#698,#699,#390,.T.);
#867=EDGE_CURVE('',#698,#700,#391,.T.);
#868=EDGE_CURVE('',#701,#699,#392,.T.);
#869=EDGE_CURVE('',#700,#701,#393,.T.);
#870=EDGE_CURVE('',#700,#702,#394,.T.);
#871=EDGE_CURVE('',#703,#701,#395,.T.);
#872=EDGE_CURVE('',#702,#703,#396,.T.);
#873=EDGE_CURVE('',#702,#704,#397,.T.);
#874=EDGE_CURVE('',#705,#703,#398,.T.);
#875=EDGE_CURVE('',#704,#705,#399,.T.);
#876=EDGE_CURVE('',#704,#706,#400,.T.);
#877=EDGE_CURVE('',#707,#705,#401,.T.);
#878=EDGE_CURVE('',#706,#707,#402,.T.);
#879=EDGE_CURVE('',#706,#708,#403,.T.);
#880=EDGE_CURVE('',#709,#707,#404,.T.);
#881=EDGE_CURVE('',#708,#709,#405,.T.);
#882=EDGE_CURVE('',#708,#686,#406,.T.);
#883=EDGE_CURVE('',#688,#709,#407,.T.);
#884=EDGE_CURVE('',#710,#711,#408,.T.);
#885=EDGE_CURVE('',#710,#712,#409,.T.);
#886=EDGE_CURVE('',#713,#712,#410,.T.);
#887=EDGE_CURVE('',#711,#713,#411,.T.);
#888=EDGE_CURVE('',#711,#714,#412,.T.);
#889=EDGE_CURVE('',#715,#713,#413,.T.);
#890=EDGE_CURVE('',#714,#715,#414,.T.);
#891=EDGE_CURVE('',#714,#716,#415,.T.);
#892=EDGE_CURVE('',#717,#715,#416,.T.);
#893=EDGE_CURVE('',#716,#717,#417,.T.);
#894=EDGE_CURVE('',#716,#718,#13,.T.);
#895=EDGE_CURVE('',#719,#717,#14,.T.);
#896=EDGE_CURVE('',#718,#719,#418,.T.);
#897=EDGE_CURVE('',#718,#720,#15,.T.);
#898=EDGE_CURVE('',#721,#719,#16,.T.);
#899=EDGE_CURVE('',#720,#721,#419,.T.);
#900=EDGE_CURVE('',#720,#722,#420,.T.);
#901=EDGE_CURVE('',#723,#721,#421,.T.);
#902=EDGE_CURVE('',#722,#723,#422,.T.);
#903=EDGE_CURVE('',#722,#724,#423,.T.);
#904=EDGE_CURVE('',#725,#723,#424,.T.);
#905=EDGE_CURVE('',#724,#725,#425,.T.);
#906=EDGE_CURVE('',#724,#726,#426,.T.);
#907=EDGE_CURVE('',#727,#725,#427,.T.);
#908=EDGE_CURVE('',#726,#727,#428,.T.);
#909=EDGE_CURVE('',#726,#728,#429,.T.);
#910=EDGE_CURVE('',#729,#727,#430,.T.);
#911=EDGE_CURVE('',#728,#729,#431,.T.);
#912=EDGE_CURVE('',#728,#730,#432,.T.);
#913=EDGE_CURVE('',#731,#729,#433,.T.);
#914=EDGE_CURVE('',#730,#731,#434,.T.);
#915=EDGE_CURVE('',#730,#732,#435,.T.);
#916=EDGE_CURVE('',#733,#731,#436,.T.);
#917=EDGE_CURVE('',#732,#733,#437,.T.);
#918=EDGE_CURVE('',#732,#734,#438,.T.);
#919=EDGE_CURVE('',#735,#733,#439,.T.);
#920=EDGE_CURVE('',#734,#735,#440,.T.);
#921=EDGE_CURVE('',#734,#736,#441,.T.);
#922=EDGE_CURVE('',#737,#735,#442,.T.);
#923=EDGE_CURVE('',#736,#737,#443,.T.);
#924=EDGE_CURVE('',#736,#738,#444,.T.);
#925=EDGE_CURVE('',#739,#737,#445,.T.);
#926=EDGE_CURVE('',#738,#739,#446,.T.);
#927=EDGE_CURVE('',#738,#710,#447,.T.);
#928=EDGE_CURVE('',#712,#739,#448,.T.);
#929=EDGE_CURVE('',#740,#741,#449,.T.);
#930=EDGE_CURVE('',#740,#742,#450,.T.);
#931=EDGE_CURVE('',#743,#742,#451,.T.);
#932=EDGE_CURVE('',#741,#743,#452,.T.);
#933=EDGE_CURVE('',#741,#744,#17,.T.);
#934=EDGE_CURVE('',#745,#743,#18,.T.);
#935=EDGE_CURVE('',#744,#745,#453,.T.);
#936=EDGE_CURVE('',#744,#746,#19,.T.);
#937=EDGE_CURVE('',#747,#745,#20,.T.);
#938=EDGE_CURVE('',#746,#747,#454,.T.);
#939=EDGE_CURVE('',#746,#748,#21,.T.);
#940=EDGE_CURVE('',#749,#747,#22,.T.);
#941=EDGE_CURVE('',#748,#749,#455,.T.);
#942=EDGE_CURVE('',#748,#750,#23,.T.);
#943=EDGE_CURVE('',#751,#749,#24,.T.);
#944=EDGE_CURVE('',#750,#751,#456,.T.);
#945=EDGE_CURVE('',#750,#752,#25,.T.);
#946=EDGE_CURVE('',#753,#751,#26,.T.);
#947=EDGE_CURVE('',#752,#753,#457,.T.);
#948=EDGE_CURVE('',#752,#754,#27,.T.);
#949=EDGE_CURVE('',#755,#753,#28,.T.);
#950=EDGE_CURVE('',#754,#755,#458,.T.);
#951=EDGE_CURVE('',#754,#756,#29,.T.);
#952=EDGE_CURVE('',#757,#755,#30,.T.);
#953=EDGE_CURVE('',#756,#757,#459,.T.);
#954=EDGE_CURVE('',#756,#758,#31,.T.);
#955=EDGE_CURVE('',#759,#757,#32,.T.);
#956=EDGE_CURVE('',#758,#759,#460,.T.);
#957=EDGE_CURVE('',#758,#760,#33,.T.);
#958=EDGE_CURVE('',#761,#759,#34,.T.);
#959=EDGE_CURVE('',#760,#761,#461,.T.);
#960=EDGE_CURVE('',#760,#762,#35,.T.);
#961=EDGE_CURVE('',#763,#761,#36,.T.);
#962=EDGE_CURVE('',#762,#763,#462,.T.);
#963=EDGE_CURVE('',#762,#764,#463,.T.);
#964=EDGE_CURVE('',#765,#763,#464,.T.);
#965=EDGE_CURVE('',#764,#765,#465,.T.);
#966=EDGE_CURVE('',#764,#766,#37,.T.);
#967=EDGE_CURVE('',#767,#765,#38,.T.);
#968=EDGE_CURVE('',#766,#767,#466,.T.);
#969=EDGE_CURVE('',#766,#768,#39,.T.);
#970=EDGE_CURVE('',#769,#767,#40,.T.);
#971=EDGE_CURVE('',#768,#769,#467,.T.);
#972=EDGE_CURVE('',#768,#770,#41,.T.);
#973=EDGE_CURVE('',#771,#769,#42,.T.);
#974=EDGE_CURVE('',#770,#771,#468,.T.);
#975=EDGE_CURVE('',#770,#772,#43,.T.);
#976=EDGE_CURVE('',#773,#771,#44,.T.);
#977=EDGE_CURVE('',#772,#773,#469,.T.);
#978=EDGE_CURVE('',#772,#774,#45,.T.);
#979=EDGE_CURVE('',#775,#773,#46,.T.);
#980=EDGE_CURVE('',#774,#775,#470,.T.);
#981=EDGE_CURVE('',#774,#776,#47,.T.);
#982=EDGE_CURVE('',#777,#775,#48,.T.);
#983=EDGE_CURVE('',#776,#777,#471,.T.);
#984=EDGE_CURVE('',#776,#778,#49,.T.);
#985=EDGE_CURVE('',#779,#777,#50,.T.);
#986=EDGE_CURVE('',#778,#779,#472,.T.);
#987=EDGE_CURVE('',#778,#780,#51,.T.);
#988=EDGE_CURVE('',#781,#779,#52,.T.);
#989=EDGE_CURVE('',#780,#781,#473,.T.);
#990=EDGE_CURVE('',#780,#782,#53,.T.);
#991=EDGE_CURVE('',#783,#781,#54,.T.);
#992=EDGE_CURVE('',#782,#783,#474,.T.);
#993=EDGE_CURVE('',#782,#740,#55,.T.);
#994=EDGE_CURVE('',#742,#783,#56,.T.);
#995=EDGE_CURVE('',#784,#785,#475,.T.);
#996=EDGE_CURVE('',#784,#786,#476,.T.);
#997=EDGE_CURVE('',#787,#786,#477,.T.);
#998=EDGE_CURVE('',#785,#787,#478,.T.);
#999=EDGE_CURVE('',#785,#788,#479,.T.);
#1000=EDGE_CURVE('',#789,#787,#480,.T.);
#1001=EDGE_CURVE('',#788,#789,#481,.T.);
#1002=EDGE_CURVE('',#788,#790,#482,.T.);
#1003=EDGE_CURVE('',#791,#789,#483,.T.);
#1004=EDGE_CURVE('',#790,#791,#484,.T.);
#1005=EDGE_CURVE('',#790,#784,#485,.T.);
#1006=EDGE_CURVE('',#786,#791,#486,.T.);
#1007=ORIENTED_EDGE('',*,*,#792,.T.);
#1008=ORIENTED_EDGE('',*,*,#793,.T.);
#1009=ORIENTED_EDGE('',*,*,#794,.T.);
#1010=ORIENTED_EDGE('',*,*,#795,.T.);
#1011=ORIENTED_EDGE('',*,*,#794,.F.);
#1012=ORIENTED_EDGE('',*,*,#796,.F.);
#1013=ORIENTED_EDGE('',*,*,#797,.F.);
#1014=ORIENTED_EDGE('',*,*,#798,.T.);
#1015=ORIENTED_EDGE('',*,*,#799,.T.);
#1016=ORIENTED_EDGE('',*,*,#793,.F.);
#1017=ORIENTED_EDGE('',*,*,#800,.F.);
#1018=ORIENTED_EDGE('',*,*,#801,.F.);
#1019=ORIENTED_EDGE('',*,*,#802,.F.);
#1020=ORIENTED_EDGE('',*,*,#803,.T.);
#1021=ORIENTED_EDGE('',*,*,#800,.T.);
#1022=ORIENTED_EDGE('',*,*,#804,.T.);
#1023=ORIENTED_EDGE('',*,*,#805,.T.);
#1024=ORIENTED_EDGE('',*,*,#804,.F.);
#1025=ORIENTED_EDGE('',*,*,#806,.F.);
#1026=ORIENTED_EDGE('',*,*,#807,.F.);
#1027=ORIENTED_EDGE('',*,*,#808,.F.);
#1028=ORIENTED_EDGE('',*,*,#809,.T.);
#1029=ORIENTED_EDGE('',*,*,#810,.T.);
#1030=ORIENTED_EDGE('',*,*,#801,.T.);
#1031=ORIENTED_EDGE('',*,*,#811,.T.);
#1032=ORIENTED_EDGE('',*,*,#812,.T.);
#1033=ORIENTED_EDGE('',*,*,#811,.F.);
#1034=ORIENTED_EDGE('',*,*,#813,.F.);
#1035=ORIENTED_EDGE('',*,*,#814,.F.);
#1036=ORIENTED_EDGE('',*,*,#815,.T.);
#1037=ORIENTED_EDGE('',*,*,#816,.T.);
#1038=ORIENTED_EDGE('',*,*,#817,.T.);
#1039=ORIENTED_EDGE('',*,*,#802,.T.);
#1040=ORIENTED_EDGE('',*,*,#818,.T.);
#1041=ORIENTED_EDGE('',*,*,#819,.T.);
#1042=ORIENTED_EDGE('',*,*,#818,.F.);
#1043=ORIENTED_EDGE('',*,*,#820,.F.);
#1044=ORIENTED_EDGE('',*,*,#821,.F.);
#1045=ORIENTED_EDGE('',*,*,#822,.F.);
#1046=ORIENTED_EDGE('',*,*,#823,.T.);
#1047=ORIENTED_EDGE('',*,*,#824,.F.);
#1048=ORIENTED_EDGE('',*,*,#825,.F.);
#1049=ORIENTED_EDGE('',*,*,#826,.F.);
#1050=ORIENTED_EDGE('',*,*,#827,.F.);
#1051=ORIENTED_EDGE('',*,*,#826,.T.);
#1052=ORIENTED_EDGE('',*,*,#828,.F.);
#1053=ORIENTED_EDGE('',*,*,#829,.F.);
#1054=ORIENTED_EDGE('',*,*,#807,.T.);
#1055=ORIENTED_EDGE('',*,*,#825,.T.);
#1056=ORIENTED_EDGE('',*,*,#830,.F.);
#1057=ORIENTED_EDGE('',*,*,#831,.F.);
#1058=ORIENTED_EDGE('',*,*,#814,.T.);
#1059=ORIENTED_EDGE('',*,*,#810,.F.);
#1060=ORIENTED_EDGE('',*,*,#832,.F.);
#1061=ORIENTED_EDGE('',*,*,#833,.F.);
#1062=ORIENTED_EDGE('',*,*,#830,.T.);
#1063=ORIENTED_EDGE('',*,*,#820,.T.);
#1064=ORIENTED_EDGE('',*,*,#812,.F.);
#1065=ORIENTED_EDGE('',*,*,#816,.F.);
#1066=ORIENTED_EDGE('',*,*,#834,.T.);
#1067=ORIENTED_EDGE('',*,*,#832,.T.);
#1068=ORIENTED_EDGE('',*,*,#815,.F.);
#1069=ORIENTED_EDGE('',*,*,#831,.T.);
#1070=ORIENTED_EDGE('',*,*,#833,.T.);
#1071=ORIENTED_EDGE('',*,*,#834,.F.);
#1072=ORIENTED_EDGE('',*,*,#803,.F.);
#1073=ORIENTED_EDGE('',*,*,#835,.F.);
#1074=ORIENTED_EDGE('',*,*,#836,.T.);
#1075=ORIENTED_EDGE('',*,*,#828,.T.);
#1076=ORIENTED_EDGE('',*,*,#813,.T.);
#1077=ORIENTED_EDGE('',*,*,#805,.F.);
#1078=ORIENTED_EDGE('',*,*,#809,.F.);
#1079=ORIENTED_EDGE('',*,*,#837,.T.);
#1080=ORIENTED_EDGE('',*,*,#835,.T.);
#1081=ORIENTED_EDGE('',*,*,#837,.F.);
#1082=ORIENTED_EDGE('',*,*,#808,.T.);
#1083=ORIENTED_EDGE('',*,*,#829,.T.);
#1084=ORIENTED_EDGE('',*,*,#836,.F.);
#1085=ORIENTED_EDGE('',*,*,#824,.T.);
#1086=ORIENTED_EDGE('',*,*,#838,.F.);
#1087=ORIENTED_EDGE('',*,*,#839,.F.);
#1088=ORIENTED_EDGE('',*,*,#821,.T.);
#1089=ORIENTED_EDGE('',*,*,#817,.F.);
#1090=ORIENTED_EDGE('',*,*,#840,.F.);
#1091=ORIENTED_EDGE('',*,*,#841,.T.);
#1092=ORIENTED_EDGE('',*,*,#838,.T.);
#1093=ORIENTED_EDGE('',*,*,#796,.T.);
#1094=ORIENTED_EDGE('',*,*,#819,.F.);
#1095=ORIENTED_EDGE('',*,*,#823,.F.);
#1096=ORIENTED_EDGE('',*,*,#842,.T.);
#1097=ORIENTED_EDGE('',*,*,#840,.T.);
#1098=ORIENTED_EDGE('',*,*,#842,.F.);
#1099=ORIENTED_EDGE('',*,*,#822,.T.);
#1100=ORIENTED_EDGE('',*,*,#839,.T.);
#1101=ORIENTED_EDGE('',*,*,#841,.F.);
#1102=ORIENTED_EDGE('',*,*,#792,.F.);
#1103=ORIENTED_EDGE('',*,*,#843,.F.);
#1104=ORIENTED_EDGE('',*,*,#844,.F.);
#1105=ORIENTED_EDGE('',*,*,#845,.T.);
#1106=ORIENTED_EDGE('',*,*,#806,.T.);
#1107=ORIENTED_EDGE('',*,*,#795,.F.);
#1108=ORIENTED_EDGE('',*,*,#799,.F.);
#1109=ORIENTED_EDGE('',*,*,#846,.T.);
#1110=ORIENTED_EDGE('',*,*,#843,.T.);
#1111=ORIENTED_EDGE('',*,*,#827,.T.);
#1112=ORIENTED_EDGE('',*,*,#845,.F.);
#1113=ORIENTED_EDGE('',*,*,#847,.F.);
#1114=ORIENTED_EDGE('',*,*,#797,.T.);
#1115=ORIENTED_EDGE('',*,*,#847,.T.);
#1116=ORIENTED_EDGE('',*,*,#844,.T.);
#1117=ORIENTED_EDGE('',*,*,#846,.F.);
#1118=ORIENTED_EDGE('',*,*,#798,.F.);
#1119=ORIENTED_EDGE('',*,*,#848,.F.);
#1120=ORIENTED_EDGE('',*,*,#849,.T.);
#1121=ORIENTED_EDGE('',*,*,#850,.F.);
#1122=ORIENTED_EDGE('',*,*,#851,.F.);
#1123=ORIENTED_EDGE('',*,*,#852,.F.);
#1124=ORIENTED_EDGE('',*,*,#851,.T.);
#1125=ORIENTED_EDGE('',*,*,#853,.F.);
#1126=ORIENTED_EDGE('',*,*,#854,.F.);
#1127=ORIENTED_EDGE('',*,*,#855,.F.);
#1128=ORIENTED_EDGE('',*,*,#854,.T.);
#1129=ORIENTED_EDGE('',*,*,#856,.F.);
#1130=ORIENTED_EDGE('',*,*,#857,.F.);
#1131=ORIENTED_EDGE('',*,*,#858,.F.);
#1132=ORIENTED_EDGE('',*,*,#857,.T.);
#1133=ORIENTED_EDGE('',*,*,#859,.F.);
#1134=ORIENTED_EDGE('',*,*,#860,.F.);
#1135=ORIENTED_EDGE('',*,*,#861,.F.);
#1136=ORIENTED_EDGE('',*,*,#860,.T.);
#1137=ORIENTED_EDGE('',*,*,#862,.F.);
#1138=ORIENTED_EDGE('',*,*,#863,.F.);
#1139=ORIENTED_EDGE('',*,*,#864,.F.);
#1140=ORIENTED_EDGE('',*,*,#863,.T.);
#1141=ORIENTED_EDGE('',*,*,#865,.F.);
#1142=ORIENTED_EDGE('',*,*,#866,.F.);
#1143=ORIENTED_EDGE('',*,*,#867,.F.);
#1144=ORIENTED_EDGE('',*,*,#866,.T.);
#1145=ORIENTED_EDGE('',*,*,#868,.F.);
#1146=ORIENTED_EDGE('',*,*,#869,.F.);
#1147=ORIENTED_EDGE('',*,*,#870,.F.);
#1148=ORIENTED_EDGE('',*,*,#869,.T.);
#1149=ORIENTED_EDGE('',*,*,#871,.F.);
#1150=ORIENTED_EDGE('',*,*,#872,.F.);
#1151=ORIENTED_EDGE('',*,*,#873,.F.);
#1152=ORIENTED_EDGE('',*,*,#872,.T.);
#1153=ORIENTED_EDGE('',*,*,#874,.F.);
#1154=ORIENTED_EDGE('',*,*,#875,.F.);
#1155=ORIENTED_EDGE('',*,*,#876,.F.);
#1156=ORIENTED_EDGE('',*,*,#875,.T.);
#1157=ORIENTED_EDGE('',*,*,#877,.F.);
#1158=ORIENTED_EDGE('',*,*,#878,.F.);
#1159=ORIENTED_EDGE('',*,*,#879,.F.);
#1160=ORIENTED_EDGE('',*,*,#878,.T.);
#1161=ORIENTED_EDGE('',*,*,#880,.F.);
#1162=ORIENTED_EDGE('',*,*,#881,.F.);
#1163=ORIENTED_EDGE('',*,*,#882,.F.);
#1164=ORIENTED_EDGE('',*,*,#881,.T.);
#1165=ORIENTED_EDGE('',*,*,#883,.F.);
#1166=ORIENTED_EDGE('',*,*,#849,.F.);
#1167=ORIENTED_EDGE('',*,*,#883,.T.);
#1168=ORIENTED_EDGE('',*,*,#880,.T.);
#1169=ORIENTED_EDGE('',*,*,#877,.T.);
#1170=ORIENTED_EDGE('',*,*,#874,.T.);
#1171=ORIENTED_EDGE('',*,*,#871,.T.);
#1172=ORIENTED_EDGE('',*,*,#868,.T.);
#1173=ORIENTED_EDGE('',*,*,#865,.T.);
#1174=ORIENTED_EDGE('',*,*,#862,.T.);
#1175=ORIENTED_EDGE('',*,*,#859,.T.);
#1176=ORIENTED_EDGE('',*,*,#856,.T.);
#1177=ORIENTED_EDGE('',*,*,#853,.T.);
#1178=ORIENTED_EDGE('',*,*,#850,.T.);
#1179=ORIENTED_EDGE('',*,*,#882,.T.);
#1180=ORIENTED_EDGE('',*,*,#848,.T.);
#1181=ORIENTED_EDGE('',*,*,#852,.T.);
#1182=ORIENTED_EDGE('',*,*,#855,.T.);
#1183=ORIENTED_EDGE('',*,*,#858,.T.);
#1184=ORIENTED_EDGE('',*,*,#861,.T.);
#1185=ORIENTED_EDGE('',*,*,#864,.T.);
#1186=ORIENTED_EDGE('',*,*,#867,.T.);
#1187=ORIENTED_EDGE('',*,*,#870,.T.);
#1188=ORIENTED_EDGE('',*,*,#873,.T.);
#1189=ORIENTED_EDGE('',*,*,#876,.T.);
#1190=ORIENTED_EDGE('',*,*,#879,.T.);
#1191=ORIENTED_EDGE('',*,*,#884,.F.);
#1192=ORIENTED_EDGE('',*,*,#885,.T.);
#1193=ORIENTED_EDGE('',*,*,#886,.F.);
#1194=ORIENTED_EDGE('',*,*,#887,.F.);
#1195=ORIENTED_EDGE('',*,*,#888,.F.);
#1196=ORIENTED_EDGE('',*,*,#887,.T.);
#1197=ORIENTED_EDGE('',*,*,#889,.F.);
#1198=ORIENTED_EDGE('',*,*,#890,.F.);
#1199=ORIENTED_EDGE('',*,*,#891,.F.);
#1200=ORIENTED_EDGE('',*,*,#890,.T.);
#1201=ORIENTED_EDGE('',*,*,#892,.F.);
#1202=ORIENTED_EDGE('',*,*,#893,.F.);
#1203=ORIENTED_EDGE('',*,*,#894,.F.);
#1204=ORIENTED_EDGE('',*,*,#893,.T.);
#1205=ORIENTED_EDGE('',*,*,#895,.F.);
#1206=ORIENTED_EDGE('',*,*,#896,.F.);
#1207=ORIENTED_EDGE('',*,*,#897,.F.);
#1208=ORIENTED_EDGE('',*,*,#896,.T.);
#1209=ORIENTED_EDGE('',*,*,#898,.F.);
#1210=ORIENTED_EDGE('',*,*,#899,.F.);
#1211=ORIENTED_EDGE('',*,*,#900,.F.);
#1212=ORIENTED_EDGE('',*,*,#899,.T.);
#1213=ORIENTED_EDGE('',*,*,#901,.F.);
#1214=ORIENTED_EDGE('',*,*,#902,.F.);
#1215=ORIENTED_EDGE('',*,*,#903,.F.);
#1216=ORIENTED_EDGE('',*,*,#902,.T.);
#1217=ORIENTED_EDGE('',*,*,#904,.F.);
#1218=ORIENTED_EDGE('',*,*,#905,.F.);
#1219=ORIENTED_EDGE('',*,*,#906,.F.);
#1220=ORIENTED_EDGE('',*,*,#905,.T.);
#1221=ORIENTED_EDGE('',*,*,#907,.F.);
#1222=ORIENTED_EDGE('',*,*,#908,.F.);
#1223=ORIENTED_EDGE('',*,*,#909,.F.);
#1224=ORIENTED_EDGE('',*,*,#908,.T.);
#1225=ORIENTED_EDGE('',*,*,#910,.F.);
#1226=ORIENTED_EDGE('',*,*,#911,.F.);
#1227=ORIENTED_EDGE('',*,*,#912,.F.);
#1228=ORIENTED_EDGE('',*,*,#911,.T.);
#1229=ORIENTED_EDGE('',*,*,#913,.F.);
#1230=ORIENTED_EDGE('',*,*,#914,.F.);
#1231=ORIENTED_EDGE('',*,*,#915,.F.);
#1232=ORIENTED_EDGE('',*,*,#914,.T.);
#1233=ORIENTED_EDGE('',*,*,#916,.F.);
#1234=ORIENTED_EDGE('',*,*,#917,.F.);
#1235=ORIENTED_EDGE('',*,*,#918,.F.);
#1236=ORIENTED_EDGE('',*,*,#917,.T.);
#1237=ORIENTED_EDGE('',*,*,#919,.F.);
#1238=ORIENTED_EDGE('',*,*,#920,.F.);
#1239=ORIENTED_EDGE('',*,*,#921,.F.);
#1240=ORIENTED_EDGE('',*,*,#920,.T.);
#1241=ORIENTED_EDGE('',*,*,#922,.F.);
#1242=ORIENTED_EDGE('',*,*,#923,.F.);
#1243=ORIENTED_EDGE('',*,*,#924,.F.);
#1244=ORIENTED_EDGE('',*,*,#923,.T.);
#1245=ORIENTED_EDGE('',*,*,#925,.F.);
#1246=ORIENTED_EDGE('',*,*,#926,.F.);
#1247=ORIENTED_EDGE('',*,*,#927,.F.);
#1248=ORIENTED_EDGE('',*,*,#926,.T.);
#1249=ORIENTED_EDGE('',*,*,#928,.F.);
#1250=ORIENTED_EDGE('',*,*,#885,.F.);
#1251=ORIENTED_EDGE('',*,*,#928,.T.);
#1252=ORIENTED_EDGE('',*,*,#925,.T.);
#1253=ORIENTED_EDGE('',*,*,#922,.T.);
#1254=ORIENTED_EDGE('',*,*,#919,.T.);
#1255=ORIENTED_EDGE('',*,*,#916,.T.);
#1256=ORIENTED_EDGE('',*,*,#913,.T.);
#1257=ORIENTED_EDGE('',*,*,#910,.T.);
#1258=ORIENTED_EDGE('',*,*,#907,.T.);
#1259=ORIENTED_EDGE('',*,*,#904,.T.);
#1260=ORIENTED_EDGE('',*,*,#901,.T.);
#1261=ORIENTED_EDGE('',*,*,#898,.T.);
#1262=ORIENTED_EDGE('',*,*,#895,.T.);
#1263=ORIENTED_EDGE('',*,*,#892,.T.);
#1264=ORIENTED_EDGE('',*,*,#889,.T.);
#1265=ORIENTED_EDGE('',*,*,#886,.T.);
#1266=ORIENTED_EDGE('',*,*,#927,.T.);
#1267=ORIENTED_EDGE('',*,*,#884,.T.);
#1268=ORIENTED_EDGE('',*,*,#888,.T.);
#1269=ORIENTED_EDGE('',*,*,#891,.T.);
#1270=ORIENTED_EDGE('',*,*,#894,.T.);
#1271=ORIENTED_EDGE('',*,*,#897,.T.);
#1272=ORIENTED_EDGE('',*,*,#900,.T.);
#1273=ORIENTED_EDGE('',*,*,#903,.T.);
#1274=ORIENTED_EDGE('',*,*,#906,.T.);
#1275=ORIENTED_EDGE('',*,*,#909,.T.);
#1276=ORIENTED_EDGE('',*,*,#912,.T.);
#1277=ORIENTED_EDGE('',*,*,#915,.T.);
#1278=ORIENTED_EDGE('',*,*,#918,.T.);
#1279=ORIENTED_EDGE('',*,*,#921,.T.);
#1280=ORIENTED_EDGE('',*,*,#924,.T.);
#1281=ORIENTED_EDGE('',*,*,#929,.F.);
#1282=ORIENTED_EDGE('',*,*,#930,.T.);
#1283=ORIENTED_EDGE('',*,*,#931,.F.);
#1284=ORIENTED_EDGE('',*,*,#932,.F.);
#1285=ORIENTED_EDGE('',*,*,#933,.F.);
#1286=ORIENTED_EDGE('',*,*,#932,.T.);
#1287=ORIENTED_EDGE('',*,*,#934,.F.);
#1288=ORIENTED_EDGE('',*,*,#935,.F.);
#1289=ORIENTED_EDGE('',*,*,#936,.F.);
#1290=ORIENTED_EDGE('',*,*,#935,.T.);
#1291=ORIENTED_EDGE('',*,*,#937,.F.);
#1292=ORIENTED_EDGE('',*,*,#938,.F.);
#1293=ORIENTED_EDGE('',*,*,#939,.F.);
#1294=ORIENTED_EDGE('',*,*,#938,.T.);
#1295=ORIENTED_EDGE('',*,*,#940,.F.);
#1296=ORIENTED_EDGE('',*,*,#941,.F.);
#1297=ORIENTED_EDGE('',*,*,#942,.F.);
#1298=ORIENTED_EDGE('',*,*,#941,.T.);
#1299=ORIENTED_EDGE('',*,*,#943,.F.);
#1300=ORIENTED_EDGE('',*,*,#944,.F.);
#1301=ORIENTED_EDGE('',*,*,#945,.F.);
#1302=ORIENTED_EDGE('',*,*,#944,.T.);
#1303=ORIENTED_EDGE('',*,*,#946,.F.);
#1304=ORIENTED_EDGE('',*,*,#947,.F.);
#1305=ORIENTED_EDGE('',*,*,#948,.F.);
#1306=ORIENTED_EDGE('',*,*,#947,.T.);
#1307=ORIENTED_EDGE('',*,*,#949,.F.);
#1308=ORIENTED_EDGE('',*,*,#950,.F.);
#1309=ORIENTED_EDGE('',*,*,#951,.F.);
#1310=ORIENTED_EDGE('',*,*,#950,.T.);
#1311=ORIENTED_EDGE('',*,*,#952,.F.);
#1312=ORIENTED_EDGE('',*,*,#953,.F.);
#1313=ORIENTED_EDGE('',*,*,#954,.F.);
#1314=ORIENTED_EDGE('',*,*,#953,.T.);
#1315=ORIENTED_EDGE('',*,*,#955,.F.);
#1316=ORIENTED_EDGE('',*,*,#956,.F.);
#1317=ORIENTED_EDGE('',*,*,#957,.F.);
#1318=ORIENTED_EDGE('',*,*,#956,.T.);
#1319=ORIENTED_EDGE('',*,*,#958,.F.);
#1320=ORIENTED_EDGE('',*,*,#959,.F.);
#1321=ORIENTED_EDGE('',*,*,#960,.F.);
#1322=ORIENTED_EDGE('',*,*,#959,.T.);
#1323=ORIENTED_EDGE('',*,*,#961,.F.);
#1324=ORIENTED_EDGE('',*,*,#962,.F.);
#1325=ORIENTED_EDGE('',*,*,#963,.F.);
#1326=ORIENTED_EDGE('',*,*,#962,.T.);
#1327=ORIENTED_EDGE('',*,*,#964,.F.);
#1328=ORIENTED_EDGE('',*,*,#965,.F.);
#1329=ORIENTED_EDGE('',*,*,#966,.F.);
#1330=ORIENTED_EDGE('',*,*,#965,.T.);
#1331=ORIENTED_EDGE('',*,*,#967,.F.);
#1332=ORIENTED_EDGE('',*,*,#968,.F.);
#1333=ORIENTED_EDGE('',*,*,#969,.F.);
#1334=ORIENTED_EDGE('',*,*,#968,.T.);
#1335=ORIENTED_EDGE('',*,*,#970,.F.);
#1336=ORIENTED_EDGE('',*,*,#971,.F.);
#1337=ORIENTED_EDGE('',*,*,#972,.F.);
#1338=ORIENTED_EDGE('',*,*,#971,.T.);
#1339=ORIENTED_EDGE('',*,*,#973,.F.);
#1340=ORIENTED_EDGE('',*,*,#974,.F.);
#1341=ORIENTED_EDGE('',*,*,#975,.F.);
#1342=ORIENTED_EDGE('',*,*,#974,.T.);
#1343=ORIENTED_EDGE('',*,*,#976,.F.);
#1344=ORIENTED_EDGE('',*,*,#977,.F.);
#1345=ORIENTED_EDGE('',*,*,#978,.F.);
#1346=ORIENTED_EDGE('',*,*,#977,.T.);
#1347=ORIENTED_EDGE('',*,*,#979,.F.);
#1348=ORIENTED_EDGE('',*,*,#980,.F.);
#1349=ORIENTED_EDGE('',*,*,#981,.F.);
#1350=ORIENTED_EDGE('',*,*,#980,.T.);
#1351=ORIENTED_EDGE('',*,*,#982,.F.);
#1352=ORIENTED_EDGE('',*,*,#983,.F.);
#1353=ORIENTED_EDGE('',*,*,#984,.F.);
#1354=ORIENTED_EDGE('',*,*,#983,.T.);
#1355=ORIENTED_EDGE('',*,*,#985,.F.);
#1356=ORIENTED_EDGE('',*,*,#986,.F.);
#1357=ORIENTED_EDGE('',*,*,#987,.F.);
#1358=ORIENTED_EDGE('',*,*,#986,.T.);
#1359=ORIENTED_EDGE('',*,*,#988,.F.);
#1360=ORIENTED_EDGE('',*,*,#989,.F.);
#1361=ORIENTED_EDGE('',*,*,#990,.F.);
#1362=ORIENTED_EDGE('',*,*,#989,.T.);
#1363=ORIENTED_EDGE('',*,*,#991,.F.);
#1364=ORIENTED_EDGE('',*,*,#992,.F.);
#1365=ORIENTED_EDGE('',*,*,#993,.F.);
#1366=ORIENTED_EDGE('',*,*,#992,.T.);
#1367=ORIENTED_EDGE('',*,*,#994,.F.);
#1368=ORIENTED_EDGE('',*,*,#930,.F.);
#1369=ORIENTED_EDGE('',*,*,#994,.T.);
#1370=ORIENTED_EDGE('',*,*,#991,.T.);
#1371=ORIENTED_EDGE('',*,*,#988,.T.);
#1372=ORIENTED_EDGE('',*,*,#985,.T.);
#1373=ORIENTED_EDGE('',*,*,#982,.T.);
#1374=ORIENTED_EDGE('',*,*,#979,.T.);
#1375=ORIENTED_EDGE('',*,*,#976,.T.);
#1376=ORIENTED_EDGE('',*,*,#973,.T.);
#1377=ORIENTED_EDGE('',*,*,#970,.T.);
#1378=ORIENTED_EDGE('',*,*,#967,.T.);
#1379=ORIENTED_EDGE('',*,*,#964,.T.);
#1380=ORIENTED_EDGE('',*,*,#961,.T.);
#1381=ORIENTED_EDGE('',*,*,#958,.T.);
#1382=ORIENTED_EDGE('',*,*,#955,.T.);
#1383=ORIENTED_EDGE('',*,*,#952,.T.);
#1384=ORIENTED_EDGE('',*,*,#949,.T.);
#1385=ORIENTED_EDGE('',*,*,#946,.T.);
#1386=ORIENTED_EDGE('',*,*,#943,.T.);
#1387=ORIENTED_EDGE('',*,*,#940,.T.);
#1388=ORIENTED_EDGE('',*,*,#937,.T.);
#1389=ORIENTED_EDGE('',*,*,#934,.T.);
#1390=ORIENTED_EDGE('',*,*,#931,.T.);
#1391=ORIENTED_EDGE('',*,*,#993,.T.);
#1392=ORIENTED_EDGE('',*,*,#929,.T.);
#1393=ORIENTED_EDGE('',*,*,#933,.T.);
#1394=ORIENTED_EDGE('',*,*,#936,.T.);
#1395=ORIENTED_EDGE('',*,*,#939,.T.);
#1396=ORIENTED_EDGE('',*,*,#942,.T.);
#1397=ORIENTED_EDGE('',*,*,#945,.T.);
#1398=ORIENTED_EDGE('',*,*,#948,.T.);
#1399=ORIENTED_EDGE('',*,*,#951,.T.);
#1400=ORIENTED_EDGE('',*,*,#954,.T.);
#1401=ORIENTED_EDGE('',*,*,#957,.T.);
#1402=ORIENTED_EDGE('',*,*,#960,.T.);
#1403=ORIENTED_EDGE('',*,*,#963,.T.);
#1404=ORIENTED_EDGE('',*,*,#966,.T.);
#1405=ORIENTED_EDGE('',*,*,#969,.T.);
#1406=ORIENTED_EDGE('',*,*,#972,.T.);
#1407=ORIENTED_EDGE('',*,*,#975,.T.);
#1408=ORIENTED_EDGE('',*,*,#978,.T.);
#1409=ORIENTED_EDGE('',*,*,#981,.T.);
#1410=ORIENTED_EDGE('',*,*,#984,.T.);
#1411=ORIENTED_EDGE('',*,*,#987,.T.);
#1412=ORIENTED_EDGE('',*,*,#990,.T.);
#1413=ORIENTED_EDGE('',*,*,#995,.F.);
#1414=ORIENTED_EDGE('',*,*,#996,.T.);
#1415=ORIENTED_EDGE('',*,*,#997,.F.);
#1416=ORIENTED_EDGE('',*,*,#998,.F.);
#1417=ORIENTED_EDGE('',*,*,#999,.F.);
#1418=ORIENTED_EDGE('',*,*,#998,.T.);
#1419=ORIENTED_EDGE('',*,*,#1000,.F.);
#1420=ORIENTED_EDGE('',*,*,#1001,.F.);
#1421=ORIENTED_EDGE('',*,*,#1002,.F.);
#1422=ORIENTED_EDGE('',*,*,#1001,.T.);
#1423=ORIENTED_EDGE('',*,*,#1003,.F.);
#1424=ORIENTED_EDGE('',*,*,#1004,.F.);
#1425=ORIENTED_EDGE('',*,*,#1005,.F.);
#1426=ORIENTED_EDGE('',*,*,#1004,.T.);
#1427=ORIENTED_EDGE('',*,*,#1006,.F.);
#1428=ORIENTED_EDGE('',*,*,#996,.F.);
#1429=ORIENTED_EDGE('',*,*,#1006,.T.);
#1430=ORIENTED_EDGE('',*,*,#1003,.T.);
#1431=ORIENTED_EDGE('',*,*,#1000,.T.);
#1432=ORIENTED_EDGE('',*,*,#997,.T.);
#1433=ORIENTED_EDGE('',*,*,#1005,.T.);
#1434=ORIENTED_EDGE('',*,*,#995,.T.);
#1435=ORIENTED_EDGE('',*,*,#999,.T.);
#1436=ORIENTED_EDGE('',*,*,#1002,.T.);
#1437=CYLINDRICAL_SURFACE('',#1546,1.);
#1438=CYLINDRICAL_SURFACE('',#1551,1.);
#1439=CYLINDRICAL_SURFACE('',#1555,1.);
#1440=CYLINDRICAL_SURFACE('',#1559,1.);
#1441=ADVANCED_FACE('',(#150),#1437,.T.);
#1442=ADVANCED_FACE('',(#151),#89,.T.);
#1443=ADVANCED_FACE('',(#152),#90,.T.);
#1444=ADVANCED_FACE('',(#153),#1438,.T.);
#1445=ADVANCED_FACE('',(#154),#91,.T.);
#1446=ADVANCED_FACE('',(#155),#1439,.T.);
#1447=ADVANCED_FACE('',(#156),#92,.T.);
#1448=ADVANCED_FACE('',(#157),#1440,.T.);
#1449=ADVANCED_FACE('',(#158),#93,.T.);
#1450=ADVANCED_FACE('',(#159),#94,.T.);
#1451=ADVANCED_FACE('',(#160),#95,.T.);
#1452=ADVANCED_FACE('',(#161),#96,.T.);
#1453=ADVANCED_FACE('',(#162),#97,.T.);
#1454=ADVANCED_FACE('',(#163),#98,.T.);
#1455=ADVANCED_FACE('',(#164),#99,.F.);
#1456=ADVANCED_FACE('',(#165),#100,.T.);
#1457=ADVANCED_FACE('',(#166),#101,.T.);
#1458=ADVANCED_FACE('',(#167),#102,.F.);
#1459=ADVANCED_FACE('',(#168),#103,.T.);
#1460=ADVANCED_FACE('',(#169),#104,.T.);
#1461=ADVANCED_FACE('',(#170),#105,.T.);
#1462=ADVANCED_FACE('',(#171),#106,.F.);
#1463=ADVANCED_FACE('',(#172),#107,.T.);
#1464=ADVANCED_FACE('',(#173),#108,.T.);
#1465=ADVANCED_FACE('',(#174),#109,.T.);
#1466=ADVANCED_FACE('',(#175),#110,.F.);
#1467=ADVANCED_FACE('',(#176),#111,.T.);
#1468=ADVANCED_FACE('',(#177),#112,.T.);
#1469=ADVANCED_FACE('',(#178),#113,.T.);
#1470=ADVANCED_FACE('',(#179),#114,.T.);
#1471=ADVANCED_FACE('',(#180),#115,.T.);
#1472=ADVANCED_FACE('',(#181),#116,.T.);
#1473=ADVANCED_FACE('',(#182),#117,.T.);
#1474=ADVANCED_FACE('',(#183),#118,.T.);
#1475=ADVANCED_FACE('',(#184),#119,.T.);
#1476=ADVANCED_FACE('',(#185),#120,.T.);
#1477=ADVANCED_FACE('',(#186),#121,.T.);
#1478=ADVANCED_FACE('',(#187),#122,.T.);
#1479=ADVANCED_FACE('',(#188),#123,.T.);
#1480=ADVANCED_FACE('',(#189),#124,.F.);
#1481=ADVANCED_FACE('',(#190),#125,.T.);
#1482=ADVANCED_FACE('',(#191),#126,.T.);
#1483=ADVANCED_FACE('',(#192),#127,.T.);
#1484=ADVANCED_FACE('',(#193),#57,.T.);
#1485=ADVANCED_FACE('',(#194),#58,.T.);
#1486=ADVANCED_FACE('',(#195),#128,.T.);
#1487=ADVANCED_FACE('',(#196),#129,.T.);
#1488=ADVANCED_FACE('',(#197),#130,.T.);
#1489=ADVANCED_FACE('',(#198),#131,.T.);
#1490=ADVANCED_FACE('',(#199),#132,.T.);
#1491=ADVANCED_FACE('',(#200),#133,.T.);
#1492=ADVANCED_FACE('',(#201),#134,.T.);
#1493=ADVANCED_FACE('',(#202),#135,.T.);
#1494=ADVANCED_FACE('',(#203),#136,.T.);
#1495=ADVANCED_FACE('',(#204),#137,.T.);
#1496=ADVANCED_FACE('',(#205),#138,.T.);
#1497=ADVANCED_FACE('',(#206),#139,.F.);
#1498=ADVANCED_FACE('',(#207),#140,.T.);
#1499=ADVANCED_FACE('',(#208),#59,.T.);
#1500=ADVANCED_FACE('',(#209),#60,.T.);
#1501=ADVANCED_FACE('',(#210),#61,.T.);
#1502=ADVANCED_FACE('',(#211),#62,.T.);
#1503=ADVANCED_FACE('',(#212),#63,.T.);
#1504=ADVANCED_FACE('',(#213),#64,.T.);
#1505=ADVANCED_FACE('',(#214),#65,.T.);
#1506=ADVANCED_FACE('',(#215),#66,.T.);
#1507=ADVANCED_FACE('',(#216),#67,.T.);
#1508=ADVANCED_FACE('',(#217),#68,.T.);
#1509=ADVANCED_FACE('',(#218),#141,.T.);
#1510=ADVANCED_FACE('',(#219),#69,.T.);
#1511=ADVANCED_FACE('',(#220),#70,.T.);
#1512=ADVANCED_FACE('',(#221),#71,.T.);
#1513=ADVANCED_FACE('',(#222),#72,.T.);
#1514=ADVANCED_FACE('',(#223),#73,.T.);
#1515=ADVANCED_FACE('',(#224),#74,.T.);
#1516=ADVANCED_FACE('',(#225),#75,.T.);
#1517=ADVANCED_FACE('',(#226),#76,.T.);
#1518=ADVANCED_FACE('',(#227),#77,.T.);
#1519=ADVANCED_FACE('',(#228),#78,.T.);
#1520=ADVANCED_FACE('',(#229),#142,.T.);
#1521=ADVANCED_FACE('',(#230),#143,.F.);
#1522=ADVANCED_FACE('',(#231),#144,.T.);
#1523=ADVANCED_FACE('',(#232),#145,.T.);
#1524=ADVANCED_FACE('',(#233),#146,.T.);
#1525=ADVANCED_FACE('',(#234),#147,.T.);
#1526=ADVANCED_FACE('',(#235),#148,.T.);
#1527=ADVANCED_FACE('',(#236),#149,.F.);
#1528=CLOSED_SHELL('',(#1441,#1442,#1443,#1444,#1445,#1446,#1447,#1448,
#1449,#1450,#1451,#1452,#1453,#1454,#1455,#1456,#1457,#1458,#1459,#1460,
#1461,#1462,#1463,#1464,#1465,#1466));
#1529=CLOSED_SHELL('',(#1467,#1468,#1469,#1470,#1471,#1472,#1473,#1474,
#1475,#1476,#1477,#1478,#1479,#1480));
#1530=CLOSED_SHELL('',(#1481,#1482,#1483,#1484,#1485,#1486,#1487,#1488,
#1489,#1490,#1491,#1492,#1493,#1494,#1495,#1496,#1497));
#1531=CLOSED_SHELL('',(#1498,#1499,#1500,#1501,#1502,#1503,#1504,#1505,
#1506,#1507,#1508,#1509,#1510,#1511,#1512,#1513,#1514,#1515,#1516,#1517,
#1518,#1519,#1520,#1521));
#1532=CLOSED_SHELL('',(#1522,#1523,#1524,#1525,#1526,#1527));
#1533=DERIVED_UNIT_ELEMENT(#1535,1.);
#1534=DERIVED_UNIT_ELEMENT(#2746,-3.);
#1535=(
MASS_UNIT()
NAMED_UNIT(*)
SI_UNIT(.KILO.,.GRAM.)
);
#1536=DERIVED_UNIT((#1533,#1534));
#1537=MEASURE_REPRESENTATION_ITEM('density measure',
POSITIVE_RATIO_MEASURE(7850.),#1536);
#1538=PROPERTY_DEFINITION_REPRESENTATION(#1543,#1540);
#1539=PROPERTY_DEFINITION_REPRESENTATION(#1544,#1541);
#1540=REPRESENTATION('material name',(#1542),#2743);
#1541=REPRESENTATION('density',(#1537),#2743);
#1542=DESCRIPTIVE_REPRESENTATION_ITEM('Steel','Steel');
#1543=PROPERTY_DEFINITION('material property','material name',#2753);
#1544=PROPERTY_DEFINITION('material property','density of part',#2753);
#1545=AXIS2_PLACEMENT_3D('',#1930,#1619,#1620);
#1546=AXIS2_PLACEMENT_3D('',#1931,#1621,#1622);
#1547=AXIS2_PLACEMENT_3D('',#1934,#1623,#1624);
#1548=AXIS2_PLACEMENT_3D('',#1938,#1626,#1627);
#1549=AXIS2_PLACEMENT_3D('',#1940,#1629,#1630);
#1550=AXIS2_PLACEMENT_3D('',#1948,#1635,#1636);
#1551=AXIS2_PLACEMENT_3D('',#1954,#1640,#1641);
#1552=AXIS2_PLACEMENT_3D('',#1956,#1642,#1643);
#1553=AXIS2_PLACEMENT_3D('',#1958,#1644,#1645);
#1554=AXIS2_PLACEMENT_3D('',#1960,#1647,#1648);
#1555=AXIS2_PLACEMENT_3D('',#1968,#1653,#1654);
#1556=AXIS2_PLACEMENT_3D('',#1970,#1655,#1656);
#1557=AXIS2_PLACEMENT_3D('',#1972,#1657,#1658);
#1558=AXIS2_PLACEMENT_3D('',#1974,#1660,#1661);
#1559=AXIS2_PLACEMENT_3D('',#1982,#1666,#1667);
#1560=AXIS2_PLACEMENT_3D('',#1984,#1668,#1669);
#1561=AXIS2_PLACEMENT_3D('',#1986,#1670,#1671);
#1562=AXIS2_PLACEMENT_3D('',#1988,#1673,#1674);
#1563=AXIS2_PLACEMENT_3D('',#1996,#1679,#1680);
#1564=AXIS2_PLACEMENT_3D('',#2001,#1685,#1686);
#1565=AXIS2_PLACEMENT_3D('',#2004,#1689,#1690);
#1566=AXIS2_PLACEMENT_3D('',#2007,#1693,#1694);
#1567=AXIS2_PLACEMENT_3D('',#2011,#1697,#1698);
#1568=AXIS2_PLACEMENT_3D('',#2013,#1700,#1701);
#1569=AXIS2_PLACEMENT_3D('',#2014,#1702,#1703);
#1570=AXIS2_PLACEMENT_3D('',#2018,#1706,#1707);
#1571=AXIS2_PLACEMENT_3D('',#2020,#1709,#1710);
#1572=AXIS2_PLACEMENT_3D('',#2021,#1711,#1712);
#1573=AXIS2_PLACEMENT_3D('',#2024,#1715,#1716);
#1574=AXIS2_PLACEMENT_3D('',#2028,#1719,#1720);
#1575=AXIS2_PLACEMENT_3D('',#2030,#1722,#1723);
#1576=AXIS2_PLACEMENT_3D('',#2031,#1724,#1725);
#1577=AXIS2_PLACEMENT_3D('',#2036,#1729,#1730);
#1578=AXIS2_PLACEMENT_3D('',#2038,#1732,#1733);
#1579=AXIS2_PLACEMENT_3D('',#2040,#1735,#1736);
#1580=AXIS2_PLACEMENT_3D('',#2041,#1737,#1738);
#1581=AXIS2_PLACEMENT_3D('',#2050,#1743,#1744);
#1582=AXIS2_PLACEMENT_3D('',#2056,#1748,#1749);
#1583=AXIS2_PLACEMENT_3D('',#2062,#1753,#1754);
#1584=AXIS2_PLACEMENT_3D('',#2068,#1758,#1759);
#1585=AXIS2_PLACEMENT_3D('',#2074,#1763,#1764);
#1586=AXIS2_PLACEMENT_3D('',#2080,#1768,#1769);
#1587=AXIS2_PLACEMENT_3D('',#2086,#1773,#1774);
#1588=AXIS2_PLACEMENT_3D('',#2092,#1778,#1779);
#1589=AXIS2_PLACEMENT_3D('',#2098,#1783,#1784);
#1590=AXIS2_PLACEMENT_3D('',#2104,#1788,#1789);
#1591=AXIS2_PLACEMENT_3D('',#2110,#1793,#1794);
#1592=AXIS2_PLACEMENT_3D('',#2113,#1797,#1798);
#1593=AXIS2_PLACEMENT_3D('',#2114,#1799,#1800);
#1594=AXIS2_PLACEMENT_3D('',#2115,#1801,#1802);
#1595=AXIS2_PLACEMENT_3D('',#2124,#1807,#1808);
#1596=AXIS2_PLACEMENT_3D('',#2130,#1812,#1813);
#1597=AXIS2_PLACEMENT_3D('',#2182,#1819,#1820);
#1598=AXIS2_PLACEMENT_3D('',#2188,#1824,#1825);
#1599=AXIS2_PLACEMENT_3D('',#2194,#1829,#1830);
#1600=AXIS2_PLACEMENT_3D('',#2200,#1834,#1835);
#1601=AXIS2_PLACEMENT_3D('',#2206,#1839,#1840);
#1602=AXIS2_PLACEMENT_3D('',#2212,#1844,#1845);
#1603=AXIS2_PLACEMENT_3D('',#2218,#1849,#1850);
#1604=AXIS2_PLACEMENT_3D('',#2224,#1854,#1855);
#1605=AXIS2_PLACEMENT_3D('',#2230,#1859,#1860);
#1606=AXIS2_PLACEMENT_3D('',#2236,#1864,#1865);
#1607=AXIS2_PLACEMENT_3D('',#2239,#1868,#1869);
#1608=AXIS2_PLACEMENT_3D('',#2240,#1870,#1871);
#1609=AXIS2_PLACEMENT_3D('',#2241,#1872,#1873);
#1610=AXIS2_PLACEMENT_3D('',#2480,#1888,#1889);
#1611=AXIS2_PLACEMENT_3D('',#2713,#1902,#1903);
#1612=AXIS2_PLACEMENT_3D('',#2714,#1904,#1905);
#1613=AXIS2_PLACEMENT_3D('',#2715,#1906,#1907);
#1614=AXIS2_PLACEMENT_3D('',#2724,#1912,#1913);
#1615=AXIS2_PLACEMENT_3D('',#2730,#1917,#1918);
#1616=AXIS2_PLACEMENT_3D('',#2736,#1922,#1923);
#1617=AXIS2_PLACEMENT_3D('',#2739,#1926,#1927);
#1618=AXIS2_PLACEMENT_3D('',#2740,#1928,#1929);
#1619=DIRECTION('axis',(0.,0.,1.));
#1620=DIRECTION('refdir',(1.,0.,0.));
#1621=DIRECTION('center_axis',(0.,1.,0.));
#1622=DIRECTION('ref_axis',(0.707106781186546,0.,0.707106781186549));
#1623=DIRECTION('center_axis',(0.,-1.,0.));
#1624=DIRECTION('ref_axis',(0.707106781186546,0.,0.707106781186549));
#1625=DIRECTION('',(0.,-1.,0.));
#1626=DIRECTION('center_axis',(0.,1.,0.));
#1627=DIRECTION('ref_axis',(0.707106781186546,0.,0.707106781186549));
#1628=DIRECTION('',(0.,1.,0.));
#1629=DIRECTION('center_axis',(0.,-1.,0.));
#1630=DIRECTION('ref_axis',(1.,0.,0.));
#1631=DIRECTION('',(0.,0.,1.));
#1632=DIRECTION('',(0.,0.,1.));
#1633=DIRECTION('',(1.,0.,0.));
#1634=DIRECTION('',(0.,0.,1.));
#1635=DIRECTION('center_axis',(0.,0.,1.));
#1636=DIRECTION('ref_axis',(1.,0.,0.));
#1637=DIRECTION('',(1.,0.,0.));
#1638=DIRECTION('',(-6.93889390390723E-17,1.,0.));
#1639=DIRECTION('',(-1.,0.,0.));
#1640=DIRECTION('center_axis',(-1.,0.,0.));
#1641=DIRECTION('ref_axis',(0.,0.707106781186548,0.707106781186547));
#1642=DIRECTION('center_axis',(1.,0.,0.));
#1643=DIRECTION('ref_axis',(0.,0.707106781186548,0.707106781186547));
#1644=DIRECTION('center_axis',(-1.,0.,0.));
#1645=DIRECTION('ref_axis',(0.,0.707106781186548,0.707106781186547));
#1646=DIRECTION('',(-1.,0.,0.));
#1647=DIRECTION('center_axis',(1.,0.,0.));
#1648=DIRECTION('ref_axis',(0.,1.,0.));
#1649=DIRECTION('',(0.,0.,1.));
#1650=DIRECTION('',(0.,0.,1.));
#1651=DIRECTION('',(0.,-1.,0.));
#1652=DIRECTION('',(0.,0.,1.));
#1653=DIRECTION('center_axis',(6.93889390390723E-17,-1.,0.));
#1654=DIRECTION('ref_axis',(-0.707106781186547,0.,0.707106781186548));
#1655=DIRECTION('center_axis',(0.,1.,0.));
#1656=DIRECTION('ref_axis',(-0.707106781186547,0.,0.707106781186548));
#1657=DIRECTION('center_axis',(0.,-1.,0.));
#1658=DIRECTION('ref_axis',(-0.707106781186547,0.,0.707106781186548));
#1659=DIRECTION('',(6.93889390390723E-17,-1.,0.));
#1660=DIRECTION('center_axis',(0.,1.,0.));
#1661=DIRECTION('ref_axis',(-1.,0.,0.));
#1662=DIRECTION('',(0.,0.,1.));
#1663=DIRECTION('',(0.,0.,1.));
#1664=DIRECTION('',(-1.,0.,0.));
#1665=DIRECTION('',(0.,0.,1.));
#1666=DIRECTION('center_axis',(1.,0.,0.));
#1667=DIRECTION('ref_axis',(0.,-0.707106781186547,0.707106781186548));
#1668=DIRECTION('center_axis',(-1.,0.,0.));
#1669=DIRECTION('ref_axis',(0.,-0.707106781186547,0.707106781186548));
#1670=DIRECTION('center_axis',(1.,0.,0.));
#1671=DIRECTION('ref_axis',(0.,-0.707106781186547,0.707106781186548));
#1672=DIRECTION('',(1.,0.,0.));
#1673=DIRECTION('center_axis',(-1.,0.,0.));
#1674=DIRECTION('ref_axis',(0.,-1.,0.));
#1675=DIRECTION('',(0.,0.,1.));
#1676=DIRECTION('',(0.,0.,1.));
#1677=DIRECTION('',(0.,1.,0.));
#1678=DIRECTION('',(0.,0.,1.));
#1679=DIRECTION('center_axis',(0.,0.,-1.));
#1680=DIRECTION('ref_axis',(-1.,0.,0.));
#1681=DIRECTION('',(1.,0.,0.));
#1682=DIRECTION('',(0.,-1.,0.));
#1683=DIRECTION('',(-1.,0.,0.));
#1684=DIRECTION('',(0.,1.,0.));
#1685=DIRECTION('center_axis',(0.,-1.,0.));
#1686=DIRECTION('ref_axis',(1.,0.,0.));
#1687=DIRECTION('',(0.,0.,1.));
#1688=DIRECTION('',(-1.,0.,0.));
#1689=DIRECTION('center_axis',(1.,0.,0.));
#1690=DIRECTION('ref_axis',(0.,1.,0.));
#1691=DIRECTION('',(0.,0.,1.));
#1692=DIRECTION('',(0.,-1.,0.));
#1693=DIRECTION('center_axis',(0.,-1.,0.));
#1694=DIRECTION('ref_axis',(1.,0.,0.));
#1695=DIRECTION('',(0.,0.,1.));
#1696=DIRECTION('',(-1.,0.,0.));
#1697=DIRECTION('center_axis',(-1.,-6.93889390390723E-17,0.));
#1698=DIRECTION('ref_axis',(6.93889390390723E-17,-1.,0.));
#1699=DIRECTION('',(6.93889390390723E-17,-1.,0.));
#1700=DIRECTION('center_axis',(0.,0.,1.));
#1701=DIRECTION('ref_axis',(1.,0.,0.));
#1702=DIRECTION('center_axis',(-1.,0.,0.));
#1703=DIRECTION('ref_axis',(0.,-1.,0.));
#1704=DIRECTION('',(0.,0.,1.));
#1705=DIRECTION('',(0.,-1.,0.));
#1706=DIRECTION('center_axis',(0.,1.,0.));
#1707=DIRECTION('ref_axis',(-1.,0.,0.));
#1708=DIRECTION('',(-1.,0.,0.));
#1709=DIRECTION('center_axis',(0.,0.,1.));
#1710=DIRECTION('ref_axis',(1.,0.,0.));
#1711=DIRECTION('center_axis',(0.,1.,0.));
#1712=DIRECTION('ref_axis',(-1.,0.,0.));
#1713=DIRECTION('',(0.,0.,1.));
#1714=DIRECTION('',(1.,0.,0.));
#1715=DIRECTION('center_axis',(1.,0.,0.));
#1716=DIRECTION('ref_axis',(0.,1.,0.));
#1717=DIRECTION('',(0.,0.,1.));
#1718=DIRECTION('',(0.,1.,0.));
#1719=DIRECTION('center_axis',(0.,-1.,0.));
#1720=DIRECTION('ref_axis',(1.,0.,0.));
#1721=DIRECTION('',(1.,0.,0.));
#1722=DIRECTION('center_axis',(0.,0.,1.));
#1723=DIRECTION('ref_axis',(1.,0.,0.));
#1724=DIRECTION('center_axis',(0.,1.,0.));
#1725=DIRECTION('ref_axis',(-1.,0.,0.));
#1726=DIRECTION('',(0.,0.,1.));
#1727=DIRECTION('',(1.,0.,0.));
#1728=DIRECTION('',(0.,0.,1.));
#1729=DIRECTION('center_axis',(1.,0.,0.));
#1730=DIRECTION('ref_axis',(0.,1.,0.));
#1731=DIRECTION('',(0.,1.,0.));
#1732=DIRECTION('center_axis',(-1.,0.,0.));
#1733=DIRECTION('ref_axis',(0.,-1.,0.));
#1734=DIRECTION('',(0.,1.,0.));
#1735=DIRECTION('center_axis',(0.,0.,1.));
#1736=DIRECTION('ref_axis',(1.,0.,0.));
#1737=DIRECTION('center_axis',(-1.,4.7580987579949E-16,0.));
#1738=DIRECTION('ref_axis',(-4.7580987579949E-16,-1.,0.));
#1739=DIRECTION('',(4.7580987579949E-16,1.,0.));
#1740=DIRECTION('',(0.,0.,1.));
#1741=DIRECTION('',(-4.7580987579949E-16,-1.,0.));
#1742=DIRECTION('',(0.,0.,1.));
#1743=DIRECTION('center_axis',(0.,1.,0.));
#1744=DIRECTION('ref_axis',(-1.,0.,0.));
#1745=DIRECTION('',(1.,0.,0.));
#1746=DIRECTION('',(-1.,0.,0.));
#1747=DIRECTION('',(0.,0.,1.));
#1748=DIRECTION('center_axis',(1.,-3.86233241864039E-16,0.));
#1749=DIRECTION('ref_axis',(3.86233241864039E-16,1.,0.));
#1750=DIRECTION('',(-3.86233241864039E-16,-1.,0.));
#1751=DIRECTION('',(3.86233241864039E-16,1.,0.));
#1752=DIRECTION('',(0.,0.,1.));
#1753=DIRECTION('center_axis',(-3.05134443100294E-16,1.,0.));
#1754=DIRECTION('ref_axis',(-1.,-3.05134443100294E-16,0.));
#1755=DIRECTION('',(1.,3.05134443100294E-16,0.));
#1756=DIRECTION('',(-1.,-3.05134443100294E-16,0.));
#1757=DIRECTION('',(0.,0.,1.));
#1758=DIRECTION('center_axis',(-1.,3.86233241864039E-16,0.));
#1759=DIRECTION('ref_axis',(-3.86233241864039E-16,-1.,0.));
#1760=DIRECTION('',(3.86233241864039E-16,1.,0.));
#1761=DIRECTION('',(-3.86233241864039E-16,-1.,0.));
#1762=DIRECTION('',(0.,0.,1.));
#1763=DIRECTION('center_axis',(0.,1.,0.));
#1764=DIRECTION('ref_axis',(-1.,0.,0.));
#1765=DIRECTION('',(1.,0.,0.));
#1766=DIRECTION('',(-1.,0.,0.));
#1767=DIRECTION('',(0.,0.,1.));
#1768=DIRECTION('center_axis',(1.,-4.7580987579949E-16,0.));
#1769=DIRECTION('ref_axis',(4.7580987579949E-16,1.,0.));
#1770=DIRECTION('',(-4.7580987579949E-16,-1.,0.));
#1771=DIRECTION('',(4.7580987579949E-16,1.,0.));
#1772=DIRECTION('',(0.,0.,1.));
#1773=DIRECTION('center_axis',(2.99629429381272E-16,-1.,0.));
#1774=DIRECTION('ref_axis',(1.,2.99629429381272E-16,0.));
#1775=DIRECTION('',(-1.,-2.99629429381272E-16,0.));
#1776=DIRECTION('',(1.,2.99629429381272E-16,0.));
#1777=DIRECTION('',(0.,0.,1.));
#1778=DIRECTION('center_axis',(-1.,3.36486907701555E-16,0.));
#1779=DIRECTION('ref_axis',(-3.36486907701555E-16,-1.,0.));
#1780=DIRECTION('',(3.36486907701555E-16,1.,0.));
#1781=DIRECTION('',(-3.36486907701555E-16,-1.,0.));
#1782=DIRECTION('',(0.,0.,1.));
#1783=DIRECTION('center_axis',(3.05134443100294E-16,-1.,0.));
#1784=DIRECTION('ref_axis',(1.,3.05134443100294E-16,0.));
#1785=DIRECTION('',(-1.,-3.05134443100294E-16,0.));
#1786=DIRECTION('',(1.,3.05134443100294E-16,0.));
#1787=DIRECTION('',(0.,0.,1.));
#1788=DIRECTION('center_axis',(1.,-5.04730361552332E-16,0.));
#1789=DIRECTION('ref_axis',(5.04730361552332E-16,1.,0.));
#1790=DIRECTION('',(-5.04730361552332E-16,-1.,0.));
#1791=DIRECTION('',(5.04730361552332E-16,1.,0.));
#1792=DIRECTION('',(0.,0.,1.));
#1793=DIRECTION('center_axis',(2.99629429381272E-16,-1.,0.));
#1794=DIRECTION('ref_axis',(1.,2.99629429381272E-16,0.));
#1795=DIRECTION('',(-1.,-2.99629429381272E-16,0.));
#1796=DIRECTION('',(1.,2.99629429381272E-16,0.));
#1797=DIRECTION('center_axis',(0.,0.,1.));
#1798=DIRECTION('ref_axis',(1.,0.,0.));
#1799=DIRECTION('center_axis',(0.,0.,1.));
#1800=DIRECTION('ref_axis',(-1.,0.,0.));
#1801=DIRECTION('center_axis',(-1.,6.34413167732653E-16,0.));
#1802=DIRECTION('ref_axis',(-6.34413167732653E-16,-1.,0.));
#1803=DIRECTION('',(6.34413167732653E-16,1.,0.));
#1804=DIRECTION('',(0.,0.,1.));
#1805=DIRECTION('',(-6.34413167732653E-16,-1.,0.));
#1806=DIRECTION('',(0.,0.,1.));
#1807=DIRECTION('center_axis',(0.,1.,0.));
#1808=DIRECTION('ref_axis',(-1.,0.,0.));
#1809=DIRECTION('',(1.,0.,0.));
#1810=DIRECTION('',(-1.,0.,0.));
#1811=DIRECTION('',(0.,0.,1.));
#1812=DIRECTION('center_axis',(0.948408810442022,0.317050040649656,0.));
#1813=DIRECTION('ref_axis',(-0.317050040649656,0.948408810442022,0.));
#1814=DIRECTION('',(0.317050040649656,-0.948408810442022,0.));
#1815=DIRECTION('',(-0.317050040649656,0.948408810442022,0.));
#1816=DIRECTION('',(0.,0.,1.));
#1817=DIRECTION('',(0.,0.,1.));
#1818=DIRECTION('',(0.,0.,1.));
#1819=DIRECTION('center_axis',(-0.945579643757012,0.325390745585,0.));
#1820=DIRECTION('ref_axis',(-0.325390745585,-0.945579643757012,0.));
#1821=DIRECTION('',(0.325390745585,0.945579643757012,0.));
#1822=DIRECTION('',(-0.325390745585,-0.945579643757012,0.));
#1823=DIRECTION('',(0.,0.,1.));
#1824=DIRECTION('center_axis',(0.,1.,0.));
#1825=DIRECTION('ref_axis',(-1.,0.,0.));
#1826=DIRECTION('',(1.,0.,0.));
#1827=DIRECTION('',(-1.,0.,0.));
#1828=DIRECTION('',(0.,0.,1.));
#1829=DIRECTION('center_axis',(1.,-6.34413167732653E-16,0.));
#1830=DIRECTION('ref_axis',(6.34413167732653E-16,1.,0.));
#1831=DIRECTION('',(-6.34413167732653E-16,-1.,0.));
#1832=DIRECTION('',(6.34413167732653E-16,1.,0.));
#1833=DIRECTION('',(0.,0.,1.));
#1834=DIRECTION('center_axis',(3.10845786649902E-16,-1.,0.));
#1835=DIRECTION('ref_axis',(1.,3.10845786649902E-16,0.));
#1836=DIRECTION('',(-1.,-3.10845786649902E-16,0.));
#1837=DIRECTION('',(1.,3.10845786649902E-16,0.));
#1838=DIRECTION('',(0.,0.,1.));
#1839=DIRECTION('center_axis',(-1.,3.78993368129021E-16,0.));
#1840=DIRECTION('ref_axis',(-3.78993368129021E-16,-1.,0.));
#1841=DIRECTION('',(3.78993368129021E-16,1.,0.));
#1842=DIRECTION('',(-3.78993368129021E-16,-1.,0.));
#1843=DIRECTION('',(0.,0.,1.));
#1844=DIRECTION('center_axis',(0.944683607937548,-0.327983049705465,0.));
#1845=DIRECTION('ref_axis',(0.327983049705465,0.944683607937548,0.));
#1846=DIRECTION('',(-0.327983049705465,-0.944683607937548,0.));
#1847=DIRECTION('',(0.327983049705465,0.944683607937548,0.));
#1848=DIRECTION('',(0.,0.,1.));
#1849=DIRECTION('center_axis',(3.32160619686015E-16,-1.,0.));
#1850=DIRECTION('ref_axis',(1.,3.32160619686015E-16,0.));
#1851=DIRECTION('',(-1.,-3.32160619686015E-16,0.));
#1852=DIRECTION('',(1.,3.32160619686015E-16,0.));
#1853=DIRECTION('',(0.,0.,1.));
#1854=DIRECTION('center_axis',(-0.946846719326397,-0.321685079077097,0.));
#1855=DIRECTION('ref_axis',(0.321685079077097,-0.946846719326397,0.));
#1856=DIRECTION('',(-0.321685079077097,0.946846719326397,0.));
#1857=DIRECTION('',(0.321685079077097,-0.946846719326397,0.));
#1858=DIRECTION('',(0.,0.,1.));
#1859=DIRECTION('center_axis',(1.,-3.72616072960835E-16,0.));
#1860=DIRECTION('ref_axis',(3.72616072960835E-16,1.,0.));
#1861=DIRECTION('',(-3.72616072960835E-16,-1.,0.));
#1862=DIRECTION('',(3.72616072960835E-16,1.,0.));
#1863=DIRECTION('',(0.,0.,1.));
#1864=DIRECTION('center_axis',(3.10845371648798E-16,-1.,0.));
#1865=DIRECTION('ref_axis',(1.,3.10845371648798E-16,0.));
#1866=DIRECTION('',(-1.,-3.10845371648798E-16,0.));
#1867=DIRECTION('',(1.,3.10845371648798E-16,0.));
#1868=DIRECTION('center_axis',(0.,0.,1.));
#1869=DIRECTION('ref_axis',(-1.,0.,0.));
#1870=DIRECTION('center_axis',(0.,0.,1.));
#1871=DIRECTION('ref_axis',(-1.,0.,0.));
#1872=DIRECTION('center_axis',(0.244887074386984,0.969551608114897,0.));
#1873=DIRECTION('ref_axis',(-0.969551608114897,0.244887074386984,0.));
#1874=DIRECTION('',(0.969551608114897,-0.244887074386984,0.));
#1875=DIRECTION('',(0.,0.,1.));
#1876=DIRECTION('',(-0.969551608114897,0.244887074386984,0.));
#1877=DIRECTION('',(0.,0.,1.));
#1878=DIRECTION('',(0.,0.,1.));
#1879=DIRECTION('',(0.,0.,1.));
#1880=DIRECTION('',(0.,0.,1.));
#1881=DIRECTION('',(0.,0.,1.));
#1882=DIRECTION('',(0.,0.,1.));
#1883=DIRECTION('',(0.,0.,1.));
#1884=DIRECTION('',(0.,0.,1.));
#1885=DIRECTION('',(0.,0.,1.));
#1886=DIRECTION('',(0.,0.,1.));
#1887=DIRECTION('',(0.,0.,1.));
#1888=DIRECTION('center_axis',(0.229322837379837,-0.973350418018126,0.));
#1889=DIRECTION('ref_axis',(0.973350418018126,0.229322837379837,0.));
#1890=DIRECTION('',(-0.973350418018126,-0.229322837379837,0.));
#1891=DIRECTION('',(0.973350418018126,0.229322837379837,0.));
#1892=DIRECTION('',(0.,0.,1.));
#1893=DIRECTION('',(0.,0.,1.));
#1894=DIRECTION('',(0.,0.,1.));
#1895=DIRECTION('',(0.,0.,1.));
#1896=DIRECTION('',(0.,0.,1.));
#1897=DIRECTION('',(0.,0.,1.));
#1898=DIRECTION('',(0.,0.,1.));
#1899=DIRECTION('',(0.,0.,1.));
#1900=DIRECTION('',(0.,0.,1.));
#1901=DIRECTION('',(0.,0.,1.));
#1902=DIRECTION('center_axis',(0.,0.,1.));
#1903=DIRECTION('ref_axis',(-1.,0.,0.));
#1904=DIRECTION('center_axis',(0.,0.,1.));
#1905=DIRECTION('ref_axis',(-1.,0.,0.));
#1906=DIRECTION('center_axis',(-1.,4.7580987579949E-16,0.));
#1907=DIRECTION('ref_axis',(-4.7580987579949E-16,-1.,0.));
#1908=DIRECTION('',(4.7580987579949E-16,1.,0.));
#1909=DIRECTION('',(0.,0.,1.));
#1910=DIRECTION('',(-4.7580987579949E-16,-1.,0.));
#1911=DIRECTION('',(0.,0.,1.));
#1912=DIRECTION('center_axis',(0.,1.,0.));
#1913=DIRECTION('ref_axis',(-1.,0.,0.));
#1914=DIRECTION('',(1.,0.,0.));
#1915=DIRECTION('',(-1.,0.,0.));
#1916=DIRECTION('',(0.,0.,1.));
#1917=DIRECTION('center_axis',(1.,-4.7580987579949E-16,0.));
#1918=DIRECTION('ref_axis',(4.7580987579949E-16,1.,0.));
#1919=DIRECTION('',(-4.7580987579949E-16,-1.,0.));
#1920=DIRECTION('',(4.7580987579949E-16,1.,0.));
#1921=DIRECTION('',(0.,0.,1.));
#1922=DIRECTION('center_axis',(2.99629429381272E-16,-1.,0.));
#1923=DIRECTION('ref_axis',(1.,2.99629429381272E-16,0.));
#1924=DIRECTION('',(-1.,-2.99629429381272E-16,0.));
#1925=DIRECTION('',(1.,2.99629429381272E-16,0.));
#1926=DIRECTION('center_axis',(0.,0.,1.));
#1927=DIRECTION('ref_axis',(1.,0.,0.));
#1928=DIRECTION('center_axis',(0.,0.,1.));
#1929=DIRECTION('ref_axis',(-1.,0.,0.));
#1930=CARTESIAN_POINT('',(0.,0.,0.));
#1931=CARTESIAN_POINT('Origin',(25.,5.25,1.5));
#1932=CARTESIAN_POINT('',(26.,10.,1.5));
#1933=CARTESIAN_POINT('',(25.,10.,2.5));
#1934=CARTESIAN_POINT('Origin',(25.,10.,1.5));
#1935=CARTESIAN_POINT('',(25.,0.,2.5));
#1936=CARTESIAN_POINT('',(25.,5.25,2.5));
#1937=CARTESIAN_POINT('',(26.,0.,1.5));
#1938=CARTESIAN_POINT('Origin',(25.,0.,1.5));
#1939=CARTESIAN_POINT('',(26.,5.25,1.5));
#1940=CARTESIAN_POINT('Origin',(25.,0.,0.));
#1941=CARTESIAN_POINT('',(25.000000372529,0.,1.5));
#1942=CARTESIAN_POINT('',(25.,0.,0.));
#1943=CARTESIAN_POINT('',(25.,0.,0.));
#1944=CARTESIAN_POINT('',(25.,0.,0.));
#1945=CARTESIAN_POINT('',(26.,0.,0.));
#1946=CARTESIAN_POINT('',(25.,0.,0.));
#1947=CARTESIAN_POINT('',(26.,0.,0.));
#1948=CARTESIAN_POINT('Origin',(12.5,10.5,2.5));
#1949=CARTESIAN_POINT('',(0.,10.,2.5));
#1950=CARTESIAN_POINT('',(18.75,10.,2.5));
#1951=CARTESIAN_POINT('',(0.,0.,2.5));
#1952=CARTESIAN_POINT('',(-1.11022302462516E-15,10.25,2.5));
#1953=CARTESIAN_POINT('',(6.25,0.,2.5));
#1954=CARTESIAN_POINT('Origin',(18.75,10.,1.5));
#1955=CARTESIAN_POINT('',(0.,11.,1.5));
#1956=CARTESIAN_POINT('Origin',(0.,10.,1.5));
#1957=CARTESIAN_POINT('',(25.,11.,1.5));
#1958=CARTESIAN_POINT('Origin',(25.,10.,1.5));
#1959=CARTESIAN_POINT('',(18.75,11.,1.5));
#1960=CARTESIAN_POINT('Origin',(25.,10.,0.));
#1961=CARTESIAN_POINT('',(25.000000372529,10.,1.5));
#1962=CARTESIAN_POINT('',(25.,10.,0.));
#1963=CARTESIAN_POINT('',(25.,10.,0.));
#1964=CARTESIAN_POINT('',(25.,10.,0.));
#1965=CARTESIAN_POINT('',(25.,11.,0.));
#1966=CARTESIAN_POINT('',(25.,11.,0.));
#1967=CARTESIAN_POINT('',(25.,11.,0.));
#1968=CARTESIAN_POINT('Origin',(-1.11022302462516E-15,10.25,1.5));
#1969=CARTESIAN_POINT('',(-1.,0.,1.5));
#1970=CARTESIAN_POINT('Origin',(-3.98986399474666E-16,0.,1.5));
#1971=CARTESIAN_POINT('',(-1.,10.,1.5));
#1972=CARTESIAN_POINT('Origin',(-1.09287578986539E-15,10.,1.5));
#1973=CARTESIAN_POINT('',(-1.,10.25,1.5));
#1974=CARTESIAN_POINT('Origin',(0.,10.,0.));
#1975=CARTESIAN_POINT('',(0.,10.,1.5));
#1976=CARTESIAN_POINT('',(0.,10.,0.));
#1977=CARTESIAN_POINT('',(0.,10.,0.));
#1978=CARTESIAN_POINT('',(0.,10.,0.));
#1979=CARTESIAN_POINT('',(-1.,10.,0.));
#1980=CARTESIAN_POINT('',(0.,10.,0.));
#1981=CARTESIAN_POINT('',(-1.,10.,0.));
#1982=CARTESIAN_POINT('Origin',(6.25,0.,1.5));
#1983=CARTESIAN_POINT('',(25.,-1.,1.5));
#1984=CARTESIAN_POINT('Origin',(25.,0.,1.5));
#1985=CARTESIAN_POINT('',(0.,-1.,1.5));
#1986=CARTESIAN_POINT('Origin',(0.,0.,1.5));
#1987=CARTESIAN_POINT('',(6.25,-1.,1.5));
#1988=CARTESIAN_POINT('Origin',(0.,0.,0.));
#1989=CARTESIAN_POINT('',(0.,0.,1.5));
#1990=CARTESIAN_POINT('',(0.,0.,0.));
#1991=CARTESIAN_POINT('',(0.,0.,0.));
#1992=CARTESIAN_POINT('',(0.,0.,0.));
#1993=CARTESIAN_POINT('',(0.,-1.,0.));
#1994=CARTESIAN_POINT('',(0.,-1.,0.));
#1995=CARTESIAN_POINT('',(0.,-1.,0.));
#1996=CARTESIAN_POINT('Origin',(12.5000001862645,5.,1.5));
#1997=CARTESIAN_POINT('',(18.7500000931323,0.,1.5));
#1998=CARTESIAN_POINT('',(0.,2.5,1.5));
#1999=CARTESIAN_POINT('',(6.25000009313226,10.,1.5));
#2000=CARTESIAN_POINT('',(25.,7.5,1.5));
#2001=CARTESIAN_POINT('Origin',(0.,10.,0.));
#2002=CARTESIAN_POINT('',(0.,10.,0.));
#2003=CARTESIAN_POINT('',(25.,10.,0.));
#2004=CARTESIAN_POINT('Origin',(0.,0.,0.));
#2005=CARTESIAN_POINT('',(0.,0.,0.));
#2006=CARTESIAN_POINT('',(0.,10.,0.));
#2007=CARTESIAN_POINT('Origin',(-1.,0.,0.));
#2008=CARTESIAN_POINT('',(-1.,0.,0.));
#2009=CARTESIAN_POINT('',(-1.,0.,0.));
#2010=CARTESIAN_POINT('',(0.,0.,0.));
#2011=CARTESIAN_POINT('Origin',(-1.,10.,0.));
#2012=CARTESIAN_POINT('',(-1.,11.,0.));
#2013=CARTESIAN_POINT('Origin',(-0.5,5.,0.));
#2014=CARTESIAN_POINT('Origin',(0.,11.,0.));
#2015=CARTESIAN_POINT('',(0.,11.,0.));
#2016=CARTESIAN_POINT('',(0.,11.,0.));
#2017=CARTESIAN_POINT('',(0.,11.,0.));
#2018=CARTESIAN_POINT('Origin',(25.,11.,0.));
#2019=CARTESIAN_POINT('',(26.,11.,0.));
#2020=CARTESIAN_POINT('Origin',(12.5,10.5,0.));
#2021=CARTESIAN_POINT('Origin',(25.,0.,0.));
#2022=CARTESIAN_POINT('',(25.,0.,0.));
#2023=CARTESIAN_POINT('',(0.,0.,0.));
#2024=CARTESIAN_POINT('Origin',(25.,-1.,0.));
#2025=CARTESIAN_POINT('',(25.,-1.,0.));
#2026=CARTESIAN_POINT('',(25.,-1.,0.));
#2027=CARTESIAN_POINT('',(25.,-1.,0.));
#2028=CARTESIAN_POINT('Origin',(0.,-1.,0.));
#2029=CARTESIAN_POINT('',(-1.,-1.,0.));
#2030=CARTESIAN_POINT('Origin',(12.5,-0.5,0.));
#2031=CARTESIAN_POINT('Origin',(26.,10.,0.));
#2032=CARTESIAN_POINT('',(26.,10.,0.));
#2033=CARTESIAN_POINT('',(26.,10.,0.));
#2034=CARTESIAN_POINT('',(25.,10.,0.));
#2035=CARTESIAN_POINT('',(25.,10.,0.));
#2036=CARTESIAN_POINT('Origin',(26.,0.,0.));
#2037=CARTESIAN_POINT('',(26.,-1.,0.));
#2038=CARTESIAN_POINT('Origin',(25.,10.,0.));
#2039=CARTESIAN_POINT('',(25.,0.,0.));
#2040=CARTESIAN_POINT('Origin',(25.5,5.,0.));
#2041=CARTESIAN_POINT('Origin',(3.21715880241828,8.49371827038228,2.5));
#2042=CARTESIAN_POINT('',(3.21715880241828,1.49371838959158,2.5));
#2043=CARTESIAN_POINT('',(3.21715880241828,8.49371827038228,2.5));
#2044=CARTESIAN_POINT('',(3.21715880241828,1.49371838959158,2.5));
#2045=CARTESIAN_POINT('',(3.21715880241828,1.49371838959158,2.6));
#2046=CARTESIAN_POINT('',(3.21715880241828,1.49371838959158,2.5));
#2047=CARTESIAN_POINT('',(3.21715880241828,8.49371827038228,2.6));
#2048=CARTESIAN_POINT('',(3.21715880241828,1.49371838959158,2.6));
#2049=CARTESIAN_POINT('',(3.21715880241828,8.49371827038228,2.5));
#2050=CARTESIAN_POINT('Origin',(4.14348889198737,8.49371827038228,2.5));
#2051=CARTESIAN_POINT('',(4.14348889198737,8.49371827038228,2.5));
#2052=CARTESIAN_POINT('',(3.21715880241828,8.49371827038228,2.5));
#2053=CARTESIAN_POINT('',(4.14348889198737,8.49371827038228,2.6));
#2054=CARTESIAN_POINT('',(3.21715880241828,8.49371827038228,2.6));
#2055=CARTESIAN_POINT('',(4.14348889198737,8.49371827038228,2.5));
#2056=CARTESIAN_POINT('Origin',(4.14348889198737,5.6192297378391,2.5));
#2057=CARTESIAN_POINT('',(4.14348889198737,5.6192297378391,2.5));
#2058=CARTESIAN_POINT('',(4.14348889198737,8.49371827038228,2.5));
#2059=CARTESIAN_POINT('',(4.14348889198737,5.6192297378391,2.6));
#2060=CARTESIAN_POINT('',(4.14348889198737,8.49371827038228,2.6));
#2061=CARTESIAN_POINT('',(4.14348889198737,5.6192297378391,2.5));
#2062=CARTESIAN_POINT('Origin',(7.78196055498557,5.61922973783911,2.5));
#2063=CARTESIAN_POINT('',(7.78196055498557,5.61922973783911,2.5));
#2064=CARTESIAN_POINT('',(4.14348889198737,5.6192297378391,2.5));
#2065=CARTESIAN_POINT('',(7.78196055498557,5.61922973783911,2.6));
#2066=CARTESIAN_POINT('',(4.14348889198737,5.6192297378391,2.6));
#2067=CARTESIAN_POINT('',(7.78196055498557,5.61922973783911,2.5));
#2068=CARTESIAN_POINT('Origin',(7.78196055498557,8.49371827038229,2.5));
#2069=CARTESIAN_POINT('',(7.78196055498557,8.49371827038229,2.5));
#2070=CARTESIAN_POINT('',(7.78196055498557,5.6192297378391,2.5));
#2071=CARTESIAN_POINT('',(7.78196055498557,8.49371827038229,2.6));
#2072=CARTESIAN_POINT('',(7.78196055498557,5.6192297378391,2.6));
#2073=CARTESIAN_POINT('',(7.78196055498557,8.49371827038229,2.5));
#2074=CARTESIAN_POINT('Origin',(8.70829064455466,8.49371827038229,2.5));
#2075=CARTESIAN_POINT('',(8.70829064455466,8.49371827038229,2.5));
#2076=CARTESIAN_POINT('',(7.78196055498557,8.49371827038229,2.5));
#2077=CARTESIAN_POINT('',(8.70829064455466,8.49371827038229,2.6));
#2078=CARTESIAN_POINT('',(7.78196055498557,8.49371827038229,2.6));
#2079=CARTESIAN_POINT('',(8.70829064455466,8.49371827038229,2.5));
#2080=CARTESIAN_POINT('Origin',(8.70829064455466,1.49371838959158,2.5));
#2081=CARTESIAN_POINT('',(8.70829064455466,1.49371838959158,2.5));
#2082=CARTESIAN_POINT('',(8.70829064455466,8.49371827038229,2.5));
#2083=CARTESIAN_POINT('',(8.70829064455466,1.49371838959158,2.6));
#2084=CARTESIAN_POINT('',(8.70829064455466,8.49371827038229,2.6));
#2085=CARTESIAN_POINT('',(8.70829064455466,1.49371838959158,2.5));
#2086=CARTESIAN_POINT('Origin',(7.78196055498557,1.49371838959158,2.5));
#2087=CARTESIAN_POINT('',(7.78196055498557,1.49371838959158,2.5));
#2088=CARTESIAN_POINT('',(8.70829064455466,1.49371838959158,2.5));
#2089=CARTESIAN_POINT('',(7.78196055498557,1.49371838959158,2.6));
#2090=CARTESIAN_POINT('',(8.70829064455466,1.49371838959158,2.6));
#2091=CARTESIAN_POINT('',(7.78196055498557,1.49371838959158,2.5));
#2092=CARTESIAN_POINT('Origin',(7.78196055498557,4.79317224415243,2.5));
#2093=CARTESIAN_POINT('',(7.78196055498557,4.79317224415243,2.5));
#2094=CARTESIAN_POINT('',(7.78196055498557,1.49371838959158,2.5));
#2095=CARTESIAN_POINT('',(7.78196055498557,4.79317224415243,2.6));
#2096=CARTESIAN_POINT('',(7.78196055498557,1.49371838959158,2.6));
#2097=CARTESIAN_POINT('',(7.78196055498557,4.79317224415243,2.5));
#2098=CARTESIAN_POINT('Origin',(4.14348889198737,4.79317224415243,2.5));
#2099=CARTESIAN_POINT('',(4.14348889198737,4.79317224415243,2.5));
#2100=CARTESIAN_POINT('',(7.78196055498557,4.79317224415243,2.5));
#2101=CARTESIAN_POINT('',(4.14348889198737,4.79317224415243,2.6));
#2102=CARTESIAN_POINT('',(7.78196055498557,4.79317224415243,2.6));
#2103=CARTESIAN_POINT('',(4.14348889198737,4.79317224415243,2.5));
#2104=CARTESIAN_POINT('Origin',(4.14348889198737,1.49371838959158,2.5));
#2105=CARTESIAN_POINT('',(4.14348889198737,1.49371838959158,2.5));
#2106=CARTESIAN_POINT('',(4.14348889198737,4.79317224415243,2.5));
#2107=CARTESIAN_POINT('',(4.14348889198737,1.49371838959158,2.6));
#2108=CARTESIAN_POINT('',(4.14348889198737,4.79317224415243,2.6));
#2109=CARTESIAN_POINT('',(4.14348889198737,1.49371838959158,2.5));
#2110=CARTESIAN_POINT('Origin',(3.21715880241828,1.49371838959158,2.5));
#2111=CARTESIAN_POINT('',(4.14348889198737,1.49371838959158,2.5));
#2112=CARTESIAN_POINT('',(4.14348889198737,1.49371838959158,2.6));
#2113=CARTESIAN_POINT('Origin',(12.4732976784988,4.99371803196371,2.6));
#2114=CARTESIAN_POINT('Origin',(12.4732976784988,4.99371803196371,2.5));
#2115=CARTESIAN_POINT('Origin',(10.2219339093252,8.49371827038229,2.5));
#2116=CARTESIAN_POINT('',(10.2219339093252,1.49371838959158,2.5));
#2117=CARTESIAN_POINT('',(10.2219339093252,8.49371827038229,2.5));
#2118=CARTESIAN_POINT('',(10.2219339093252,1.49371838959158,2.5));
#2119=CARTESIAN_POINT('',(10.2219339093252,1.49371838959158,2.6));
#2120=CARTESIAN_POINT('',(10.2219339093252,1.49371838959158,2.5));
#2121=CARTESIAN_POINT('',(10.2219339093252,8.49371827038229,2.6));
#2122=CARTESIAN_POINT('',(10.2219339093252,1.49371838959158,2.6));
#2123=CARTESIAN_POINT('',(10.2219339093252,8.49371827038229,2.5));
#2124=CARTESIAN_POINT('Origin',(11.6162033757253,8.49371827038229,2.5));
#2125=CARTESIAN_POINT('',(11.6162033757253,8.49371827038229,2.5));
#2126=CARTESIAN_POINT('',(10.2219339093252,8.49371827038229,2.5));
#2127=CARTESIAN_POINT('',(11.6162033757253,8.49371827038229,2.6));
#2128=CARTESIAN_POINT('',(10.2219339093252,8.49371827038229,2.6));
#2129=CARTESIAN_POINT('',(11.6162033757253,8.49371827038229,2.5));
#2130=CARTESIAN_POINT('Origin',(13.2730932911916,3.53737450035513,2.5));
#2131=CARTESIAN_POINT('',(13.2730932911916,3.53737450035513,2.5));
#2132=CARTESIAN_POINT('',(11.6162033757253,8.49371827038229,2.5));
#2133=CARTESIAN_POINT('',(13.2730932911916,3.53737450035513,2.6));
#2134=CARTESIAN_POINT('',(11.6162033757253,8.49371827038229,2.6));
#2135=CARTESIAN_POINT('',(13.2730932911916,3.53737450035513,2.5));
#2136=CARTESIAN_POINT('Ctrl Pts',(13.6073358735128,2.50122166069448,2.5));
#2137=CARTESIAN_POINT('Ctrl Pts',(13.6073358735128,2.50122166069448,2.6));
#2138=CARTESIAN_POINT('Ctrl Pts',(13.5622879563302,2.64496752110744,2.5));
#2139=CARTESIAN_POINT('Ctrl Pts',(13.5622879563302,2.64496752110744,2.6));
#2140=CARTESIAN_POINT('Ctrl Pts',(13.4537586656669,2.99127956486186,2.5));
#2141=CARTESIAN_POINT('Ctrl Pts',(13.4537586656669,2.99127956486186,2.6));
#2142=CARTESIAN_POINT('Ctrl Pts',(13.3397687276779,3.33583550433726,2.5));
#2143=CARTESIAN_POINT('Ctrl Pts',(13.3397687276779,3.33583550433726,2.6));
#2144=CARTESIAN_POINT('Ctrl Pts',(13.2730932911916,3.53737450035513,2.5));
#2145=CARTESIAN_POINT('Ctrl Pts',(13.2730932911916,3.53737450035513,2.6));
#2146=CARTESIAN_POINT('',(13.6073358735128,2.50122166069448,2.5));
#2147=CARTESIAN_POINT('Ctrl Pts',(13.2730932911916,3.53737450035513,2.5));
#2148=CARTESIAN_POINT('Ctrl Pts',(13.3397687276779,3.33583550433726,2.5));
#2149=CARTESIAN_POINT('Ctrl Pts',(13.4537586656669,2.99127956486186,2.5));
#2150=CARTESIAN_POINT('Ctrl Pts',(13.5622879563302,2.64496752110744,2.5));
#2151=CARTESIAN_POINT('Ctrl Pts',(13.6073358735128,2.50122166069448,2.5));
#2152=CARTESIAN_POINT('',(13.6073358735128,2.50122166069448,2.6));
#2153=CARTESIAN_POINT('Ctrl Pts',(13.6073358735128,2.50122166069448,2.6));
#2154=CARTESIAN_POINT('Ctrl Pts',(13.5622879563302,2.64496752110744,2.6));
#2155=CARTESIAN_POINT('Ctrl Pts',(13.4537586656669,2.99127956486186,2.6));
#2156=CARTESIAN_POINT('Ctrl Pts',(13.3397687276779,3.33583550433726,2.6));
#2157=CARTESIAN_POINT('Ctrl Pts',(13.2730932911916,3.53737450035513,2.6));
#2158=CARTESIAN_POINT('',(13.6073358735128,2.50122166069448,2.5));
#2159=CARTESIAN_POINT('Ctrl Pts',(13.9797778805776,3.6233226099819,2.5));
#2160=CARTESIAN_POINT('Ctrl Pts',(13.9797778805776,3.6233226099819,2.6));
#2161=CARTESIAN_POINT('Ctrl Pts',(13.9057912099632,3.40671786158175,2.5));
#2162=CARTESIAN_POINT('Ctrl Pts',(13.9057912099632,3.40671786158175,2.6));
#2163=CARTESIAN_POINT('Ctrl Pts',(13.7783976531259,3.03375812305868,2.5));
#2164=CARTESIAN_POINT('Ctrl Pts',(13.7783976531259,3.03375812305868,2.6));
#2165=CARTESIAN_POINT('Ctrl Pts',(13.6578660428323,2.6585283230767,2.5));
#2166=CARTESIAN_POINT('Ctrl Pts',(13.6578660428323,2.6585283230767,2.6));
#2167=CARTESIAN_POINT('Ctrl Pts',(13.6073358735128,2.50122166069448,2.5));
#2168=CARTESIAN_POINT('Ctrl Pts',(13.6073358735128,2.50122166069448,2.6));
#2169=CARTESIAN_POINT('',(13.9797778805776,3.6233226099819,2.5));
#2170=CARTESIAN_POINT('Ctrl Pts',(13.6073358735128,2.50122166069448,2.5));
#2171=CARTESIAN_POINT('Ctrl Pts',(13.6578660428323,2.6585283230767,2.5));
#2172=CARTESIAN_POINT('Ctrl Pts',(13.7783976531259,3.03375812305868,2.5));
#2173=CARTESIAN_POINT('Ctrl Pts',(13.9057912099632,3.40671786158175,2.5));
#2174=CARTESIAN_POINT('Ctrl Pts',(13.9797778805776,3.6233226099819,2.5));
#2175=CARTESIAN_POINT('',(13.9797778805776,3.6233226099819,2.6));
#2176=CARTESIAN_POINT('Ctrl Pts',(13.9797778805776,3.6233226099819,2.6));
#2177=CARTESIAN_POINT('Ctrl Pts',(13.9057912099632,3.40671786158175,2.6));
#2178=CARTESIAN_POINT('Ctrl Pts',(13.7783976531259,3.03375812305868,2.6));
#2179=CARTESIAN_POINT('Ctrl Pts',(13.6578660428323,2.6585283230767,2.6));
#2180=CARTESIAN_POINT('Ctrl Pts',(13.6073358735128,2.50122166069448,2.6));
#2181=CARTESIAN_POINT('',(13.9797778805776,3.6233226099819,2.5));
#2182=CARTESIAN_POINT('Origin',(15.6557675084157,8.49371827038229,2.5));
#2183=CARTESIAN_POINT('',(15.6557675084157,8.49371827038229,2.5));
#2184=CARTESIAN_POINT('',(13.9797778805776,3.6233226099819,2.5));
#2185=CARTESIAN_POINT('',(15.6557675084157,8.49371827038229,2.6));
#2186=CARTESIAN_POINT('',(13.9797778805776,3.6233226099819,2.6));
#2187=CARTESIAN_POINT('',(15.6557675084157,8.49371827038229,2.5));
#2188=CARTESIAN_POINT('Origin',(16.9020147999807,8.49371827038229,2.5));
#2189=CARTESIAN_POINT('',(16.9020147999807,8.49371827038229,2.5));
#2190=CARTESIAN_POINT('',(15.6557675084157,8.49371827038229,2.5));
#2191=CARTESIAN_POINT('',(16.9020147999807,8.49371827038229,2.6));
#2192=CARTESIAN_POINT('',(15.6557675084157,8.49371827038229,2.6));
#2193=CARTESIAN_POINT('',(16.9020147999807,8.49371827038229,2.5));
#2194=CARTESIAN_POINT('Origin',(16.9020147999807,1.49371838959158,2.5));
#2195=CARTESIAN_POINT('',(16.9020147999807,1.49371838959158,2.5));
#2196=CARTESIAN_POINT('',(16.9020147999807,8.49371827038229,2.5));
#2197=CARTESIAN_POINT('',(16.9020147999807,1.49371838959158,2.6));
#2198=CARTESIAN_POINT('',(16.9020147999807,8.49371827038229,2.6));
#2199=CARTESIAN_POINT('',(16.9020147999807,1.49371838959158,2.5));
#2200=CARTESIAN_POINT('Origin',(16.0091098031087,1.49371838959158,2.5));
#2201=CARTESIAN_POINT('',(16.0091098031087,1.49371838959158,2.5));
#2202=CARTESIAN_POINT('',(16.9020147999807,1.49371838959158,2.5));
#2203=CARTESIAN_POINT('',(16.0091098031087,1.49371838959158,2.6));
#2204=CARTESIAN_POINT('',(16.9020147999807,1.49371838959158,2.6));
#2205=CARTESIAN_POINT('',(16.0091098031087,1.49371838959158,2.5));
#2206=CARTESIAN_POINT('Origin',(16.0091098031087,7.35251760872305,2.5));
#2207=CARTESIAN_POINT('',(16.0091098031087,7.35251760872305,2.5));
#2208=CARTESIAN_POINT('',(16.0091098031087,1.49371838959158,2.5));
#2209=CARTESIAN_POINT('',(16.0091098031087,7.35251760872305,2.6));
#2210=CARTESIAN_POINT('',(16.0091098031087,1.49371838959158,2.6));
#2211=CARTESIAN_POINT('',(16.0091098031087,7.35251760872305,2.5));
#2212=CARTESIAN_POINT('Origin',(13.9750035485311,1.49371838959158,2.5));
#2213=CARTESIAN_POINT('',(13.9750035485311,1.49371838959158,2.5));
#2214=CARTESIAN_POINT('',(16.0091098031087,7.35251760872305,2.5));
#2215=CARTESIAN_POINT('',(13.9750035485311,1.49371838959158,2.6));
#2216=CARTESIAN_POINT('',(16.0091098031087,7.35251760872305,2.6));
#2217=CARTESIAN_POINT('',(13.9750035485311,1.49371838959158,2.5));
#2218=CARTESIAN_POINT('Origin',(13.1393964966817,1.49371838959158,2.5));
#2219=CARTESIAN_POINT('',(13.1393964966817,1.49371838959158,2.5));
#2220=CARTESIAN_POINT('',(13.9750035485311,1.49371838959158,2.5));
#2221=CARTESIAN_POINT('',(13.1393964966817,1.49371838959158,2.6));
#2222=CARTESIAN_POINT('',(13.9750035485311,1.49371838959158,2.6));
#2223=CARTESIAN_POINT('',(13.1393964966817,1.49371838959158,2.5));
#2224=CARTESIAN_POINT('Origin',(11.11484009829,7.45279050262869,2.5));
#2225=CARTESIAN_POINT('',(11.11484009829,7.45279050262869,2.5));
#2226=CARTESIAN_POINT('',(13.1393964966817,1.49371838959158,2.5));
#2227=CARTESIAN_POINT('',(11.11484009829,7.45279050262869,2.6));
#2228=CARTESIAN_POINT('',(13.1393964966817,1.49371838959158,2.6));
#2229=CARTESIAN_POINT('',(11.11484009829,7.45279050262869,2.5));
#2230=CARTESIAN_POINT('Origin',(11.11484009829,1.49371838959158,2.5));
#2231=CARTESIAN_POINT('',(11.11484009829,1.49371838959158,2.5));
#2232=CARTESIAN_POINT('',(11.11484009829,7.45279050262869,2.5));
#2233=CARTESIAN_POINT('',(11.11484009829,1.49371838959158,2.6));
#2234=CARTESIAN_POINT('',(11.11484009829,7.45279050262869,2.6));
#2235=CARTESIAN_POINT('',(11.11484009829,1.49371838959158,2.5));
#2236=CARTESIAN_POINT('Origin',(10.2219339093252,1.49371838959158,2.5));
#2237=CARTESIAN_POINT('',(11.11484009829,1.49371838959158,2.5));
#2238=CARTESIAN_POINT('',(11.11484009829,1.49371838959158,2.6));
#2239=CARTESIAN_POINT('Origin',(12.4732976784988,4.99371803196371,2.6));
#2240=CARTESIAN_POINT('Origin',(12.4732976784988,4.99371803196371,2.5));
#2241=CARTESIAN_POINT('Origin',(24.3174310406728,3.71404564770163,2.5));
#2242=CARTESIAN_POINT('',(23.3911009511037,3.9480159321636,2.5));
#2243=CARTESIAN_POINT('',(24.3174310406728,3.71404564770163,2.5));
#2244=CARTESIAN_POINT('',(23.3911009511037,3.9480159321636,2.5));
#2245=CARTESIAN_POINT('',(23.3911009511037,3.9480159321636,2.6));
#2246=CARTESIAN_POINT('',(23.3911009511037,3.9480159321636,2.5));
#2247=CARTESIAN_POINT('',(24.3174310406728,3.71404564770163,2.6));
#2248=CARTESIAN_POINT('',(23.3911009511037,3.9480159321636,2.6));
#2249=CARTESIAN_POINT('',(24.3174310406728,3.71404564770163,2.5));
#2250=CARTESIAN_POINT('Ctrl Pts',(23.2693405827566,1.97359538467825,2.5));
#2251=CARTESIAN_POINT('Ctrl Pts',(23.2693405827566,1.97359538467825,2.6));
#2252=CARTESIAN_POINT('Ctrl Pts',(23.5044494370704,2.20521540928882,2.5));
#2253=CARTESIAN_POINT('Ctrl Pts',(23.5044494370704,2.20521540928882,2.6));
#2254=CARTESIAN_POINT('Ctrl Pts',(24.0013256477332,2.69471836943061,2.5));
#2255=CARTESIAN_POINT('Ctrl Pts',(24.0013256477332,2.69471836943061,2.6));
#2256=CARTESIAN_POINT('Ctrl Pts',(24.2083599608726,3.36233027240562,2.5));
#2257=CARTESIAN_POINT('Ctrl Pts',(24.2083599608726,3.36233027240562,2.6));
#2258=CARTESIAN_POINT('Ctrl Pts',(24.3174310406728,3.71404564770163,2.5));
#2259=CARTESIAN_POINT('Ctrl Pts',(24.3174310406728,3.71404564770163,2.6));
#2260=CARTESIAN_POINT('',(23.2693405827566,1.97359538467825,2.5));
#2261=CARTESIAN_POINT('Ctrl Pts',(24.3174310406728,3.71404564770163,2.5));
#2262=CARTESIAN_POINT('Ctrl Pts',(24.2083599608726,3.36233027240562,2.5));
#2263=CARTESIAN_POINT('Ctrl Pts',(24.0013256477332,2.69471836943061,2.5));
#2264=CARTESIAN_POINT('Ctrl Pts',(23.5044494370704,2.20521540928882,2.5));
#2265=CARTESIAN_POINT('Ctrl Pts',(23.2693405827566,1.97359538467825,2.5));
#2266=CARTESIAN_POINT('',(23.2693405827566,1.97359538467825,2.6));
#2267=CARTESIAN_POINT('Ctrl Pts',(23.2693405827566,1.97359538467825,2.6));
#2268=CARTESIAN_POINT('Ctrl Pts',(23.5044494370704,2.20521540928882,2.6));
#2269=CARTESIAN_POINT('Ctrl Pts',(24.0013256477332,2.69471836943061,2.6));
#2270=CARTESIAN_POINT('Ctrl Pts',(24.2083599608726,3.36233027240562,2.6));
#2271=CARTESIAN_POINT('Ctrl Pts',(24.3174310406728,3.71404564770163,2.6));
#2272=CARTESIAN_POINT('',(23.2693405827566,1.97359538467825,2.5));
#2273=CARTESIAN_POINT('Ctrl Pts',(21.4190669735952,1.37434578331411,2.5));
#2274=CARTESIAN_POINT('Ctrl Pts',(21.4190669735952,1.37434578331411,2.6));
#2275=CARTESIAN_POINT('Ctrl Pts',(21.7649230584853,1.39575641571056,2.5));
#2276=CARTESIAN_POINT('Ctrl Pts',(21.7649230584853,1.39575641571056,2.6));
#2277=CARTESIAN_POINT('Ctrl Pts',(22.4339884870475,1.43717570704577,2.5));
#2278=CARTESIAN_POINT('Ctrl Pts',(22.4339884870475,1.43717570704577,2.6));
#2279=CARTESIAN_POINT('Ctrl Pts',(22.9972449796594,1.79886973731549,2.5));
#2280=CARTESIAN_POINT('Ctrl Pts',(22.9972449796594,1.79886973731549,2.6));
#2281=CARTESIAN_POINT('Ctrl Pts',(23.2693405827566,1.97359538467825,2.5));
#2282=CARTESIAN_POINT('Ctrl Pts',(23.2693405827566,1.97359538467825,2.6));
#2283=CARTESIAN_POINT('',(21.4190669735952,1.37434578331411,2.5));
#2284=CARTESIAN_POINT('Ctrl Pts',(23.2693405827566,1.97359538467825,2.5));
#2285=CARTESIAN_POINT('Ctrl Pts',(22.9972449796594,1.79886973731549,2.5));
#2286=CARTESIAN_POINT('Ctrl Pts',(22.4339884870475,1.43717570704577,2.5));
#2287=CARTESIAN_POINT('Ctrl Pts',(21.7649230584853,1.39575641571056,2.5));
#2288=CARTESIAN_POINT('Ctrl Pts',(21.4190669735952,1.37434578331411,2.5));
#2289=CARTESIAN_POINT('',(21.4190669735952,1.37434578331411,2.6));
#2290=CARTESIAN_POINT('Ctrl Pts',(21.4190669735952,1.37434578331411,2.6));
#2291=CARTESIAN_POINT('Ctrl Pts',(21.7649230584853,1.39575641571056,2.6));
#2292=CARTESIAN_POINT('Ctrl Pts',(22.4339884870475,1.43717570704577,2.6));
#2293=CARTESIAN_POINT('Ctrl Pts',(22.9972449796594,1.79886973731549,2.6));
#2294=CARTESIAN_POINT('Ctrl Pts',(23.2693405827566,1.97359538467825,2.6));
#2295=CARTESIAN_POINT('',(21.4190669735952,1.37434578331411,2.5));
#2296=CARTESIAN_POINT('Ctrl Pts',(19.5783444127126,1.83512366207541,2.5));
#2297=CARTESIAN_POINT('Ctrl Pts',(19.5783444127126,1.83512366207541,2.6));
#2298=CARTESIAN_POINT('Ctrl Pts',(19.8449367264202,1.700940956533,2.5));
#2299=CARTESIAN_POINT('Ctrl Pts',(19.8449367264202,1.700940956533,2.6));
#2300=CARTESIAN_POINT('Ctrl Pts',(20.4225456577274,1.41021566115452,2.5));
#2301=CARTESIAN_POINT('Ctrl Pts',(20.4225456577274,1.41021566115452,2.6));
#2302=CARTESIAN_POINT('Ctrl Pts',(21.0702871197992,1.38690014672777,2.5));
#2303=CARTESIAN_POINT('Ctrl Pts',(21.0702871197992,1.38690014672777,2.6));
#2304=CARTESIAN_POINT('Ctrl Pts',(21.4190669735952,1.37434578331411,2.5));
#2305=CARTESIAN_POINT('Ctrl Pts',(21.4190669735952,1.37434578331411,2.6));
#2306=CARTESIAN_POINT('',(19.5783444127126,1.83512366207541,2.5));
#2307=CARTESIAN_POINT('Ctrl Pts',(21.4190669735952,1.37434578331411,2.5));
#2308=CARTESIAN_POINT('Ctrl Pts',(21.0702871197992,1.38690014672777,2.5));
#2309=CARTESIAN_POINT('Ctrl Pts',(20.4225456577274,1.41021566115452,2.5));
#2310=CARTESIAN_POINT('Ctrl Pts',(19.8449367264202,1.700940956533,2.5));
#2311=CARTESIAN_POINT('Ctrl Pts',(19.5783444127126,1.83512366207541,2.5));
#2312=CARTESIAN_POINT('',(19.5783444127126,1.83512366207541,2.6));
#2313=CARTESIAN_POINT('Ctrl Pts',(19.5783444127126,1.83512366207541,2.6));
#2314=CARTESIAN_POINT('Ctrl Pts',(19.8449367264202,1.700940956533,2.6));
#2315=CARTESIAN_POINT('Ctrl Pts',(20.4225456577274,1.41021566115452,2.6));
#2316=CARTESIAN_POINT('Ctrl Pts',(21.0702871197992,1.38690014672777,2.6));
#2317=CARTESIAN_POINT('Ctrl Pts',(21.4190669735952,1.37434578331411,2.6));
#2318=CARTESIAN_POINT('',(19.5783444127126,1.83512366207541,2.5));
#2319=CARTESIAN_POINT('Ctrl Pts',(18.4992178162618,3.16970742138327,2.5));
#2320=CARTESIAN_POINT('Ctrl Pts',(18.4992178162618,3.16970742138327,2.6));
#2321=CARTESIAN_POINT('Ctrl Pts',(18.6328581708208,2.89819321853791,2.5));
#2322=CARTESIAN_POINT('Ctrl Pts',(18.6328581708208,2.89819321853791,2.6));
#2323=CARTESIAN_POINT('Ctrl Pts',(18.8921647006331,2.37136577957348,2.5));
#2324=CARTESIAN_POINT('Ctrl Pts',(18.8921647006331,2.37136577957348,2.6));
#2325=CARTESIAN_POINT('Ctrl Pts',(19.3543555978724,2.01016852896864,2.5));
#2326=CARTESIAN_POINT('Ctrl Pts',(19.3543555978724,2.01016852896864,2.6));
#2327=CARTESIAN_POINT('Ctrl Pts',(19.5783444127126,1.83512366207541,2.5));
#2328=CARTESIAN_POINT('Ctrl Pts',(19.5783444127126,1.83512366207541,2.6));
#2329=CARTESIAN_POINT('',(18.4992178162618,3.16970742138327,2.5));
#2330=CARTESIAN_POINT('Ctrl Pts',(19.5783444127126,1.83512366207541,2.5));
#2331=CARTESIAN_POINT('Ctrl Pts',(19.3543555978724,2.01016852896864,2.5));
#2332=CARTESIAN_POINT('Ctrl Pts',(18.8921647006331,2.37136577957348,2.5));
#2333=CARTESIAN_POINT('Ctrl Pts',(18.6328581708208,2.89819321853791,2.5));
#2334=CARTESIAN_POINT('Ctrl Pts',(18.4992178162618,3.16970742138327,2.5));
#2335=CARTESIAN_POINT('',(18.4992178162618,3.16970742138327,2.6));
#2336=CARTESIAN_POINT('Ctrl Pts',(18.4992178162618,3.16970742138327,2.6));
#2337=CARTESIAN_POINT('Ctrl Pts',(18.6328581708208,2.89819321853791,2.6));
#2338=CARTESIAN_POINT('Ctrl Pts',(18.8921647006331,2.37136577957348,2.6));
#2339=CARTESIAN_POINT('Ctrl Pts',(19.3543555978724,2.01016852896864,2.6));
#2340=CARTESIAN_POINT('Ctrl Pts',(19.5783444127126,1.83512366207541,2.6));
#2341=CARTESIAN_POINT('',(18.4992178162618,3.16970742138327,2.5));
#2342=CARTESIAN_POINT('Ctrl Pts',(18.1291635712667,5.04624224098623,2.5));
#2343=CARTESIAN_POINT('Ctrl Pts',(18.1291635712667,5.04624224098623,2.6));
#2344=CARTESIAN_POINT('Ctrl Pts',(18.1436876090844,4.71950147317321,2.5));
#2345=CARTESIAN_POINT('Ctrl Pts',(18.1436876090844,4.71950147317321,2.6));
#2346=CARTESIAN_POINT('Ctrl Pts',(18.1723289023173,4.07517113889755,2.5));
#2347=CARTESIAN_POINT('Ctrl Pts',(18.1723289023173,4.07517113889755,2.6));
#2348=CARTESIAN_POINT('Ctrl Pts',(18.3912914614984,3.46865729160873,2.5));
#2349=CARTESIAN_POINT('Ctrl Pts',(18.3912914614984,3.46865729160873,2.6));
#2350=CARTESIAN_POINT('Ctrl Pts',(18.4992178162618,3.16970742138327,2.5));
#2351=CARTESIAN_POINT('Ctrl Pts',(18.4992178162618,3.16970742138327,2.6));
#2352=CARTESIAN_POINT('',(18.1291635712667,5.04624224098623,2.5));
#2353=CARTESIAN_POINT('Ctrl Pts',(18.4992178162618,3.16970742138327,2.5));
#2354=CARTESIAN_POINT('Ctrl Pts',(18.3912914614984,3.46865729160873,2.5));
#2355=CARTESIAN_POINT('Ctrl Pts',(18.1723289023173,4.07517113889755,2.5));
#2356=CARTESIAN_POINT('Ctrl Pts',(18.1436876090844,4.71950147317321,2.5));
#2357=CARTESIAN_POINT('Ctrl Pts',(18.1291635712667,5.04624224098623,2.5));
#2358=CARTESIAN_POINT('',(18.1291635712667,5.04624224098623,2.6));
#2359=CARTESIAN_POINT('Ctrl Pts',(18.1291635712667,5.04624224098623,2.6));
#2360=CARTESIAN_POINT('Ctrl Pts',(18.1436876090844,4.71950147317321,2.6));
#2361=CARTESIAN_POINT('Ctrl Pts',(18.1723289023173,4.07517113889755,2.6));
#2362=CARTESIAN_POINT('Ctrl Pts',(18.3912914614984,3.46865729160873,2.6));
#2363=CARTESIAN_POINT('Ctrl Pts',(18.4992178162618,3.16970742138327,2.6));
#2364=CARTESIAN_POINT('',(18.1291635712667,5.04624224098623,2.5));
#2365=CARTESIAN_POINT('Ctrl Pts',(18.5469670971914,6.95381379517019,2.5));
#2366=CARTESIAN_POINT('Ctrl Pts',(18.5469670971914,6.95381379517019,2.6));
#2367=CARTESIAN_POINT('Ctrl Pts',(18.4251792476037,6.66306117850146,2.5));
#2368=CARTESIAN_POINT('Ctrl Pts',(18.4251792476037,6.66306117850146,2.6));
#2369=CARTESIAN_POINT('Ctrl Pts',(18.1697755147011,6.05331805634469,2.5));
#2370=CARTESIAN_POINT('Ctrl Pts',(18.1697755147011,6.05331805634469,2.6));
#2371=CARTESIAN_POINT('Ctrl Pts',(18.1431124840436,5.39214079988802,2.5));
#2372=CARTESIAN_POINT('Ctrl Pts',(18.1431124840436,5.39214079988802,2.6));
#2373=CARTESIAN_POINT('Ctrl Pts',(18.1291635712667,5.04624224098623,2.5));
#2374=CARTESIAN_POINT('Ctrl Pts',(18.1291635712667,5.04624224098623,2.6));
#2375=CARTESIAN_POINT('',(18.5469670971914,6.95381379517019,2.5));
#2376=CARTESIAN_POINT('Ctrl Pts',(18.1291635712667,5.04624224098623,2.5));
#2377=CARTESIAN_POINT('Ctrl Pts',(18.1431124840436,5.39214079988802,2.5));
#2378=CARTESIAN_POINT('Ctrl Pts',(18.1697755147011,6.05331805634469,2.5));
#2379=CARTESIAN_POINT('Ctrl Pts',(18.4251792476037,6.66306117850146,2.5));
#2380=CARTESIAN_POINT('Ctrl Pts',(18.5469670971914,6.95381379517019,2.5));
#2381=CARTESIAN_POINT('',(18.5469670971914,6.95381379517019,2.6));
#2382=CARTESIAN_POINT('Ctrl Pts',(18.5469670971914,6.95381379517019,2.6));
#2383=CARTESIAN_POINT('Ctrl Pts',(18.4251792476037,6.66306117850146,2.6));
#2384=CARTESIAN_POINT('Ctrl Pts',(18.1697755147011,6.05331805634469,2.6));
#2385=CARTESIAN_POINT('Ctrl Pts',(18.1431124840436,5.39214079988802,2.6));
#2386=CARTESIAN_POINT('Ctrl Pts',(18.1291635712667,5.04624224098623,2.6));
#2387=CARTESIAN_POINT('',(18.5469670971914,6.95381379517019,2.5));
#2388=CARTESIAN_POINT('Ctrl Pts',(19.7359176358266,8.19051182659567,2.5));
#2389=CARTESIAN_POINT('Ctrl Pts',(19.7359176358266,8.19051182659567,2.6));
#2390=CARTESIAN_POINT('Ctrl Pts',(19.4928688872596,8.03192106745228,2.5));
#2391=CARTESIAN_POINT('Ctrl Pts',(19.4928688872596,8.03192106745228,2.6));
#2392=CARTESIAN_POINT('Ctrl Pts',(19.0015430317017,7.71132801408703,2.5));
#2393=CARTESIAN_POINT('Ctrl Pts',(19.0015430317017,7.71132801408703,2.6));
#2394=CARTESIAN_POINT('Ctrl Pts',(18.6995635626503,7.20810352668911,2.5));
#2395=CARTESIAN_POINT('Ctrl Pts',(18.6995635626503,7.20810352668911,2.6));
#2396=CARTESIAN_POINT('Ctrl Pts',(18.5469670971914,6.95381379517019,2.5));
#2397=CARTESIAN_POINT('Ctrl Pts',(18.5469670971914,6.95381379517019,2.6));
#2398=CARTESIAN_POINT('',(19.7359176358266,8.19051182659567,2.5));
#2399=CARTESIAN_POINT('Ctrl Pts',(18.5469670971914,6.95381379517019,2.5));
#2400=CARTESIAN_POINT('Ctrl Pts',(18.6995635626503,7.20810352668911,2.5));
#2401=CARTESIAN_POINT('Ctrl Pts',(19.0015430317017,7.71132801408703,2.5));
#2402=CARTESIAN_POINT('Ctrl Pts',(19.4928688872596,8.03192106745228,2.5));
#2403=CARTESIAN_POINT('Ctrl Pts',(19.7359176358266,8.19051182659567,2.5));
#2404=CARTESIAN_POINT('',(19.7359176358266,8.19051182659567,2.6));
#2405=CARTESIAN_POINT('Ctrl Pts',(19.7359176358266,8.19051182659567,2.6));
#2406=CARTESIAN_POINT('Ctrl Pts',(19.4928688872596,8.03192106745228,2.6));
#2407=CARTESIAN_POINT('Ctrl Pts',(19.0015430317017,7.71132801408703,2.6));
#2408=CARTESIAN_POINT('Ctrl Pts',(18.6995635626503,7.20810352668911,2.6));
#2409=CARTESIAN_POINT('Ctrl Pts',(18.5469670971914,6.95381379517019,2.6));
#2410=CARTESIAN_POINT('',(19.7359176358266,8.19051182659567,2.5));
#2411=CARTESIAN_POINT('Ctrl Pts',(21.4333935460134,8.61309028061331,2.5));
#2412=CARTESIAN_POINT('Ctrl Pts',(21.4333935460134,8.61309028061331,2.6));
#2413=CARTESIAN_POINT('Ctrl Pts',(21.1328867748736,8.59646355179726,2.5));
#2414=CARTESIAN_POINT('Ctrl Pts',(21.1328867748736,8.59646355179726,2.6));
#2415=CARTESIAN_POINT('Ctrl Pts',(20.5399616855201,8.56365761989922,2.5));
#2416=CARTESIAN_POINT('Ctrl Pts',(20.5399616855201,8.56365761989922,2.6));
#2417=CARTESIAN_POINT('Ctrl Pts',(20.0014837503665,8.31375741061844,2.5));
#2418=CARTESIAN_POINT('Ctrl Pts',(20.0014837503665,8.31375741061844,2.6));
#2419=CARTESIAN_POINT('Ctrl Pts',(19.7359176358266,8.19051182659567,2.5));
#2420=CARTESIAN_POINT('Ctrl Pts',(19.7359176358266,8.19051182659567,2.6));
#2421=CARTESIAN_POINT('',(21.4333935460134,8.61309028061331,2.5));
#2422=CARTESIAN_POINT('Ctrl Pts',(19.7359176358266,8.19051182659567,2.5));
#2423=CARTESIAN_POINT('Ctrl Pts',(20.0014837503665,8.31375741061844,2.5));
#2424=CARTESIAN_POINT('Ctrl Pts',(20.5399616855201,8.56365761989922,2.5));
#2425=CARTESIAN_POINT('Ctrl Pts',(21.1328867748736,8.59646355179726,2.5));
#2426=CARTESIAN_POINT('Ctrl Pts',(21.4333935460134,8.61309028061331,2.5));
#2427=CARTESIAN_POINT('',(21.4333935460134,8.61309028061331,2.6));
#2428=CARTESIAN_POINT('Ctrl Pts',(21.4333935460134,8.61309028061331,2.6));
#2429=CARTESIAN_POINT('Ctrl Pts',(21.1328867748736,8.59646355179726,2.6));
#2430=CARTESIAN_POINT('Ctrl Pts',(20.5399616855201,8.56365761989922,2.6));
#2431=CARTESIAN_POINT('Ctrl Pts',(20.0014837503665,8.31375741061844,2.6));
#2432=CARTESIAN_POINT('Ctrl Pts',(19.7359176358266,8.19051182659567,2.6));
#2433=CARTESIAN_POINT('',(21.4333935460134,8.61309028061331,2.5));
#2434=CARTESIAN_POINT('Ctrl Pts',(23.2001062115713,8.07830191048086,2.5));
#2435=CARTESIAN_POINT('Ctrl Pts',(23.2001062115713,8.07830191048086,2.6));
#2436=CARTESIAN_POINT('Ctrl Pts',(22.9404033105868,8.23420102958644,2.5));
#2437=CARTESIAN_POINT('Ctrl Pts',(22.9404033105868,8.23420102958644,2.6));
#2438=CARTESIAN_POINT('Ctrl Pts',(22.3973745403337,8.56018008723477,2.5));
#2439=CARTESIAN_POINT('Ctrl Pts',(22.3973745403337,8.56018008723477,2.6));
#2440=CARTESIAN_POINT('Ctrl Pts',(21.7639063066513,8.59494936893304,2.5));
#2441=CARTESIAN_POINT('Ctrl Pts',(21.7639063066513,8.59494936893304,2.6));
#2442=CARTESIAN_POINT('Ctrl Pts',(21.4333935460134,8.61309028061331,2.5));
#2443=CARTESIAN_POINT('Ctrl Pts',(21.4333935460134,8.61309028061331,2.6));
#2444=CARTESIAN_POINT('',(23.2001062115713,8.07830191048086,2.5));
#2445=CARTESIAN_POINT('Ctrl Pts',(21.4333935460134,8.61309028061331,2.5));
#2446=CARTESIAN_POINT('Ctrl Pts',(21.7639063066513,8.59494936893304,2.5));
#2447=CARTESIAN_POINT('Ctrl Pts',(22.3973745403337,8.56018008723477,2.5));
#2448=CARTESIAN_POINT('Ctrl Pts',(22.9404033105868,8.23420102958644,2.5));
#2449=CARTESIAN_POINT('Ctrl Pts',(23.2001062115713,8.07830191048086,2.5));
#2450=CARTESIAN_POINT('',(23.2001062115713,8.07830191048086,2.6));
#2451=CARTESIAN_POINT('Ctrl Pts',(23.2001062115713,8.07830191048086,2.6));
#2452=CARTESIAN_POINT('Ctrl Pts',(22.9404033105868,8.23420102958644,2.6));
#2453=CARTESIAN_POINT('Ctrl Pts',(22.3973745403337,8.56018008723477,2.6));
#2454=CARTESIAN_POINT('Ctrl Pts',(21.7639063066513,8.59494936893304,2.6));
#2455=CARTESIAN_POINT('Ctrl Pts',(21.4333935460134,8.61309028061331,2.6));
#2456=CARTESIAN_POINT('',(23.2001062115713,8.07830191048086,2.5));
#2457=CARTESIAN_POINT('Ctrl Pts',(24.1980596264883,6.57420909794272,2.5));
#2458=CARTESIAN_POINT('Ctrl Pts',(24.1980596264883,6.57420909794272,2.6));
#2459=CARTESIAN_POINT('Ctrl Pts',(24.090193572733,6.87604009375873,2.5));
#2460=CARTESIAN_POINT('Ctrl Pts',(24.090193572733,6.87604009375873,2.6));
#2461=CARTESIAN_POINT('Ctrl Pts',(23.8813198626482,7.46051090473104,2.5));
#2462=CARTESIAN_POINT('Ctrl Pts',(23.8813198626482,7.46051090473104,2.6));
#2463=CARTESIAN_POINT('Ctrl Pts',(23.4221518129289,7.8769292938749,2.5));
#2464=CARTESIAN_POINT('Ctrl Pts',(23.4221518129289,7.8769292938749,2.6));
#2465=CARTESIAN_POINT('Ctrl Pts',(23.2001062115713,8.07830191048086,2.5));
#2466=CARTESIAN_POINT('Ctrl Pts',(23.2001062115713,8.07830191048086,2.6));
#2467=CARTESIAN_POINT('',(24.1980596264883,6.57420909794272,2.5));
#2468=CARTESIAN_POINT('Ctrl Pts',(23.2001062115713,8.07830191048086,2.5));
#2469=CARTESIAN_POINT('Ctrl Pts',(23.4221518129289,7.8769292938749,2.5));
#2470=CARTESIAN_POINT('Ctrl Pts',(23.8813198626482,7.46051090473104,2.5));
#2471=CARTESIAN_POINT('Ctrl Pts',(24.090193572733,6.87604009375873,2.5));
#2472=CARTESIAN_POINT('Ctrl Pts',(24.1980596264883,6.57420909794272,2.5));
#2473=CARTESIAN_POINT('',(24.1980596264883,6.57420909794272,2.6));
#2474=CARTESIAN_POINT('Ctrl Pts',(24.1980596264883,6.57420909794272,2.6));
#2475=CARTESIAN_POINT('Ctrl Pts',(24.090193572733,6.87604009375873,2.6));
#2476=CARTESIAN_POINT('Ctrl Pts',(23.8813198626482,7.46051090473104,2.6));
#2477=CARTESIAN_POINT('Ctrl Pts',(23.4221518129289,7.8769292938749,2.6));
#2478=CARTESIAN_POINT('Ctrl Pts',(23.2001062115713,8.07830191048086,2.6));
#2479=CARTESIAN_POINT('',(24.1980596264883,6.57420909794272,2.5));
#2480=CARTESIAN_POINT('Origin',(23.2860537251516,6.35933912189901,2.5));
#2481=CARTESIAN_POINT('',(23.2860537251516,6.35933912189901,2.5));
#2482=CARTESIAN_POINT('',(24.1980596264883,6.57420909794272,2.5));
#2483=CARTESIAN_POINT('',(23.2860537251516,6.35933912189901,2.6));
#2484=CARTESIAN_POINT('',(24.1980596264883,6.57420909794272,2.6));
#2485=CARTESIAN_POINT('',(23.2860537251516,6.35933912189901,2.5));
#2486=CARTESIAN_POINT('Ctrl Pts',(22.5793691357656,7.47189021500052,2.5));
#2487=CARTESIAN_POINT('Ctrl Pts',(22.5793691357656,7.47189021500052,2.6));
#2488=CARTESIAN_POINT('Ctrl Pts',(22.7274252724727,7.32891525818569,2.5));
#2489=CARTESIAN_POINT('Ctrl Pts',(22.7274252724727,7.32891525818569,2.6));
#2490=CARTESIAN_POINT('Ctrl Pts',(23.0514928058515,7.01596948896309,2.5));
#2491=CARTESIAN_POINT('Ctrl Pts',(23.0514928058515,7.01596948896309,2.6));
#2492=CARTESIAN_POINT('Ctrl Pts',(23.2034959677063,6.59045149448456,2.5));
#2493=CARTESIAN_POINT('Ctrl Pts',(23.2034959677063,6.59045149448456,2.6));
#2494=CARTESIAN_POINT('Ctrl Pts',(23.2860537251516,6.35933912189901,2.5));
#2495=CARTESIAN_POINT('Ctrl Pts',(23.2860537251516,6.35933912189901,2.6));
#2496=CARTESIAN_POINT('',(22.5793691357656,7.47189021500052,2.5));
#2497=CARTESIAN_POINT('Ctrl Pts',(23.2860537251516,6.35933912189901,2.5));
#2498=CARTESIAN_POINT('Ctrl Pts',(23.2034959677063,6.59045149448456,2.5));
#2499=CARTESIAN_POINT('Ctrl Pts',(23.0514928058515,7.01596948896309,2.5));
#2500=CARTESIAN_POINT('Ctrl Pts',(22.7274252724727,7.32891525818569,2.5));
#2501=CARTESIAN_POINT('Ctrl Pts',(22.5793691357656,7.47189021500052,2.5));
#2502=CARTESIAN_POINT('',(22.5793691357656,7.47189021500052,2.6));
#2503=CARTESIAN_POINT('Ctrl Pts',(22.5793691357656,7.47189021500052,2.6));
#2504=CARTESIAN_POINT('Ctrl Pts',(22.7274252724727,7.32891525818569,2.6));
#2505=CARTESIAN_POINT('Ctrl Pts',(23.0514928058515,7.01596948896309,2.6));
#2506=CARTESIAN_POINT('Ctrl Pts',(23.2034959677063,6.59045149448456,2.6));
#2507=CARTESIAN_POINT('Ctrl Pts',(23.2860537251516,6.35933912189901,2.6));
#2508=CARTESIAN_POINT('',(22.5793691357656,7.47189021500052,2.5));
#2509=CARTESIAN_POINT('Ctrl Pts',(21.4142938336416,7.82045758160055,2.5));
#2510=CARTESIAN_POINT('Ctrl Pts',(21.4142938336416,7.82045758160055,2.6));
#2511=CARTESIAN_POINT('Ctrl Pts',(21.6338483671992,7.80917269196666,2.5));
#2512=CARTESIAN_POINT('Ctrl Pts',(21.6338483671992,7.80917269196666,2.6));
#2513=CARTESIAN_POINT('Ctrl Pts',(22.0514316562726,7.78770931676874,2.5));
#2514=CARTESIAN_POINT('Ctrl Pts',(22.0514316562726,7.78770931676874,2.6));
#2515=CARTESIAN_POINT('Ctrl Pts',(22.4095433453624,7.5734822228908,2.5));
#2516=CARTESIAN_POINT('Ctrl Pts',(22.4095433453624,7.5734822228908,2.6));
#2517=CARTESIAN_POINT('Ctrl Pts',(22.5793691357656,7.47189021500052,2.5));
#2518=CARTESIAN_POINT('Ctrl Pts',(22.5793691357656,7.47189021500052,2.6));
#2519=CARTESIAN_POINT('',(21.4142938336416,7.82045758160055,2.5));
#2520=CARTESIAN_POINT('Ctrl Pts',(22.5793691357656,7.47189021500052,2.5));
#2521=CARTESIAN_POINT('Ctrl Pts',(22.4095433453624,7.5734822228908,2.5));
#2522=CARTESIAN_POINT('Ctrl Pts',(22.0514316562726,7.78770931676874,2.5));
#2523=CARTESIAN_POINT('Ctrl Pts',(21.6338483671992,7.80917269196666,2.5));
#2524=CARTESIAN_POINT('Ctrl Pts',(21.4142938336416,7.82045758160055,2.5));
#2525=CARTESIAN_POINT('',(21.4142938336416,7.82045758160055,2.6));
#2526=CARTESIAN_POINT('Ctrl Pts',(21.4142938336416,7.82045758160055,2.6));
#2527=CARTESIAN_POINT('Ctrl Pts',(21.6338483671992,7.80917269196666,2.6));
#2528=CARTESIAN_POINT('Ctrl Pts',(22.0514316562726,7.78770931676874,2.6));
#2529=CARTESIAN_POINT('Ctrl Pts',(22.4095433453624,7.5734822228908,2.6));
#2530=CARTESIAN_POINT('Ctrl Pts',(22.5793691357656,7.47189021500052,2.6));
#2531=CARTESIAN_POINT('',(21.4142938336416,7.82045758160055,2.5));
#2532=CARTESIAN_POINT('Ctrl Pts',(20.0653835019155,7.43369079025686,2.5));
#2533=CARTESIAN_POINT('Ctrl Pts',(20.0653835019155,7.43369079025686,2.6));
#2534=CARTESIAN_POINT('Ctrl Pts',(20.2633782920982,7.54641643953504,2.5));
#2535=CARTESIAN_POINT('Ctrl Pts',(20.2633782920982,7.54641643953504,2.6));
#2536=CARTESIAN_POINT('Ctrl Pts',(20.6808632961933,7.7841058661462,2.5));
#2537=CARTESIAN_POINT('Ctrl Pts',(20.6808632961933,7.7841058661462,2.6));
#2538=CARTESIAN_POINT('Ctrl Pts',(21.1615668499169,7.80793143368209,2.5));
#2539=CARTESIAN_POINT('Ctrl Pts',(21.1615668499169,7.80793143368209,2.6));
#2540=CARTESIAN_POINT('Ctrl Pts',(21.4142938336416,7.82045758160055,2.5));
#2541=CARTESIAN_POINT('Ctrl Pts',(21.4142938336416,7.82045758160055,2.6));
#2542=CARTESIAN_POINT('',(20.0653835019155,7.43369079025686,2.5));
#2543=CARTESIAN_POINT('Ctrl Pts',(21.4142938336416,7.82045758160055,2.5));
#2544=CARTESIAN_POINT('Ctrl Pts',(21.1615668499169,7.80793143368209,2.5));
#2545=CARTESIAN_POINT('Ctrl Pts',(20.6808632961933,7.7841058661462,2.5));
#2546=CARTESIAN_POINT('Ctrl Pts',(20.2633782920982,7.54641643953504,2.5));
#2547=CARTESIAN_POINT('Ctrl Pts',(20.0653835019155,7.43369079025686,2.5));
#2548=CARTESIAN_POINT('',(20.0653835019155,7.43369079025686,2.6));
#2549=CARTESIAN_POINT('Ctrl Pts',(20.0653835019155,7.43369079025686,2.6));
#2550=CARTESIAN_POINT('Ctrl Pts',(20.2633782920982,7.54641643953504,2.6));
#2551=CARTESIAN_POINT('Ctrl Pts',(20.6808632961933,7.7841058661462,2.6));
#2552=CARTESIAN_POINT('Ctrl Pts',(21.1615668499169,7.80793143368209,2.6));
#2553=CARTESIAN_POINT('Ctrl Pts',(21.4142938336416,7.82045758160055,2.6));
#2554=CARTESIAN_POINT('',(20.0653835019155,7.43369079025686,2.5));
#2555=CARTESIAN_POINT('Ctrl Pts',(19.3037887295766,6.39515108259619,2.5));
#2556=CARTESIAN_POINT('Ctrl Pts',(19.3037887295766,6.39515108259619,2.6));
#2557=CARTESIAN_POINT('Ctrl Pts',(19.3896318181377,6.60079172971053,2.5));
#2558=CARTESIAN_POINT('Ctrl Pts',(19.3896318181377,6.60079172971053,2.6));
#2559=CARTESIAN_POINT('Ctrl Pts',(19.5598302574197,7.00850908679155,2.5));
#2560=CARTESIAN_POINT('Ctrl Pts',(19.5598302574197,7.00850908679155,2.6));
#2561=CARTESIAN_POINT('Ctrl Pts',(19.8978506545474,7.29279187959629,2.5));
#2562=CARTESIAN_POINT('Ctrl Pts',(19.8978506545474,7.29279187959629,2.6));
#2563=CARTESIAN_POINT('Ctrl Pts',(20.0653835019155,7.43369079025686,2.5));
#2564=CARTESIAN_POINT('Ctrl Pts',(20.0653835019155,7.43369079025686,2.6));
#2565=CARTESIAN_POINT('',(19.3037887295766,6.39515108259619,2.5));
#2566=CARTESIAN_POINT('Ctrl Pts',(20.0653835019155,7.43369079025686,2.5));
#2567=CARTESIAN_POINT('Ctrl Pts',(19.8978506545474,7.29279187959629,2.5));
#2568=CARTESIAN_POINT('Ctrl Pts',(19.5598302574197,7.00850908679155,2.5));
#2569=CARTESIAN_POINT('Ctrl Pts',(19.3896318181377,6.60079172971053,2.5));
#2570=CARTESIAN_POINT('Ctrl Pts',(19.3037887295766,6.39515108259619,2.5));
#2571=CARTESIAN_POINT('',(19.3037887295766,6.39515108259619,2.6));
#2572=CARTESIAN_POINT('Ctrl Pts',(19.3037887295766,6.39515108259619,2.6));
#2573=CARTESIAN_POINT('Ctrl Pts',(19.3896318181377,6.60079172971053,2.6));
#2574=CARTESIAN_POINT('Ctrl Pts',(19.5598302574197,7.00850908679155,2.6));
#2575=CARTESIAN_POINT('Ctrl Pts',(19.8978506545474,7.29279187959629,2.6));
#2576=CARTESIAN_POINT('Ctrl Pts',(20.0653835019155,7.43369079025686,2.6));
#2577=CARTESIAN_POINT('',(19.3037887295766,6.39515108259619,2.5));
#2578=CARTESIAN_POINT('Ctrl Pts',(19.0841432293935,5.05101716907919,2.5));
#2579=CARTESIAN_POINT('Ctrl Pts',(19.0841432293935,5.05101716907919,2.6));
#2580=CARTESIAN_POINT('Ctrl Pts',(19.0932331227036,5.2799286612579,2.5));
#2581=CARTESIAN_POINT('Ctrl Pts',(19.0932331227036,5.2799286612579,2.6));
#2582=CARTESIAN_POINT('Ctrl Pts',(19.1113822478498,5.73697949532427,2.5));
#2583=CARTESIAN_POINT('Ctrl Pts',(19.1113822478498,5.73697949532427,2.6));
#2584=CARTESIAN_POINT('Ctrl Pts',(19.2397255108433,6.17600778772874,2.5));
#2585=CARTESIAN_POINT('Ctrl Pts',(19.2397255108433,6.17600778772874,2.6));
#2586=CARTESIAN_POINT('Ctrl Pts',(19.3037887295766,6.39515108259619,2.5));
#2587=CARTESIAN_POINT('Ctrl Pts',(19.3037887295766,6.39515108259619,2.6));
#2588=CARTESIAN_POINT('',(19.0841432293935,5.05101716907919,2.5));
#2589=CARTESIAN_POINT('Ctrl Pts',(19.3037887295766,6.39515108259619,2.5));
#2590=CARTESIAN_POINT('Ctrl Pts',(19.2397255108433,6.17600778772874,2.5));
#2591=CARTESIAN_POINT('Ctrl Pts',(19.1113822478498,5.73697949532427,2.5));
#2592=CARTESIAN_POINT('Ctrl Pts',(19.0932331227036,5.2799286612579,2.5));
#2593=CARTESIAN_POINT('Ctrl Pts',(19.0841432293935,5.05101716907919,2.5));
#2594=CARTESIAN_POINT('',(19.0841432293935,5.05101716907919,2.6));
#2595=CARTESIAN_POINT('Ctrl Pts',(19.0841432293935,5.05101716907919,2.6));
#2596=CARTESIAN_POINT('Ctrl Pts',(19.0932331227036,5.2799286612579,2.6));
#2597=CARTESIAN_POINT('Ctrl Pts',(19.1113822478498,5.73697949532427,2.6));
#2598=CARTESIAN_POINT('Ctrl Pts',(19.2397255108433,6.17600778772874,2.6));
#2599=CARTESIAN_POINT('Ctrl Pts',(19.3037887295766,6.39515108259619,2.6));
#2600=CARTESIAN_POINT('',(19.0841432293935,5.05101716907919,2.5));
#2601=CARTESIAN_POINT('Ctrl Pts',(19.3443747242971,3.49201298149527,2.5));
#2602=CARTESIAN_POINT('Ctrl Pts',(19.3443747242971,3.49201298149527,2.6));
#2603=CARTESIAN_POINT('Ctrl Pts',(19.2685396145513,3.73108867432739,2.5));
#2604=CARTESIAN_POINT('Ctrl Pts',(19.2685396145513,3.73108867432739,2.6));
#2605=CARTESIAN_POINT('Ctrl Pts',(19.1077487766468,4.23799347214394,2.5));
#2606=CARTESIAN_POINT('Ctrl Pts',(19.1077487766468,4.23799347214394,2.6));
#2607=CARTESIAN_POINT('Ctrl Pts',(19.0923037766094,4.76995110459687,2.5));
#2608=CARTESIAN_POINT('Ctrl Pts',(19.0923037766094,4.76995110459687,2.6));
#2609=CARTESIAN_POINT('Ctrl Pts',(19.0841432293935,5.05101716907919,2.5));
#2610=CARTESIAN_POINT('Ctrl Pts',(19.0841432293935,5.05101716907919,2.6));
#2611=CARTESIAN_POINT('',(19.3443747242971,3.49201298149527,2.5));
#2612=CARTESIAN_POINT('Ctrl Pts',(19.0841432293935,5.05101716907919,2.5));
#2613=CARTESIAN_POINT('Ctrl Pts',(19.0923037766094,4.76995110459687,2.5));
#2614=CARTESIAN_POINT('Ctrl Pts',(19.1077487766468,4.23799347214394,2.5));
#2615=CARTESIAN_POINT('Ctrl Pts',(19.2685396145513,3.73108867432739,2.5));
#2616=CARTESIAN_POINT('Ctrl Pts',(19.3443747242971,3.49201298149527,2.5));
#2617=CARTESIAN_POINT('',(19.3443747242971,3.49201298149527,2.6));
#2618=CARTESIAN_POINT('Ctrl Pts',(19.3443747242971,3.49201298149527,2.6));
#2619=CARTESIAN_POINT('Ctrl Pts',(19.2685396145513,3.73108867432739,2.6));
#2620=CARTESIAN_POINT('Ctrl Pts',(19.1077487766468,4.23799347214394,2.6));
#2621=CARTESIAN_POINT('Ctrl Pts',(19.0923037766094,4.76995110459687,2.6));
#2622=CARTESIAN_POINT('Ctrl Pts',(19.0841432293935,5.05101716907919,2.6));
#2623=CARTESIAN_POINT('',(19.3443747242971,3.49201298149527,2.5));
#2624=CARTESIAN_POINT('Ctrl Pts',(20.1537199696584,2.49644673260153,2.5));
#2625=CARTESIAN_POINT('Ctrl Pts',(20.1537199696584,2.49644673260153,2.6));
#2626=CARTESIAN_POINT('Ctrl Pts',(19.9815183179582,2.62344802670404,2.5));
#2627=CARTESIAN_POINT('Ctrl Pts',(19.9815183179582,2.62344802670404,2.6));
#2628=CARTESIAN_POINT('Ctrl Pts',(19.6264954658228,2.88528269095958,2.5));
#2629=CARTESIAN_POINT('Ctrl Pts',(19.6264954658228,2.88528269095958,2.6));
#2630=CARTESIAN_POINT('Ctrl Pts',(19.4402717643162,3.28577632325577,2.5));
#2631=CARTESIAN_POINT('Ctrl Pts',(19.4402717643162,3.28577632325577,2.6));
#2632=CARTESIAN_POINT('Ctrl Pts',(19.3443747242971,3.49201298149527,2.5));
#2633=CARTESIAN_POINT('Ctrl Pts',(19.3443747242971,3.49201298149527,2.6));
#2634=CARTESIAN_POINT('',(20.1537199696584,2.49644673260153,2.5));
#2635=CARTESIAN_POINT('Ctrl Pts',(19.3443747242971,3.49201298149527,2.5));
#2636=CARTESIAN_POINT('Ctrl Pts',(19.4402717643162,3.28577632325577,2.5));
#2637=CARTESIAN_POINT('Ctrl Pts',(19.6264954658228,2.88528269095958,2.5));
#2638=CARTESIAN_POINT('Ctrl Pts',(19.9815183179582,2.62344802670404,2.5));
#2639=CARTESIAN_POINT('Ctrl Pts',(20.1537199696584,2.49644673260153,2.5));
#2640=CARTESIAN_POINT('',(20.1537199696584,2.49644673260153,2.6));
#2641=CARTESIAN_POINT('Ctrl Pts',(20.1537199696584,2.49644673260153,2.6));
#2642=CARTESIAN_POINT('Ctrl Pts',(19.9815183179582,2.62344802670404,2.6));
#2643=CARTESIAN_POINT('Ctrl Pts',(19.6264954658228,2.88528269095958,2.6));
#2644=CARTESIAN_POINT('Ctrl Pts',(19.4402717643162,3.28577632325577,2.6));
#2645=CARTESIAN_POINT('Ctrl Pts',(19.3443747242971,3.49201298149527,2.6));
#2646=CARTESIAN_POINT('',(20.1537199696584,2.49644673260153,2.5));
#2647=CARTESIAN_POINT('Ctrl Pts',(21.3426705082937,2.16697907837332,2.5));
#2648=CARTESIAN_POINT('Ctrl Pts',(21.3426705082937,2.16697907837332,2.6));
#2649=CARTESIAN_POINT('Ctrl Pts',(21.1331515296345,2.18071878085192,2.5));
#2650=CARTESIAN_POINT('Ctrl Pts',(21.1331515296345,2.18071878085192,2.6));
#2651=CARTESIAN_POINT('Ctrl Pts',(20.7140211303512,2.20820424790958,2.5));
#2652=CARTESIAN_POINT('Ctrl Pts',(20.7140211303512,2.20820424790958,2.6));
#2653=CARTESIAN_POINT('Ctrl Pts',(20.3405144830049,2.40035177790389,2.5));
#2654=CARTESIAN_POINT('Ctrl Pts',(20.3405144830049,2.40035177790389,2.6));
#2655=CARTESIAN_POINT('Ctrl Pts',(20.1537199696584,2.49644673260153,2.5));
#2656=CARTESIAN_POINT('Ctrl Pts',(20.1537199696584,2.49644673260153,2.6));
#2657=CARTESIAN_POINT('',(21.3426705082937,2.16697907837332,2.5));
#2658=CARTESIAN_POINT('Ctrl Pts',(20.1537199696584,2.49644673260153,2.5));
#2659=CARTESIAN_POINT('Ctrl Pts',(20.3405144830049,2.40035177790389,2.5));
#2660=CARTESIAN_POINT('Ctrl Pts',(20.7140211303512,2.20820424790958,2.5));
#2661=CARTESIAN_POINT('Ctrl Pts',(21.1331515296345,2.18071878085192,2.5));
#2662=CARTESIAN_POINT('Ctrl Pts',(21.3426705082937,2.16697907837332,2.5));
#2663=CARTESIAN_POINT('',(21.3426705082937,2.16697907837332,2.6));
#2664=CARTESIAN_POINT('Ctrl Pts',(21.3426705082937,2.16697907837332,2.6));
#2665=CARTESIAN_POINT('Ctrl Pts',(21.1331515296345,2.18071878085192,2.6));
#2666=CARTESIAN_POINT('Ctrl Pts',(20.7140211303512,2.20820424790958,2.6));
#2667=CARTESIAN_POINT('Ctrl Pts',(20.3405144830049,2.40035177790389,2.6));
#2668=CARTESIAN_POINT('Ctrl Pts',(20.1537199696584,2.49644673260153,2.6));
#2669=CARTESIAN_POINT('',(21.3426705082937,2.16697907837332,2.5));
#2670=CARTESIAN_POINT('Ctrl Pts',(22.6605411252065,2.615819338879,2.5));
#2671=CARTESIAN_POINT('Ctrl Pts',(22.6605411252065,2.615819338879,2.6));
#2672=CARTESIAN_POINT('Ctrl Pts',(22.4672576505385,2.48493660878277,2.5));
#2673=CARTESIAN_POINT('Ctrl Pts',(22.4672576505385,2.48493660878277,2.6));
#2674=CARTESIAN_POINT('Ctrl Pts',(22.0694414923554,2.21555369879092,2.5));
#2675=CARTESIAN_POINT('Ctrl Pts',(22.0694414923554,2.21555369879092,2.6));
#2676=CARTESIAN_POINT('Ctrl Pts',(21.589451790801,2.18347300477771,2.5));
#2677=CARTESIAN_POINT('Ctrl Pts',(21.589451790801,2.18347300477771,2.6));
#2678=CARTESIAN_POINT('Ctrl Pts',(21.3426705082937,2.16697907837332,2.5));
#2679=CARTESIAN_POINT('Ctrl Pts',(21.3426705082937,2.16697907837332,2.6));
#2680=CARTESIAN_POINT('',(22.6605411252065,2.615819338879,2.5));
#2681=CARTESIAN_POINT('Ctrl Pts',(21.3426705082937,2.16697907837332,2.5));
#2682=CARTESIAN_POINT('Ctrl Pts',(21.589451790801,2.18347300477771,2.5));
#2683=CARTESIAN_POINT('Ctrl Pts',(22.0694414923554,2.21555369879092,2.5));
#2684=CARTESIAN_POINT('Ctrl Pts',(22.4672576505385,2.48493660878277,2.5));
#2685=CARTESIAN_POINT('Ctrl Pts',(22.6605411252065,2.615819338879,2.5));
#2686=CARTESIAN_POINT('',(22.6605411252065,2.615819338879,2.6));
#2687=CARTESIAN_POINT('Ctrl Pts',(22.6605411252065,2.615819338879,2.6));
#2688=CARTESIAN_POINT('Ctrl Pts',(22.4672576505385,2.48493660878277,2.6));
#2689=CARTESIAN_POINT('Ctrl Pts',(22.0694414923554,2.21555369879092,2.6));
#2690=CARTESIAN_POINT('Ctrl Pts',(21.589451790801,2.18347300477771,2.6));
#2691=CARTESIAN_POINT('Ctrl Pts',(21.3426705082937,2.16697907837332,2.6));
#2692=CARTESIAN_POINT('',(22.6605411252065,2.615819338879,2.5));
#2693=CARTESIAN_POINT('Ctrl Pts',(23.3911009511037,3.9480159321636,2.5));
#2694=CARTESIAN_POINT('Ctrl Pts',(23.3911009511037,3.9480159321636,2.6));
#2695=CARTESIAN_POINT('Ctrl Pts',(23.3198046329996,3.67770363428142,2.5));
#2696=CARTESIAN_POINT('Ctrl Pts',(23.3198046329996,3.67770363428142,2.6));
#2697=CARTESIAN_POINT('Ctrl Pts',(23.1863228034576,3.17162167902056,2.5));
#2698=CARTESIAN_POINT('Ctrl Pts',(23.1863228034576,3.17162167902056,2.6));
#2699=CARTESIAN_POINT('Ctrl Pts',(22.827641073532,2.7924602264538,2.5));
#2700=CARTESIAN_POINT('Ctrl Pts',(22.827641073532,2.7924602264538,2.6));
#2701=CARTESIAN_POINT('Ctrl Pts',(22.6605411252065,2.615819338879,2.5));
#2702=CARTESIAN_POINT('Ctrl Pts',(22.6605411252065,2.615819338879,2.6));
#2703=CARTESIAN_POINT('Ctrl Pts',(22.6605411252065,2.615819338879,2.5));
#2704=CARTESIAN_POINT('Ctrl Pts',(22.827641073532,2.7924602264538,2.5));
#2705=CARTESIAN_POINT('Ctrl Pts',(23.1863228034576,3.17162167902056,2.5));
#2706=CARTESIAN_POINT('Ctrl Pts',(23.3198046329996,3.67770363428142,2.5));
#2707=CARTESIAN_POINT('Ctrl Pts',(23.3911009511037,3.9480159321636,2.5));
#2708=CARTESIAN_POINT('Ctrl Pts',(23.3911009511037,3.9480159321636,2.6));
#2709=CARTESIAN_POINT('Ctrl Pts',(23.3198046329996,3.67770363428142,2.6));
#2710=CARTESIAN_POINT('Ctrl Pts',(23.1863228034576,3.17162167902056,2.6));
#2711=CARTESIAN_POINT('Ctrl Pts',(22.827641073532,2.7924602264538,2.6));
#2712=CARTESIAN_POINT('Ctrl Pts',(22.6605411252065,2.615819338879,2.6));
#2713=CARTESIAN_POINT('Origin',(12.4732976784988,4.99371803196371,2.6));
#2714=CARTESIAN_POINT('Origin',(12.4732976784988,4.99371803196371,2.5));
#2715=CARTESIAN_POINT('Origin',(0.62916431632476,8.49371827038228,2.5));
#2716=CARTESIAN_POINT('',(0.629164316324756,1.49371838959158,2.5));
#2717=CARTESIAN_POINT('',(0.62916431632476,8.49371827038228,2.5));
#2718=CARTESIAN_POINT('',(0.629164316324756,1.49371838959158,2.5));
#2719=CARTESIAN_POINT('',(0.629164316324756,1.49371838959158,2.6));
#2720=CARTESIAN_POINT('',(0.629164316324756,1.49371838959158,2.5));
#2721=CARTESIAN_POINT('',(0.62916431632476,8.49371827038228,2.6));
#2722=CARTESIAN_POINT('',(0.629164316324756,1.49371838959158,2.6));
#2723=CARTESIAN_POINT('',(0.62916431632476,8.49371827038228,2.5));
#2724=CARTESIAN_POINT('Origin',(1.55549440589385,8.49371827038228,2.5));
#2725=CARTESIAN_POINT('',(1.55549440589385,8.49371827038228,2.5));
#2726=CARTESIAN_POINT('',(0.62916431632476,8.49371827038228,2.5));
#2727=CARTESIAN_POINT('',(1.55549440589385,8.49371827038228,2.6));
#2728=CARTESIAN_POINT('',(0.62916431632476,8.49371827038228,2.6));
#2729=CARTESIAN_POINT('',(1.55549440589385,8.49371827038228,2.5));
#2730=CARTESIAN_POINT('Origin',(1.55549440589385,1.49371838959158,2.5));
#2731=CARTESIAN_POINT('',(1.55549440589385,1.49371838959158,2.5));
#2732=CARTESIAN_POINT('',(1.55549440589385,8.49371827038228,2.5));
#2733=CARTESIAN_POINT('',(1.55549440589385,1.49371838959158,2.6));
#2734=CARTESIAN_POINT('',(1.55549440589385,8.49371827038228,2.6));
#2735=CARTESIAN_POINT('',(1.55549440589385,1.49371838959158,2.5));
#2736=CARTESIAN_POINT('Origin',(0.629164316324756,1.49371838959157,2.5));
#2737=CARTESIAN_POINT('',(1.55549440589385,1.49371838959158,2.5));
#2738=CARTESIAN_POINT('',(1.55549440589385,1.49371838959158,2.6));
#2739=CARTESIAN_POINT('Origin',(12.4732976784988,4.99371803196371,2.6));
#2740=CARTESIAN_POINT('Origin',(12.4732976784988,4.99371803196371,2.5));
#2741=UNCERTAINTY_MEASURE_WITH_UNIT(LENGTH_MEASURE(0.01),#2745,
'DISTANCE_ACCURACY_VALUE',
'Maximum model space distance between geometric entities at asserted c
onnectivities');
#2742=UNCERTAINTY_MEASURE_WITH_UNIT(LENGTH_MEASURE(0.01),#2745,
'DISTANCE_ACCURACY_VALUE',
'Maximum model space distance between geometric entities at asserted c
onnectivities');
#2743=(
GEOMETRIC_REPRESENTATION_CONTEXT(3)
GLOBAL_UNCERTAINTY_ASSIGNED_CONTEXT((#2741))
GLOBAL_UNIT_ASSIGNED_CONTEXT((#2745,#2747,#2748))
REPRESENTATION_CONTEXT('','3D')
);
#2744=(
GEOMETRIC_REPRESENTATION_CONTEXT(3)
GLOBAL_UNCERTAINTY_ASSIGNED_CONTEXT((#2742))
GLOBAL_UNIT_ASSIGNED_CONTEXT((#2745,#2747,#2748))
REPRESENTATION_CONTEXT('','3D')
);
#2745=(
LENGTH_UNIT()
NAMED_UNIT(*)
SI_UNIT(.MILLI.,.METRE.)
);
#2746=(
LENGTH_UNIT()
NAMED_UNIT(*)
SI_UNIT($,.METRE.)
);
#2747=(
NAMED_UNIT(*)
PLANE_ANGLE_UNIT()
SI_UNIT($,.RADIAN.)
);
#2748=(
NAMED_UNIT(*)
SI_UNIT($,.STERADIAN.)
SOLID_ANGLE_UNIT()
);
#2749=SHAPE_DEFINITION_REPRESENTATION(#2750,#2751);
#2750=PRODUCT_DEFINITION_SHAPE('',$,#2753);
#2751=SHAPE_REPRESENTATION('',(#1545),#2743);
#2752=PRODUCT_DEFINITION_CONTEXT('part definition',#2757,'design');
#2753=PRODUCT_DEFINITION('(Unsaved)','(Unsaved)',#2754,#2752);
#2754=PRODUCT_DEFINITION_FORMATION('',$,#2759);
#2755=PRODUCT_RELATED_PRODUCT_CATEGORY('(Unsaved)','(Unsaved)',(#2759));
#2756=APPLICATION_PROTOCOL_DEFINITION('international standard',
'automotive_design',2009,#2757);
#2757=APPLICATION_CONTEXT(
'Core Data for Automotive Mechanical Design Process');
#2758=PRODUCT_CONTEXT('part definition',#2757,'mechanical');
#2759=PRODUCT('(Unsaved)','(Unsaved)',$,(#2758));
#2760=PRESENTATION_STYLE_ASSIGNMENT((#2761));
#2761=SURFACE_STYLE_USAGE(.BOTH.,#2762);
#2762=SURFACE_SIDE_STYLE('',(#2763));
#2763=SURFACE_STYLE_FILL_AREA(#2764);
#2764=FILL_AREA_STYLE('Steel - Satin',(#2765));
#2765=FILL_AREA_STYLE_COLOUR('Steel - Satin',#2766);
#2766=COLOUR_RGB('Steel - Satin',0.627450980392157,0.627450980392157,0.627450980392157);
ENDSEC;
END-ISO-10303-21;
